<?xml version="1.0"?>
<MontlyReport xmlns:xsi="http://www.w3.org/2001/XMLSchema-instance" xmlns:xsd="http://www.w3.org/2001/XMLSchema">
  <UserInfo>АЛЕКСАНДР КОРЗУН 220051  д.65 кв.21 улица СЛОБОДСКАЯ город МИНСК Минская область</UserInfo>
  <PeriodInfo>Период выписки: 08.05.2015  08.08.2015</PeriodInfo>
  <AccountNumber>........5705</AccountNumber>
  <AccountCurrency>BYR</AccountCurrency>
  <ImmutableBalance>0.00</ImmutableBalance>
  <MinBalance>0.00</MinBalance>
  <AvailibleCredit>0</AvailibleCredit>
  <PrevBalance>0.00</PrevBalance>
  <TransactionItems>
    <TransactionItem>
      <RegistrationDate>2015-06-15T00:00:00</RegistrationDate>
      <TransactionDate>2015-06-15T00:00:00</TransactionDate>
      <Description>Поступление на контракт клиента 749116-00081-010420</Description>
      <Currency>BYR</Currency>
      <AmountByCurrency>3579999.00</AmountByCurrency>
      <AmountByAccount>3579999.00</AmountByAccount>
    </TransactionItem>
    <TransactionItem>
      <RegistrationDate>2015-07-01T00:00:00</RegistrationDate>
      <TransactionDate>2015-07-01T00:00:00</TransactionDate>
      <Description>Поступление на контракт клиента 749116-00081-010420</Description>
      <Currency>BYR</Currency>
      <AmountByCurrency>1000000.00</AmountByCurrency>
      <AmountByAccount>1000000.00</AmountByAccount>
    </TransactionItem>
    <TransactionItem>
      <RegistrationDate>2015-07-15T00:00:00</RegistrationDate>
      <TransactionDate>2015-07-15T00:00:00</TransactionDate>
      <Description>Поступление на контракт клиента 749116-00081-010420</Description>
      <Currency>BYR</Currency>
      <AmountByCurrency>14330000.00</AmountByCurrency>
      <AmountByAccount>14330000.00</AmountByAccount>
    </TransactionItem>
    <TransactionItem>
      <RegistrationDate>2015-07-31T00:00:00</RegistrationDate>
      <TransactionDate>2015-07-31T00:00:00</TransactionDate>
      <Description>Поступление на контракт клиента 749116-00081-010420</Description>
      <Currency>BYR</Currency>
      <AmountByCurrency>1000009.00</AmountByCurrency>
      <AmountByAccount>1000009.00</AmountByAccount>
    </TransactionItem>
    <TransactionItem>
      <RegistrationDate>2015-06-15T00:00:00</RegistrationDate>
      <TransactionDate>2015-06-15T00:00:00</TransactionDate>
      <Description>ATM BLR MINSK 0252554/ATM N112 EVROPEYS</Description>
      <Currency>BYR</Currency>
      <AmountByCurrency>-3500000.00</AmountByCurrency>
      <AmountByAccount>-3500000.00</AmountByAccount>
    </TransactionItem>
    <TransactionItem>
      <RegistrationDate>2015-06-15T00:00:00</RegistrationDate>
      <TransactionDate>2015-06-15T00:00:00</TransactionDate>
      <Description>Коммиссия</Description>
      <Currency>BYR</Currency>
      <AmountByCurrency>-70000.00</AmountByCurrency>
      <AmountByAccount>-70000.00</AmountByAccount>
    </TransactionItem>
    <TransactionItem>
      <RegistrationDate>2015-07-01T00:00:00</RegistrationDate>
      <TransactionDate>2015-06-30T00:00:00</TransactionDate>
      <Description>Коммиссия</Description>
      <Currency>BYR</Currency>
      <AmountByCurrency>-8500.00</AmountByCurrency>
      <AmountByAccount>-8500.00</AmountByAccount>
    </TransactionItem>
    <TransactionItem>
      <RegistrationDate>2015-07-01T00:00:00</RegistrationDate>
      <TransactionDate>2015-07-01T00:00:00</TransactionDate>
      <Description>Коммиссия</Description>
      <Currency>BYR</Currency>
      <AmountByCurrency>-8000.00</AmountByCurrency>
      <AmountByAccount>-8000.00</AmountByAccount>
    </TransactionItem>
    <TransactionItem>
      <RegistrationDate>2015-07-02T00:00:00</RegistrationDate>
      <TransactionDate>2015-07-01T00:00:00</TransactionDate>
      <Description>ATM BLR MINSK 0252554/ATM N112 EVROPEYS</Description>
      <Currency>BYR</Currency>
      <AmountByCurrency>-900000.00</AmountByCurrency>
      <AmountByAccount>-900000.00</AmountByAccount>
    </TransactionItem>
    <TransactionItem>
      <RegistrationDate>2015-07-02T00:00:00</RegistrationDate>
      <TransactionDate>2015-07-01T00:00:00</TransactionDate>
      <Description>Коммиссия</Description>
      <Currency>BYR</Currency>
      <AmountByCurrency>-30000.00</AmountByCurrency>
      <AmountByAccount>-30000.00</AmountByAccount>
    </TransactionItem>
    <TransactionItem>
      <RegistrationDate>2015-07-16T00:00:00</RegistrationDate>
      <TransactionDate>2015-07-16T00:00:00</TransactionDate>
      <Description>Коммиссия</Description>
      <Currency>BYR</Currency>
      <AmountByCurrency>-8000.00</AmountByCurrency>
      <AmountByAccount>-8000.00</AmountByAccount>
    </TransactionItem>
    <TransactionItem>
      <RegistrationDate>2015-07-16T00:00:00</RegistrationDate>
      <TransactionDate>2015-07-16T00:00:00</TransactionDate>
      <Description>ATM BLR MINSK 0915590/"GASPADAR" MGD BR</Description>
      <Currency>BYR</Currency>
      <AmountByCurrency>-700000.00</AmountByCurrency>
      <AmountByAccount>-700000.00</AmountByAccount>
    </TransactionItem>
    <TransactionItem>
      <RegistrationDate>2015-07-16T00:00:00</RegistrationDate>
      <TransactionDate>2015-07-15T00:00:00</TransactionDate>
      <Description>ATM BLR MINSK 0252554/ATM N112 EVROPEYS</Description>
      <Currency>BYR</Currency>
      <AmountByCurrency>-6000000.00</AmountByCurrency>
      <AmountByAccount>-6000000.00</AmountByAccount>
    </TransactionItem>
    <TransactionItem>
      <RegistrationDate>2015-07-16T00:00:00</RegistrationDate>
      <TransactionDate>2015-07-15T00:00:00</TransactionDate>
      <Description>Коммиссия</Description>
      <Currency>BYR</Currency>
      <AmountByCurrency>-120000.00</AmountByCurrency>
      <AmountByAccount>-120000.00</AmountByAccount>
    </TransactionItem>
    <TransactionItem>
      <RegistrationDate>2015-07-16T00:00:00</RegistrationDate>
      <TransactionDate>2015-07-16T00:00:00</TransactionDate>
      <Description>ATM BLR MINSK 0915590/"GASPADAR" MGD BR</Description>
      <Currency>USD</Currency>
      <AmountByCurrency>-200.00</AmountByCurrency>
      <AmountByAccount>-3090000.00</AmountByAccount>
    </TransactionItem>
    <TransactionItem>
      <RegistrationDate>2015-07-16T00:00:00</RegistrationDate>
      <TransactionDate>2015-07-16T00:00:00</TransactionDate>
      <Description>ATM BLR MINSK 0915590/"GASPADAR" MGD BR</Description>
      <Currency>BYR</Currency>
      <AmountByCurrency>-4000000.00</AmountByCurrency>
      <AmountByAccount>-4000000.00</AmountByAccount>
    </TransactionItem>
    <TransactionItem>
      <RegistrationDate>2015-07-17T00:00:00</RegistrationDate>
      <TransactionDate>2015-07-15T00:00:00</TransactionDate>
      <Description>Retail BLR MINSK UNIVERSAM "EVROPEISKIY"</Description>
      <Currency>BYR</Currency>
      <AmountByCurrency>-372000.00</AmountByCurrency>
      <AmountByAccount>-372000.00</AmountByAccount>
    </TransactionItem>
    <TransactionItem>
      <RegistrationDate>2015-08-01T00:00:00</RegistrationDate>
      <TransactionDate>2015-07-31T00:00:00</TransactionDate>
      <Description>Коммиссия</Description>
      <Currency>BYR</Currency>
      <AmountByCurrency>-8500.00</AmountByCurrency>
      <AmountByAccount>-8500.00</AmountByAccount>
    </TransactionItem>
    <TransactionItem>
      <RegistrationDate>2015-08-04T00:00:00</RegistrationDate>
      <TransactionDate>2015-08-04T00:00:00</TransactionDate>
      <Description>ATM BLR MINSK NIISA ATM 020</Description>
      <Currency>BYR</Currency>
      <AmountByCurrency>-1000000.00</AmountByCurrency>
      <AmountByAccount>-1000000.00</AmountByAccount>
    </TransactionItem>
  </TransactionItems>
</MontlyReport>