<?xml version="1.0"?>
<MontlyReport xmlns:xsi="http://www.w3.org/2001/XMLSchema-instance" xmlns:xsd="http://www.w3.org/2001/XMLSchema">
  <UserInfo>АЛЕКСАНДР КОРЗУН</UserInfo>
  <BancInfo>Приорбанк</BancInfo>
  <ReportInfo>........5705</ReportInfo>
  <PeriodInfo>01.07.2015-31.07.2015</PeriodInfo>
  <CreationInfo>01.08.2015</CreationInfo>
  <AccountNumber>........5705</AccountNumber>
  <AccountCurrency>BYR</AccountCurrency>
  <ImmutableBalance>0</ImmutableBalance>
  <MinBalance>0</MinBalance>
  <AvailibleCredit>0</AvailibleCredit>
  <PrevBalance>1500</PrevBalance>
  <TransactionItems>
    <TransactionItem>
      <RegistrationDate>2015-07-01T00:00:00</RegistrationDate>
      <TransactionDate>2015-07-01T00:00:00</TransactionDate>
      <Description>Поступление на контракт клиента 749116-00081-010420</Description>
      <Currency>BYR</Currency>
      <AmountByCurrency>1000000</AmountByCurrency>
      <AmountByAccount>1000000</AmountByAccount>
    </TransactionItem>
    <TransactionItem>
      <RegistrationDate>2015-07-15T00:00:00</RegistrationDate>
      <TransactionDate>2015-07-15T00:00:00</TransactionDate>
      <Description>Поступление на контракт клиента 749116-00081-010420</Description>
      <Currency>BYR</Currency>
      <AmountByCurrency>14330000</AmountByCurrency>
      <AmountByAccount>14330000</AmountByAccount>
    </TransactionItem>
    <TransactionItem>
      <RegistrationDate>2015-07-31T00:00:00</RegistrationDate>
      <TransactionDate>2015-07-31T00:00:00</TransactionDate>
      <Description>Поступление на контракт клиента 749116-00081-010420</Description>
      <Currency>BYR</Currency>
      <AmountByCurrency>1000009</AmountByCurrency>
      <AmountByAccount>1000009</AmountByAccount>
    </TransactionItem>
    <TransactionItem>
      <RegistrationDate>2015-07-01T00:00:00</RegistrationDate>
      <TransactionDate>2015-07-01T00:00:00</TransactionDate>
      <Description>Баланс в АТМ SMS</Description>
      <Currency>BYR</Currency>
      <AmountByCurrency>-8000</AmountByCurrency>
      <AmountByAccount>-8000</AmountByAccount>
    </TransactionItem>
    <TransactionItem>
      <RegistrationDate>2015-07-02T00:00:00</RegistrationDate>
      <TransactionDate>2015-07-01T00:00:00</TransactionDate>
      <Description>ATM BLR MINSK 0252554/ATM N112 EVROPEYS</Description>
      <Currency>BYR</Currency>
      <AmountByCurrency>-900000</AmountByCurrency>
      <AmountByAccount>-900000</AmountByAccount>
    </TransactionItem>
    <TransactionItem>
      <RegistrationDate>2015-07-02T00:00:00</RegistrationDate>
      <TransactionDate>2015-07-01T00:00:00</TransactionDate>
      <Description>ATM BLR MINSK 0252554/ATM N112 EVROPEYS</Description>
      <Currency>BYR</Currency>
      <AmountByCurrency>-30000</AmountByCurrency>
      <AmountByAccount>-30000</AmountByAccount>
    </TransactionItem>
    <TransactionItem>
      <RegistrationDate>2015-07-16T00:00:00</RegistrationDate>
      <TransactionDate>2015-07-16T00:00:00</TransactionDate>
      <Description>Баланс в АТМ SMS</Description>
      <Currency>BYR</Currency>
      <AmountByCurrency>-8000</AmountByCurrency>
      <AmountByAccount>-8000</AmountByAccount>
    </TransactionItem>
    <TransactionItem>
      <RegistrationDate>2015-07-16T00:00:00</RegistrationDate>
      <TransactionDate>2015-07-16T00:00:00</TransactionDate>
      <Description>ATM BLR MINSK 0915590/"GASPADAR" MGD BR</Description>
      <Currency>BYR</Currency>
      <AmountByCurrency>-700000</AmountByCurrency>
      <AmountByAccount>-700000</AmountByAccount>
    </TransactionItem>
    <TransactionItem>
      <RegistrationDate>2015-07-16T00:00:00</RegistrationDate>
      <TransactionDate>2015-07-15T00:00:00</TransactionDate>
      <Description>ATM BLR MINSK 0252554/ATM N112 EVROPEYS</Description>
      <Currency>BYR</Currency>
      <AmountByCurrency>-6000000</AmountByCurrency>
      <AmountByAccount>-6000000</AmountByAccount>
    </TransactionItem>
    <TransactionItem>
      <RegistrationDate>2015-07-16T00:00:00</RegistrationDate>
      <TransactionDate>2015-07-15T00:00:00</TransactionDate>
      <Description>ATM BLR MINSK 0252554/ATM N112 EVROPEYS</Description>
      <Currency>BYR</Currency>
      <AmountByCurrency>-120000</AmountByCurrency>
      <AmountByAccount>-120000</AmountByAccount>
    </TransactionItem>
    <TransactionItem>
      <RegistrationDate>2015-07-16T00:00:00</RegistrationDate>
      <TransactionDate>2015-07-16T00:00:00</TransactionDate>
      <Description>ATM BLR MINSK 0915590/"GASPADAR" MGD BR</Description>
      <Currency>USD</Currency>
      <AmountByCurrency>-200</AmountByCurrency>
      <AmountByAccount>-3090000</AmountByAccount>
    </TransactionItem>
    <TransactionItem>
      <RegistrationDate>2015-07-16T00:00:00</RegistrationDate>
      <TransactionDate>2015-07-16T00:00:00</TransactionDate>
      <Description>ATM BLR MINSK 0915590/"GASPADAR" MGD BR</Description>
      <Currency>BYR</Currency>
      <AmountByCurrency>-4000000</AmountByCurrency>
      <AmountByAccount>-4000000</AmountByAccount>
    </TransactionItem>
    <TransactionItem>
      <RegistrationDate>2015-07-17T00:00:00</RegistrationDate>
      <TransactionDate>2015-07-15T00:00:00</TransactionDate>
      <Description>Retail BLR MINSK UNIVERSAM "EVROPEISKIY"</Description>
      <Currency>BYR</Currency>
      <AmountByCurrency>-372000</AmountByCurrency>
      <AmountByAccount>-372000</AmountByAccount>
    </TransactionItem>
    <TransactionItem>
      <RegistrationDate>2015-08-01T00:00:00</RegistrationDate>
      <TransactionDate>2015-07-31T00:00:00</TransactionDate>
      <Description>Monthly Fee</Description>
      <Currency>BYR</Currency>
      <AmountByCurrency>-8500</AmountByCurrency>
      <AmountByAccount>-8500</AmountByAccount>
    </TransactionItem>
  </TransactionItems>
</MontlyReport>