<?xml version="1.0"?>
<MontlyReport xmlns:xsi="http://www.w3.org/2001/XMLSchema-instance" xmlns:xsd="http://www.w3.org/2001/XMLSchema">
  <UserInfo>АЛЕКСАНДР КОРЗУН</UserInfo>
  <BancInfo>Приорбанк</BancInfo>
  <ReportInfo>........5705</ReportInfo>
  <PeriodInfo>03.06.2015-30.06.2015</PeriodInfo>
  <CreationInfo>01.07.2015</CreationInfo>
  <AccountNumber>........5705</AccountNumber>
  <AccountCurrency>BYR</AccountCurrency>
  <ImmutableBalance>0</ImmutableBalance>
  <MinBalance>0</MinBalance>
  <AvailibleCredit>0</AvailibleCredit>
  <PrevBalance>0</PrevBalance>
  <TransactionItems>
    <TransactionItem>
      <RegistrationDate>2015-06-15T00:00:00</RegistrationDate>
      <TransactionDate>2015-06-15T00:00:00</TransactionDate>
      <Description>Поступление на контракт клиента 749116-00081-010420</Description>
      <Currency>BYR</Currency>
      <AmountByCurrency>3579999</AmountByCurrency>
      <AmountByAccount>3579999</AmountByAccount>
    </TransactionItem>
    <TransactionItem>
      <RegistrationDate>2015-06-30T00:00:00</RegistrationDate>
      <TransactionDate>2015-06-30T00:00:00</TransactionDate>
      <Description>Поступление на контракт клиента 749116-00081-010420</Description>
      <Currency>BYR</Currency>
      <AmountByCurrency>1</AmountByCurrency>
      <AmountByAccount>1</AmountByAccount>
    </TransactionItem>
    <TransactionItem>
      <RegistrationDate>2015-06-15T00:00:00</RegistrationDate>
      <TransactionDate>2015-06-15T00:00:00</TransactionDate>
      <Description>ATM BLR MINSK 0252554/ATM N112 EVROPEYS</Description>
      <Currency>BYR</Currency>
      <AmountByCurrency>-3500000</AmountByCurrency>
      <AmountByAccount>-3500000</AmountByAccount>
    </TransactionItem>
    <TransactionItem>
      <RegistrationDate>2015-06-15T00:00:00</RegistrationDate>
      <TransactionDate>2015-06-15T00:00:00</TransactionDate>
      <Description>Коммисия за снятие средств</Description>
      <Currency>BYR</Currency>
      <AmountByCurrency>-70000</AmountByCurrency>
      <AmountByAccount>-70000</AmountByAccount>
    </TransactionItem>
    <TransactionItem>
      <RegistrationDate>2015-07-01T00:00:00</RegistrationDate>
      <TransactionDate>2015-06-30T00:00:00</TransactionDate>
      <Description>Monthly Fee</Description>
      <Currency>BYR</Currency>
      <AmountByCurrency>-8500</AmountByCurrency>
      <AmountByAccount>-8500</AmountByAccount>
    </TransactionItem>
  </TransactionItems>
</MontlyReport>