<?xml version="1.0"?>
<MontlyReport xmlns:xsi="http://www.w3.org/2001/XMLSchema-instance" xmlns:xsd="http://www.w3.org/2001/XMLSchema">
  <UserInfo>АЛЕКСАНДР КОРЗУН</UserInfo>
  <BancInfo>Приорбанк</BancInfo>
  <ReportInfo>........5705</ReportInfo>
  <PeriodInfo>01.08.2015-30.08.2015</PeriodInfo>
  <CreationInfo>01.09.2015</CreationInfo>
  <AccountNumber>........5705</AccountNumber>
  <AccountCurrency>BYR</AccountCurrency>
  <ImmutableBalance>0</ImmutableBalance>
  <MinBalance>0</MinBalance>
  <AvailibleCredit>0</AvailibleCredit>
  <PrevBalance>1095009</PrevBalance>
  <TransactionItems>
    <TransactionItem>
      <RegistrationDate>2015-08-14T00:00:00</RegistrationDate>
      <TransactionDate>2015-08-14T00:00:00</TransactionDate>
      <Description>Поступление на контракт клиента 749116-00081-010420</Description>
      <Currency>BYR</Currency>
      <AmountByCurrency>14264499</AmountByCurrency>
      <AmountByAccount>14264499</AmountByAccount>
    </TransactionItem>
    <TransactionItem>
      <RegistrationDate>2015-08-04T00:00:00</RegistrationDate>
      <TransactionDate>2015-08-04T00:00:00</TransactionDate>
      <Description>ATM BLR MINSK NIISA ATM 020</Description>
      <Currency>BYR</Currency>
      <AmountByCurrency>-1000000</AmountByCurrency>
      <AmountByAccount>-1000000</AmountByAccount>
    </TransactionItem>
    <TransactionItem>
      <RegistrationDate>2015-08-14T00:00:00</RegistrationDate>
      <TransactionDate>2015-08-14T00:00:00</TransactionDate>
      <Description>ATM BLR MINSK NIISA ATM 020</Description>
      <Currency>BYR</Currency>
      <AmountByCurrency>-6000000</AmountByCurrency>
      <AmountByAccount>-6000000</AmountByAccount>
    </TransactionItem>
    <TransactionItem>
      <RegistrationDate>2015-08-15T00:00:00</RegistrationDate>
      <TransactionDate>2015-08-15T00:00:00</TransactionDate>
      <Description>ATM BLR MINSK NIISA ATM 020</Description>
      <Currency>BYR</Currency>
      <AmountByCurrency>-6000000</AmountByCurrency>
      <AmountByAccount>-6000000</AmountByAccount>
    </TransactionItem>
    <TransactionItem>
      <RegistrationDate>2015-08-15T00:00:00</RegistrationDate>
      <TransactionDate>2015-08-15T00:00:00</TransactionDate>
      <Description>ATM BLR MINSK NIISA ATM 020</Description>
      <Currency>BYR</Currency>
      <AmountByCurrency>-2000000</AmountByCurrency>
      <AmountByAccount>-2000000</AmountByAccount>
    </TransactionItem>
    <TransactionItem>
      <RegistrationDate>2015-08-15T00:00:00</RegistrationDate>
      <TransactionDate>2015-08-15T00:00:00</TransactionDate>
      <Description>ATM BLR MINSK NIISA ATM 020</Description>
      <Currency>BYR</Currency>
      <AmountByCurrency>-350000</AmountByCurrency>
      <AmountByAccount>-350000</AmountByAccount>
    </TransactionItem>
    <TransactionItem>
      <RegistrationDate>2015-09-01T00:00:00</RegistrationDate>
      <TransactionDate>2015-08-31T00:00:00</TransactionDate>
      <Description>Monthly Fee</Description>
      <Currency>BYR</Currency>
      <AmountByCurrency>-8500</AmountByCurrency>
      <AmountByAccount>-8500</AmountByAccount>
    </TransactionItem>
  </TransactionItems>
</MontlyReport>