<?xml version="1.0"?>
<MontlyReport xmlns:xsi="http://www.w3.org/2001/XMLSchema-instance" xmlns:xsd="http://www.w3.org/2001/XMLSchema">
  <UserInfo>АЛЕКСАНДР ВАЛЕРЬЕВИЧ КОРЗУН СЛОБОДСКАЯ, д.65, кв.27, Минск, Belarus,</UserInfo>
  <BancInfo>БЕЛИНВЕСТБАНК ГОПЕРу пр.Машерова, 29 Минск 220002</BancInfo>
  <ReportInfo>EC/MC Выписка по картам 1642095-2015/0202</ReportInfo>
  <PeriodInfo>Расчетный цикл 06-01-2015по02-02-2015</PeriodInfo>
  <CreationInfo>Сформировано 05-02-2015 14:12:37</CreationInfo>
  <AccountNumber>739001RUB0000A05A1A</AccountNumber>
  <AccountCurrency>RUB</AccountCurrency>
  <ImmutableBalance>10000.00</ImmutableBalance>
  <MinBalance>0.00</MinBalance>
  <AvailibleCredit>0.00</AvailibleCredit>
  <PrevBalance>40716.14</PrevBalance>
  <TransactionItems>
    <TransactionItem>
      <RegistrationDate>2015-01-30T00:00:00</RegistrationDate>
      <TransactionDate>2015-01-30T00:00:00</TransactionDate>
      <TransactionCode>4060074/46447486</TransactionCode>
      <Description>Зачисление на счет - начисл. проц-в: КОРЗУН АЛЕКСАНДР ВАЛЕРЬЕВИЧ; 6901878588014-&gt;3014775405034-91kRUB-A05A1A = 189,23 RUB</Description>
      <Currency />
      <AmountByCurrency>0</AmountByCurrency>
      <AmountByAccount>189.23</AmountByAccount>
    </TransactionItem>
    <TransactionItem>
      <RegistrationDate>2015-01-10T00:00:00</RegistrationDate>
      <TransactionDate>2015-01-07T00:00:00</TransactionDate>
      <TransactionCode>1150110/774</TransactionCode>
      <Description>Оплата товаров и услуг - SIGMA - PETROZAVODSK</Description>
      <Currency>RUB</Currency>
      <AmountByCurrency>-972.08</AmountByCurrency>
      <AmountByAccount>-972.08</AmountByAccount>
    </TransactionItem>
    <TransactionItem>
      <RegistrationDate>2015-01-12T00:00:00</RegistrationDate>
      <TransactionDate>2015-01-08T00:00:00</TransactionDate>
      <TransactionCode>1150112/822</TransactionCode>
      <Description>Оплата товаров и услуг - UNIVERSAM SEMYA - PETROZAVODSK</Description>
      <Currency>RUB</Currency>
      <AmountByCurrency>-329.10</AmountByCurrency>
      <AmountByAccount>-329.10</AmountByAccount>
    </TransactionItem>
  </TransactionItems>
</MontlyReport>