<?xml version="1.0"?>
<MontlyReport xmlns:xsi="http://www.w3.org/2001/XMLSchema-instance" xmlns:xsd="http://www.w3.org/2001/XMLSchema">
  <UserInfo>АЛЕКСАНДР ВАЛЕРЬЕВИЧ КОРЗУН СЛОБОДСКАЯ, д.65, кв.27, Минск, Belarus,</UserInfo>
  <BancInfo>БЕЛИНВЕСТБАНК ГОПЕРу пр.Машерова, 29 Минск 220002</BancInfo>
  <ReportInfo>EC/MC Выписка по картам 1642094-2015/0202</ReportInfo>
  <PeriodInfo>Расчетный цикл 06-01-2015по02-02-2015</PeriodInfo>
  <CreationInfo>Сформировано 05-02-2015 14:12:37</CreationInfo>
  <AccountNumber>739001USD0000A05A15</AccountNumber>
  <AccountCurrency>USD</AccountCurrency>
  <ImmutableBalance>300.00</ImmutableBalance>
  <MinBalance>0.00</MinBalance>
  <AvailibleCredit>0.00</AvailibleCredit>
  <PrevBalance>8436.36</PrevBalance>
  <TransactionItems>
    <TransactionItem>
      <RegistrationDate>2015-01-30T00:00:00</RegistrationDate>
      <TransactionDate>2015-01-30T00:00:00</TransactionDate>
      <TransactionCode>4060076/46447262</TransactionCode>
      <Description>Зачисление на счет - начисл. проц-в: КОРЗУН АЛЕКСАНДР ВАЛЕРЬЕВИЧ; 6901870015019-&gt;3014775405018-91kUSD-A05A15 = 34,67 USD</Description>
      <Currency />
      <AmountByCurrency>0</AmountByCurrency>
      <AmountByAccount>34.67</AmountByAccount>
    </TransactionItem>
  </TransactionItems>
</MontlyReport>