<?xml version="1.0"?>
<MontlyReport xmlns:xsi="http://www.w3.org/2001/XMLSchema-instance" xmlns:xsd="http://www.w3.org/2001/XMLSchema">
  <UserInfo>АЛЕКСАНДР ВАЛЕРЬЕВИЧ КОРЗУН СЛОБОДСКАЯ, д.65, кв.27, Минск, Belarus,</UserInfo>
  <BancInfo>БЕЛИНВЕСТБАНК ГОПЕРу пр.Машерова, 29 Минск 220002</BancInfo>
  <ReportInfo>EC/MC Выписка по картам 1399391-2013/0401</ReportInfo>
  <PeriodInfo>Расчетный цикл 01-03-2013по01-04-2013</PeriodInfo>
  <CreationInfo>Сформировано 02-04-2013 11:36:09</CreationInfo>
  <AccountNumber>739001BYR0000746644</AccountNumber>
  <AccountCurrency>BYR</AccountCurrency>
  <ImmutableBalance>0.00</ImmutableBalance>
  <MinBalance>0.00</MinBalance>
  <AvailibleCredit>0.00</AvailibleCredit>
  <PrevBalance>534760.00</PrevBalance>
  <TransactionItems>
    <TransactionItem>
      <RegistrationDate>2013-03-07T00:00:00</RegistrationDate>
      <TransactionDate>2013-03-07T00:00:00</TransactionDate>
      <TransactionCode>3058811/21393930</TransactionCode>
      <Description>Зачисление на счет - зачисл. з/п: КОРЗУН АЛЕКСАНДР ВАЛЕРЬЕВИЧ; 3819250000393-&gt;3014775400013-91kBYR-746644 = 3851510,00 BYR</Description>
      <Currency />
      <AmountByCurrency>0</AmountByCurrency>
      <AmountByAccount>3851510.00</AmountByAccount>
    </TransactionItem>
    <TransactionItem>
      <RegistrationDate>2013-03-25T00:00:00</RegistrationDate>
      <TransactionDate>2013-03-25T00:00:00</TransactionDate>
      <TransactionCode>3079575/26244175</TransactionCode>
      <Description>Зачисление на счет - зачисл. з/п: КОРЗУН АЛЕКСАНДР ВАЛЕРЬЕВИЧ; 3819250000393-&gt;3014775400013-91kBYR-746644 = 804000,00 BYR</Description>
      <Currency />
      <AmountByCurrency>0</AmountByCurrency>
      <AmountByAccount>804000.00</AmountByAccount>
    </TransactionItem>
    <TransactionItem>
      <RegistrationDate>2013-03-29T00:00:00</RegistrationDate>
      <TransactionDate>2013-03-29T00:00:00</TransactionDate>
      <TransactionCode>3086154/27827305</TransactionCode>
      <Description>Зачисление на счет - начисл. проц-в: КОРЗУН АЛЕКСАНДР ВАЛЕРЬЕВИЧ; 9041251010024-&gt;3014775400013-91kBYR-746644 = 5,00 BYR</Description>
      <Currency />
      <AmountByCurrency>0</AmountByCurrency>
      <AmountByAccount>5.00</AmountByAccount>
    </TransactionItem>
    <TransactionItem>
      <RegistrationDate>2013-03-04T00:00:00</RegistrationDate>
      <TransactionDate>2013-03-02T00:00:00</TransactionDate>
      <TransactionCode>999961A/0297052</TransactionCode>
      <Description>Оплата товаров и услуг - VIRTUAL FOR INTERNET BANKIN - MINSK</Description>
      <Currency>BYR</Currency>
      <AmountByCurrency>-10000.00</AmountByCurrency>
      <AmountByAccount>-10000.00</AmountByAccount>
    </TransactionItem>
    <TransactionItem>
      <RegistrationDate>2013-03-04T00:00:00</RegistrationDate>
      <TransactionDate>2013-03-02T00:00:00</TransactionDate>
      <TransactionCode>9061610/0357460</TransactionCode>
      <Description>Выдача наличных - ATM GOPERY BIB - MINSK</Description>
      <Currency>BYR</Currency>
      <AmountByCurrency>-50000.00</AmountByCurrency>
      <AmountByAccount>-50000.00</AmountByAccount>
    </TransactionItem>
    <TransactionItem>
      <RegistrationDate>2013-03-04T00:00:00</RegistrationDate>
      <TransactionDate>2013-03-02T00:00:00</TransactionDate>
      <TransactionCode>920461R/0317302</TransactionCode>
      <Description>Оплата товаров и услуг - PT SHOP "METR" - MINSK</Description>
      <Currency>BYR</Currency>
      <AmountByCurrency>-78950.00</AmountByCurrency>
      <AmountByAccount>-78950.00</AmountByAccount>
    </TransactionItem>
    <TransactionItem>
      <RegistrationDate>2013-03-06T00:00:00</RegistrationDate>
      <TransactionDate>2013-03-05T00:00:00</TransactionDate>
      <TransactionCode>4334640/0481257</TransactionCode>
      <Description>Оплата товаров и услуг - SHOP "LAKOMKA" - MINSK</Description>
      <Currency>BYR</Currency>
      <AmountByCurrency>-17100.00</AmountByCurrency>
      <AmountByAccount>-17100.00</AmountByAccount>
    </TransactionItem>
    <TransactionItem>
      <RegistrationDate>2013-03-06T00:00:00</RegistrationDate>
      <TransactionDate>2013-03-05T00:00:00</TransactionDate>
      <TransactionCode>9061641/1430898</TransactionCode>
      <Description>Выдача наличных - ATM GOPERY BIB - MINSK</Description>
      <Currency>BYR</Currency>
      <AmountByCurrency>-300000.00</AmountByCurrency>
      <AmountByAccount>-300000.00</AmountByAccount>
    </TransactionItem>
    <TransactionItem>
      <RegistrationDate>2013-03-11T00:00:00</RegistrationDate>
      <TransactionDate>2013-03-07T00:00:00</TransactionDate>
      <TransactionCode>9999662/3110762</TransactionCode>
      <Description>Перевод средств - VIRTUAL FOR INTERNET BANKIN - MINSK</Description>
      <Currency>BYR</Currency>
      <AmountByCurrency>-3900000.00</AmountByCurrency>
      <AmountByAccount>-3900000.00</AmountByAccount>
    </TransactionItem>
    <TransactionItem>
      <RegistrationDate>2013-03-18T00:00:00</RegistrationDate>
      <TransactionDate>2013-03-16T00:00:00</TransactionDate>
      <TransactionCode>999975O/6942550</TransactionCode>
      <Description>Оплата товаров и услуг - VIRTUAL FOR INTERNET BANKIN - MINSK</Description>
      <Currency>BYR</Currency>
      <AmountByCurrency>-20000.00</AmountByCurrency>
      <AmountByAccount>-20000.00</AmountByAccount>
    </TransactionItem>
    <TransactionItem>
      <RegistrationDate>2013-03-26T00:00:00</RegistrationDate>
      <TransactionDate>2013-03-25T00:00:00</TransactionDate>
      <TransactionCode>999984J/1369086</TransactionCode>
      <Description>Перевод средств - VIRTUAL FOR INTERNET BANKIN - MINSK</Description>
      <Currency>BYR</Currency>
      <AmountByCurrency>-800000.00</AmountByCurrency>
      <AmountByAccount>-800000.00</AmountByAccount>
    </TransactionItem>
  </TransactionItems>
</MontlyReport>