<?xml version="1.0"?>
<MontlyReport xmlns:xsi="http://www.w3.org/2001/XMLSchema-instance" xmlns:xsd="http://www.w3.org/2001/XMLSchema">
  <UserInfo>АЛЕКСАНДР ВАЛЕРЬЕВИЧ КОРЗУН СЛОБОДСКАЯ, д.65, кв.27, Минск, Belarus,</UserInfo>
  <BancInfo>БЕЛИНВЕСТБАНК ГОПЕРу пр.Машерова, 29 Минск 220002</BancInfo>
  <ReportInfo>EC/MC Выписка по счету клиента No. 1399391-2012/0503</ReportInfo>
  <PeriodInfo>Расчетный цикл 04-04-2012по03-05-2012</PeriodInfo>
  <CreationInfo>Сформировано 04-05-2012 11:25:51</CreationInfo>
  <AccountNumber>739001BYR0000746644</AccountNumber>
  <AccountCurrency>BYR</AccountCurrency>
  <ImmutableBalance>0.00</ImmutableBalance>
  <MinBalance>0.00</MinBalance>
  <AvailibleCredit>0.00</AvailibleCredit>
  <PrevBalance>3037050.00</PrevBalance>
  <TransactionItems>
    <TransactionItem>
      <RegistrationDate>2012-04-10T00:00:00</RegistrationDate>
      <TransactionDate>2012-04-10T00:00:00</TransactionDate>
      <TransactionCode>2639202/37563803</TransactionCode>
      <Description>Зачисление на счет - зачисл. з/п: КОРЗУН АЛЕКСАНДР ВАЛЕРЬЕВИЧ; 3819250000393-&gt;3114250000115-91kBYR-746644 = 1547790,00 BYR</Description>
      <Currency />
      <AmountByCurrency>0</AmountByCurrency>
      <AmountByAccount>1547790.00</AmountByAccount>
    </TransactionItem>
    <TransactionItem>
      <RegistrationDate>2012-04-25T00:00:00</RegistrationDate>
      <TransactionDate>2012-04-25T00:00:00</TransactionDate>
      <TransactionCode>2665955/39521380</TransactionCode>
      <Description>Зачисление на счет - зачисл. з/п: КОРЗУН АЛЕКСАНДР ВАЛЕРЬЕВИЧ; 3819250000393-&gt;3114250000115-91kBYR-746644 = 804000,00 BYR</Description>
      <Currency />
      <AmountByCurrency>0</AmountByCurrency>
      <AmountByAccount>804000.00</AmountByAccount>
    </TransactionItem>
    <TransactionItem>
      <RegistrationDate>2012-04-30T00:00:00</RegistrationDate>
      <TransactionDate>2012-04-30T00:00:00</TransactionDate>
      <TransactionCode>2676925/41213699</TransactionCode>
      <Description>Зачисление на счет - начисл. проц-в: КОРЗУН АЛЕКСАНДР ВАЛЕРЬЕВИЧ; 9043251010048-&gt;3114250000115-91kBYR-746644 = 320,00 BYR</Description>
      <Currency />
      <AmountByCurrency>0</AmountByCurrency>
      <AmountByAccount>320.00</AmountByAccount>
    </TransactionItem>
    <TransactionItem>
      <RegistrationDate>2012-04-09T00:00:00</RegistrationDate>
      <TransactionDate>2012-04-06T00:00:00</TransactionDate>
      <TransactionCode>9061970/8001842</TransactionCode>
      <Description>Выдача наличных - ATM GOPERY BIB - MINSK</Description>
      <Currency>BYR</Currency>
      <AmountByCurrency>-50000.00</AmountByCurrency>
      <AmountByAccount>-50000.00</AmountByAccount>
    </TransactionItem>
    <TransactionItem>
      <RegistrationDate>2012-04-09T00:00:00</RegistrationDate>
      <TransactionDate>2012-04-08T00:00:00</TransactionDate>
      <TransactionCode>9061990/8947687</TransactionCode>
      <Description>Выдача наличных - ATM GOPERY BIB - MINSK</Description>
      <Currency>BYR</Currency>
      <AmountByCurrency>-150000.00</AmountByCurrency>
      <AmountByAccount>-150000.00</AmountByAccount>
    </TransactionItem>
    <TransactionItem>
      <RegistrationDate>2012-04-16T00:00:00</RegistrationDate>
      <TransactionDate>2012-04-15T00:00:00</TransactionDate>
      <TransactionCode>9061-60/2089150</TransactionCode>
      <Description>Выдача наличных - ATM GOPERY BIB - MINSK</Description>
      <Currency>BYR</Currency>
      <AmountByCurrency>-100000.00</AmountByCurrency>
      <AmountByAccount>-100000.00</AmountByAccount>
    </TransactionItem>
    <TransactionItem>
      <RegistrationDate>2012-04-16T00:00:00</RegistrationDate>
      <TransactionDate>2012-04-13T00:00:00</TransactionDate>
      <TransactionCode>3820-40/9523487</TransactionCode>
      <Description>Оплата товаров и услуг - KAFE "PROSPEKT" - MINSK</Description>
      <Currency>BYR</Currency>
      <AmountByCurrency>-31450.00</AmountByCurrency>
      <AmountByAccount>-31450.00</AmountByAccount>
    </TransactionItem>
    <TransactionItem>
      <RegistrationDate>2012-04-16T00:00:00</RegistrationDate>
      <TransactionDate>2012-04-13T00:00:00</TransactionDate>
      <TransactionCode>9061-40/0966406</TransactionCode>
      <Description>Выдача наличных - ATM GOPERY BIB - MINSK</Description>
      <Currency>BYR</Currency>
      <AmountByCurrency>-50000.00</AmountByCurrency>
      <AmountByAccount>-50000.00</AmountByAccount>
    </TransactionItem>
    <TransactionItem>
      <RegistrationDate>2012-04-18T00:00:00</RegistrationDate>
      <TransactionDate>2012-04-17T00:00:00</TransactionDate>
      <TransactionCode>9061-80/2639808</TransactionCode>
      <Description>Выдача наличных - ATM GOPERY BIB - MINSK</Description>
      <Currency>BYR</Currency>
      <AmountByCurrency>-200000.00</AmountByCurrency>
      <AmountByAccount>-200000.00</AmountByAccount>
    </TransactionItem>
    <TransactionItem>
      <RegistrationDate>2012-04-20T00:00:00</RegistrationDate>
      <TransactionDate>2012-04-19T00:00:00</TransactionDate>
      <TransactionCode>9061A00/3494028</TransactionCode>
      <Description>Выдача наличных - ATM GOPERY BIB - MINSK</Description>
      <Currency>BYR</Currency>
      <AmountByCurrency>-300000.00</AmountByCurrency>
      <AmountByAccount>-300000.00</AmountByAccount>
    </TransactionItem>
    <TransactionItem>
      <RegistrationDate>2012-05-02T00:00:00</RegistrationDate>
      <TransactionDate>2012-04-30T00:00:00</TransactionDate>
      <TransactionCode>9205B10/8601934</TransactionCode>
      <Description>Оплата товаров и услуг - PT SHOP "METR" - MINSK</Description>
      <Currency>BYR</Currency>
      <AmountByCurrency>-24550.00</AmountByCurrency>
      <AmountByAccount>-24550.00</AmountByAccount>
    </TransactionItem>
    <TransactionItem>
      <RegistrationDate>2012-05-02T00:00:00</RegistrationDate>
      <TransactionDate>2012-05-01T00:00:00</TransactionDate>
      <TransactionCode>1093B20/9136974</TransactionCode>
      <Description>Оплата товаров и услуг - PT SHOP "METR" - MINSK</Description>
      <Currency>BYR</Currency>
      <AmountByCurrency>-36350.00</AmountByCurrency>
      <AmountByAccount>-36350.00</AmountByAccount>
    </TransactionItem>
  </TransactionItems>
</MontlyReport>