<?xml version="1.0"?>
<MontlyReport xmlns:xsi="http://www.w3.org/2001/XMLSchema-instance" xmlns:xsd="http://www.w3.org/2001/XMLSchema">
  <UserInfo>АЛЕКСАНДР ВАЛЕРЬЕВИЧ КОРЗУН СЛОБОДСКАЯ, д.65, кв.27, Минск, Belarus,</UserInfo>
  <BancInfo>БЕЛИНВЕСТБАНК ГОПЕРу пр.Машерова, 29 Минск 220002</BancInfo>
  <ReportInfo>EC/MC Выписка по картам 1642094-2015/0301</ReportInfo>
  <PeriodInfo>Расчетный цикл 03-02-2015по01-03-2015</PeriodInfo>
  <CreationInfo>Сформировано 02-03-2015 10:31:41</CreationInfo>
  <AccountNumber>739001USD0000A05A15</AccountNumber>
  <AccountCurrency>USD</AccountCurrency>
  <ImmutableBalance>300.00</ImmutableBalance>
  <MinBalance>0.00</MinBalance>
  <AvailibleCredit>0.00</AvailibleCredit>
  <PrevBalance>8471.03</PrevBalance>
  <TransactionItems>
    <TransactionItem>
      <RegistrationDate>2015-02-27T00:00:00</RegistrationDate>
      <TransactionDate>2015-02-27T00:00:00</TransactionDate>
      <TransactionCode>4107230/56694463</TransactionCode>
      <Description>Зачисление на счет - начисл. проц-в: КОРЗУН АЛЕКСАНДР ВАЛЕРЬЕВИЧ; 6901870015019-&gt;3014775405018-91kUSD-A05A15 = 35,56 USD</Description>
      <Currency />
      <AmountByCurrency>0</AmountByCurrency>
      <AmountByAccount>35.56</AmountByAccount>
    </TransactionItem>
    <TransactionItem>
      <RegistrationDate>2015-02-13T00:00:00</RegistrationDate>
      <TransactionDate>2015-02-11T00:00:00</TransactionDate>
      <TransactionCode>1150213/157</TransactionCode>
      <Description>Оплата товаров и услуг - EXPEDIA*197742350576 - EXPEDIA.COM</Description>
      <Currency>USD</Currency>
      <AmountByCurrency>-172.85</AmountByCurrency>
      <AmountByAccount>-172.85</AmountByAccount>
    </TransactionItem>
    <TransactionItem>
      <RegistrationDate>2015-02-20T00:00:00</RegistrationDate>
      <TransactionDate>2015-02-18T00:00:00</TransactionDate>
      <TransactionCode>1150220/4226</TransactionCode>
      <Description>Зачисление перевода / Возврат покупки - EXPEDIA*197742350576 - EXPEDIA.COM</Description>
      <Currency>USD</Currency>
      <AmountByCurrency>172.85</AmountByCurrency>
      <AmountByAccount>172.85</AmountByAccount>
    </TransactionItem>
  </TransactionItems>
</MontlyReport>