<?xml version="1.0"?>
<MontlyReport xmlns:xsi="http://www.w3.org/2001/XMLSchema-instance" xmlns:xsd="http://www.w3.org/2001/XMLSchema">
  <UserInfo>АЛЕКСАНДР ВАЛЕРЬЕВИЧ КОРЗУН УЛ. СЛОБОДСКАЯ Д.65 КВ.27, Г. МИНСК, Belarus, 220051</UserInfo>
  <BancInfo>BELARUSBANK Head Office  </BancInfo>
  <ReportInfo>ECMC Выписка по счету клиента No. 4826182-2012/1201</ReportInfo>
  <PeriodInfo>Расчетный цикл 01-11-2012по01-12-2012</PeriodInfo>
  <CreationInfo>Сформировано 01-12-2012 12:05:06</CreationInfo>
  <AccountNumber>001458000681</AccountNumber>
  <AccountCurrency>BYR</AccountCurrency>
  <ImmutableBalance>0.00</ImmutableBalance>
  <MinBalance>0.00</MinBalance>
  <AvailibleCredit>0.00</AvailibleCredit>
  <PrevBalance>74810.00</PrevBalance>
  <TransactionItems>
    <TransactionItem>
      <RegistrationDate>2012-11-30T00:00:00</RegistrationDate>
      <TransactionDate>2012-11-30T00:00:00</TransactionDate>
      <TransactionCode>411267/73892</TransactionCode>
      <Description>Платежи в счет</Description>
      <Currency />
      <AmountByCurrency>0</AmountByCurrency>
      <AmountByAccount>30.00</AmountByAccount>
    </TransactionItem>
  </TransactionItems>
</MontlyReport>