<?xml version="1.0"?>
<MontlyReport xmlns:xsi="http://www.w3.org/2001/XMLSchema-instance" xmlns:xsd="http://www.w3.org/2001/XMLSchema">
  <UserInfo>АЛЕКСАНДР ВАЛЕРЬЕВИЧ КОРЗУН СЛОБОДСКАЯ, д.65, кв.27, Минск, Belarus,</UserInfo>
  <BancInfo>БЕЛИНВЕСТБАНК ГОПЕРу пр.Машерова, 29 Минск 220002</BancInfo>
  <ReportInfo>EC/MC Выписка по картам 1399391-2012/0801</ReportInfo>
  <PeriodInfo>Расчетный цикл 05-07-2012по01-08-2012</PeriodInfo>
  <CreationInfo>Сформировано 02-08-2012 12:14:08</CreationInfo>
  <AccountNumber>739001BYR0000746644</AccountNumber>
  <AccountCurrency>BYR</AccountCurrency>
  <ImmutableBalance>0.00</ImmutableBalance>
  <MinBalance>0.00</MinBalance>
  <AvailibleCredit>0.00</AvailibleCredit>
  <PrevBalance>1952700.00</PrevBalance>
  <TransactionItems>
    <TransactionItem>
      <RegistrationDate>2012-07-10T00:00:00</RegistrationDate>
      <TransactionDate>2012-07-10T00:00:00</TransactionDate>
      <TransactionCode>2780336/56611032</TransactionCode>
      <Description>Зачисление на счет - зачисл. з/п: КОРЗУН АЛЕКСАНДР ВАЛЕРЬЕВИЧ; 3819250000393-&gt;3114250000115-91kBYR-746644 = 2636940,00 BYR</Description>
      <Currency />
      <AmountByCurrency>0</AmountByCurrency>
      <AmountByAccount>2636940.00</AmountByAccount>
    </TransactionItem>
    <TransactionItem>
      <RegistrationDate>2012-07-25T00:00:00</RegistrationDate>
      <TransactionDate>2012-07-25T00:00:00</TransactionDate>
      <TransactionCode>2797516/60593118</TransactionCode>
      <Description>Зачисление на счет - зачисл. з/п: КОРЗУН АЛЕКСАНДР ВАЛЕРЬЕВИЧ; 3819250000393-&gt;3114250000115-91kBYR-746644 = 804000,00 BYR</Description>
      <Currency />
      <AmountByCurrency>0</AmountByCurrency>
      <AmountByAccount>804000.00</AmountByAccount>
    </TransactionItem>
    <TransactionItem>
      <RegistrationDate>2012-07-31T00:00:00</RegistrationDate>
      <TransactionDate>2012-07-31T00:00:00</TransactionDate>
      <TransactionCode>2803647/62187083</TransactionCode>
      <Description>Зачисление на счет - начисл. проц-в: КОРЗУН АЛЕКСАНДР ВАЛЕРЬЕВИЧ; 9043251010048-&gt;3114250000115-91kBYR-746644 = 30,00 BYR</Description>
      <Currency />
      <AmountByCurrency>0</AmountByCurrency>
      <AmountByAccount>30.00</AmountByAccount>
    </TransactionItem>
    <TransactionItem>
      <RegistrationDate>2012-08-01T00:00:00</RegistrationDate>
      <TransactionDate>2012-08-01T00:00:00</TransactionDate>
      <TransactionCode />
      <Description>Комиссия за выдачу нал-х в АТМ</Description>
      <Currency>BYR</Currency>
      <AmountByCurrency>0</AmountByCurrency>
      <AmountByAccount>-40000.00</AmountByAccount>
    </TransactionItem>
    <TransactionItem>
      <RegistrationDate>2012-07-09T00:00:00</RegistrationDate>
      <TransactionDate>2012-07-06T00:00:00</TransactionDate>
      <TransactionCode>9061H80/6893719</TransactionCode>
      <Description>Выдача наличных - ATM GOPERY BIB - MINSK</Description>
      <Currency>BYR</Currency>
      <AmountByCurrency>-50000.00</AmountByCurrency>
      <AmountByAccount>-50000.00</AmountByAccount>
    </TransactionItem>
    <TransactionItem>
      <RegistrationDate>2012-07-12T00:00:00</RegistrationDate>
      <TransactionDate>2012-07-11T00:00:00</TransactionDate>
      <TransactionCode>1199395/1474441</TransactionCode>
      <Description>Выдача наличных - "HLEB-MOLOKO" BPSB ATM - MINSK</Description>
      <Currency>BYR</Currency>
      <AmountByCurrency>-150000.00</AmountByCurrency>
      <AmountByAccount>-150000.00</AmountByAccount>
    </TransactionItem>
    <TransactionItem>
      <RegistrationDate>2012-07-13T00:00:00</RegistrationDate>
      <TransactionDate>2012-07-12T00:00:00</TransactionDate>
      <TransactionCode>9061I40/9374458</TransactionCode>
      <Description>Выдача наличных - ATM GOPERY BIB - MINSK</Description>
      <Currency>BYR</Currency>
      <AmountByCurrency>-150000.00</AmountByCurrency>
      <AmountByAccount>-150000.00</AmountByAccount>
    </TransactionItem>
    <TransactionItem>
      <RegistrationDate>2012-07-13T00:00:00</RegistrationDate>
      <TransactionDate>2012-07-12T00:00:00</TransactionDate>
      <TransactionCode>4062I40/4822540</TransactionCode>
      <Description>Оплата товаров и услуг - "MINSK-PASSAZHIRSKIY" - MINSK</Description>
      <Currency>BYR</Currency>
      <AmountByCurrency>-834690.00</AmountByCurrency>
      <AmountByAccount>-834690.00</AmountByAccount>
    </TransactionItem>
    <TransactionItem>
      <RegistrationDate>2012-07-24T00:00:00</RegistrationDate>
      <TransactionDate>2012-07-22T00:00:00</TransactionDate>
      <TransactionCode>1120724/3305990</TransactionCode>
      <Description>Оплата товаров и услуг - HYPERMARKET - MINSK</Description>
      <Currency>BYR</Currency>
      <AmountByCurrency>-90930.00</AmountByCurrency>
      <AmountByAccount>-90930.00</AmountByAccount>
    </TransactionItem>
    <TransactionItem>
      <RegistrationDate>2012-07-25T00:00:00</RegistrationDate>
      <TransactionDate>2012-07-24T00:00:00</TransactionDate>
      <TransactionCode>9137J60/4814988</TransactionCode>
      <Description>Выдача наличных - ATM N137 BIB - MINSK</Description>
      <Currency>BYR</Currency>
      <AmountByCurrency>-300000.00</AmountByCurrency>
      <AmountByAccount>-300000.00</AmountByAccount>
    </TransactionItem>
    <TransactionItem>
      <RegistrationDate>2012-07-26T00:00:00</RegistrationDate>
      <TransactionDate>2012-07-24T00:00:00</TransactionDate>
      <TransactionCode>1120726/3309856</TransactionCode>
      <Description>Выдача наличных - ATM 400 MTB MINSK - MINSK</Description>
      <Currency>BYR</Currency>
      <AmountByCurrency>-100000.00</AmountByCurrency>
      <AmountByAccount>-100000.00</AmountByAccount>
    </TransactionItem>
    <TransactionItem>
      <RegistrationDate>2012-07-27T00:00:00</RegistrationDate>
      <TransactionDate>2012-07-25T00:00:00</TransactionDate>
      <TransactionCode>1120727/3312258</TransactionCode>
      <Description>Выдача наличных - ATM 011 - MINSK</Description>
      <Currency>BYR</Currency>
      <AmountByCurrency>-200000.00</AmountByCurrency>
      <AmountByAccount>-200000.00</AmountByAccount>
    </TransactionItem>
    <TransactionItem>
      <RegistrationDate>2012-07-30T00:00:00</RegistrationDate>
      <TransactionDate>2012-07-29T00:00:00</TransactionDate>
      <TransactionCode>9061K10/6714606</TransactionCode>
      <Description>Выдача наличных - ATM GOPERY BIB - MINSK</Description>
      <Currency>BYR</Currency>
      <AmountByCurrency>-1000000.00</AmountByCurrency>
      <AmountByAccount>-1000000.00</AmountByAccount>
    </TransactionItem>
    <TransactionItem>
      <RegistrationDate>2012-07-30T00:00:00</RegistrationDate>
      <TransactionDate>2012-07-27T00:00:00</TransactionDate>
      <TransactionCode>1120730/3315383</TransactionCode>
      <Description>Выдача наличных - ATM 011 - MINSK</Description>
      <Currency>BYR</Currency>
      <AmountByCurrency>-50000.00</AmountByCurrency>
      <AmountByAccount>-50000.00</AmountByAccount>
    </TransactionItem>
    <TransactionItem>
      <RegistrationDate>2012-07-31T00:00:00</RegistrationDate>
      <TransactionDate>2012-07-29T00:00:00</TransactionDate>
      <TransactionCode>1120731/3319732</TransactionCode>
      <Description>Оплата товаров и услуг - HYPERMARKET - MINSK</Description>
      <Currency>BYR</Currency>
      <AmountByCurrency>-114720.00</AmountByCurrency>
      <AmountByAccount>-114720.00</AmountByAccount>
    </TransactionItem>
  </TransactionItems>
</MontlyReport>