<?xml version="1.0"?>
<MontlyReport xmlns:xsi="http://www.w3.org/2001/XMLSchema-instance" xmlns:xsd="http://www.w3.org/2001/XMLSchema">
  <UserInfo>АЛЕКСАНДР ВАЛЕРЬЕВИЧ КОРЗУН СЛОБОДСКАЯ, д.65, кв.27, Минск, Belarus,</UserInfo>
  <BancInfo>БЕЛИНВЕСТБАНК ГОПЕРу пр.Машерова, 29 Минск 220002</BancInfo>
  <ReportInfo>EC/MC Выписка по картам 1399391-2012/0604</ReportInfo>
  <PeriodInfo>Расчетный цикл 04-05-2012по04-06-2012</PeriodInfo>
  <CreationInfo>Сформировано 05-06-2012 08:47:30</CreationInfo>
  <AccountNumber>739001BYR0000746644</AccountNumber>
  <AccountCurrency>BYR</AccountCurrency>
  <ImmutableBalance>0.00</ImmutableBalance>
  <MinBalance>0.00</MinBalance>
  <AvailibleCredit>0.00</AvailibleCredit>
  <PrevBalance>4446810.00</PrevBalance>
  <TransactionItems>
    <TransactionItem>
      <RegistrationDate>2012-05-10T00:00:00</RegistrationDate>
      <TransactionDate>2012-05-10T00:00:00</TransactionDate>
      <TransactionCode>2693066/43031044</TransactionCode>
      <Description>Зачисление на счет - зачисл. з/п: КОРЗУН АЛЕКСАНДР ВАЛЕРЬЕВИЧ; 3819250000393-&gt;3114250000115-91kBYR-746644 = 1678840,00 BYR</Description>
      <Currency />
      <AmountByCurrency>0</AmountByCurrency>
      <AmountByAccount>1678840.00</AmountByAccount>
    </TransactionItem>
    <TransactionItem>
      <RegistrationDate>2012-05-25T00:00:00</RegistrationDate>
      <TransactionDate>2012-05-25T00:00:00</TransactionDate>
      <TransactionCode>2720707/45950814</TransactionCode>
      <Description>Зачисление на счет - зачисл. з/п: КОРЗУН АЛЕКСАНДР ВАЛЕРЬЕВИЧ; 3819250000393-&gt;3114250000115-91kBYR-746644 = 804000,00 BYR</Description>
      <Currency />
      <AmountByCurrency>0</AmountByCurrency>
      <AmountByAccount>804000.00</AmountByAccount>
    </TransactionItem>
    <TransactionItem>
      <RegistrationDate>2012-05-31T00:00:00</RegistrationDate>
      <TransactionDate>2012-05-31T00:00:00</TransactionDate>
      <TransactionCode>2727362/47435811</TransactionCode>
      <Description>Зачисление на счет - начисл. проц-в: КОРЗУН АЛЕКСАНДР ВАЛЕРЬЕВИЧ; 9043251010048-&gt;3114250000115-91kBYR-746644 = 60,00 BYR</Description>
      <Currency />
      <AmountByCurrency>0</AmountByCurrency>
      <AmountByAccount>60.00</AmountByAccount>
    </TransactionItem>
    <TransactionItem>
      <RegistrationDate>2012-06-04T00:00:00</RegistrationDate>
      <TransactionDate>2012-06-04T00:00:00</TransactionDate>
      <TransactionCode />
      <Description>Комиссия за выдачу нал-х в АТМ</Description>
      <Currency>BYR</Currency>
      <AmountByCurrency>0</AmountByCurrency>
      <AmountByAccount>-20000.00</AmountByAccount>
    </TransactionItem>
    <TransactionItem>
      <RegistrationDate>2012-05-08T00:00:00</RegistrationDate>
      <TransactionDate>2012-05-07T00:00:00</TransactionDate>
      <TransactionCode>9204B80/1466719</TransactionCode>
      <Description>Оплата товаров и услуг - PT SHOP "METR" - MINSK</Description>
      <Currency>BYR</Currency>
      <AmountByCurrency>-44100.00</AmountByCurrency>
      <AmountByAccount>-44100.00</AmountByAccount>
    </TransactionItem>
    <TransactionItem>
      <RegistrationDate>2012-05-14T00:00:00</RegistrationDate>
      <TransactionDate>2012-05-13T00:00:00</TransactionDate>
      <TransactionCode>1044C40/3795578</TransactionCode>
      <Description>Оплата товаров и услуг - PAVILYON N 3L - MINSK</Description>
      <Currency>BYR</Currency>
      <AmountByCurrency>-300000.00</AmountByCurrency>
      <AmountByAccount>-300000.00</AmountByAccount>
    </TransactionItem>
    <TransactionItem>
      <RegistrationDate>2012-05-14T00:00:00</RegistrationDate>
      <TransactionDate>2012-05-13T00:00:00</TransactionDate>
      <TransactionCode>2844489/3835367</TransactionCode>
      <Description>Выдача наличных - "TORGOPTIMA" BR.519 AT - MINSK</Description>
      <Currency>BYR</Currency>
      <AmountByCurrency>-1000000.00</AmountByCurrency>
      <AmountByAccount>-1000000.00</AmountByAccount>
    </TransactionItem>
    <TransactionItem>
      <RegistrationDate>2012-05-14T00:00:00</RegistrationDate>
      <TransactionDate>2012-05-13T00:00:00</TransactionDate>
      <TransactionCode>2844489/3833742</TransactionCode>
      <Description>Выдача наличных - "TORGOPTIMA" BR.519 AT - MINSK</Description>
      <Currency>BYR</Currency>
      <AmountByCurrency>-500000.00</AmountByCurrency>
      <AmountByAccount>-500000.00</AmountByAccount>
    </TransactionItem>
    <TransactionItem>
      <RegistrationDate>2012-05-22T00:00:00</RegistrationDate>
      <TransactionDate>2012-05-21T00:00:00</TransactionDate>
      <TransactionCode>9205D26/7595540</TransactionCode>
      <Description>Оплата товаров и услуг - PT SHOP "METR" - MINSK</Description>
      <Currency>BYR</Currency>
      <AmountByCurrency>-15850.00</AmountByCurrency>
      <AmountByAccount>-15850.00</AmountByAccount>
    </TransactionItem>
    <TransactionItem>
      <RegistrationDate>2012-05-24T00:00:00</RegistrationDate>
      <TransactionDate>2012-05-23T00:00:00</TransactionDate>
      <TransactionCode>2633155/3034578</TransactionCode>
      <Description>Выдача наличных - "HLEB-MOLOKO" BPSB ATM - MINSK</Description>
      <Currency>BYR</Currency>
      <AmountByCurrency>-50000.00</AmountByCurrency>
      <AmountByAccount>-50000.00</AmountByAccount>
    </TransactionItem>
    <TransactionItem>
      <RegistrationDate>2012-05-29T00:00:00</RegistrationDate>
      <TransactionDate>2012-05-28T00:00:00</TransactionDate>
      <TransactionCode>9061D90/0506033</TransactionCode>
      <Description>Выдача наличных - ATM GOPERY BIB - MINSK</Description>
      <Currency>BYR</Currency>
      <AmountByCurrency>-50000.00</AmountByCurrency>
      <AmountByAccount>-50000.00</AmountByAccount>
    </TransactionItem>
    <TransactionItem>
      <RegistrationDate>2012-05-30T00:00:00</RegistrationDate>
      <TransactionDate>2012-05-29T00:00:00</TransactionDate>
      <TransactionCode>0693296/1011462</TransactionCode>
      <Description>Выдача наличных - "HLEB-MOLOKO" BPSB ATM - MINSK</Description>
      <Currency>BYR</Currency>
      <AmountByCurrency>-400000.00</AmountByCurrency>
      <AmountByAccount>-400000.00</AmountByAccount>
    </TransactionItem>
  </TransactionItems>
</MontlyReport>