<?xml version="1.0"?>
<MontlyReport xmlns:xsi="http://www.w3.org/2001/XMLSchema-instance" xmlns:xsd="http://www.w3.org/2001/XMLSchema">
  <UserInfo>АЛЕКСАНДР ВАЛЕРЬЕВИЧ КОРЗУН СЛОБОДСКАЯ, д.65, кв.27, Минск, Belarus,</UserInfo>
  <BancInfo>БЕЛИНВЕСТБАНК ГОПЕРу пр.Машерова, 29 Минск 220002</BancInfo>
  <ReportInfo>EC/MC Выписка по картам 1570384-2015/0501</ReportInfo>
  <PeriodInfo>Расчетный цикл 02-04-2015по01-05-2015</PeriodInfo>
  <CreationInfo>Сформировано 01-05-2015 17:51:08</CreationInfo>
  <AccountNumber>739001BYR00009AFD63</AccountNumber>
  <AccountCurrency>BYR</AccountCurrency>
  <ImmutableBalance>500000.00</ImmutableBalance>
  <MinBalance>0.00</MinBalance>
  <AvailibleCredit>0.00</AvailibleCredit>
  <PrevBalance>117720648.00</PrevBalance>
  <TransactionItems>
    <TransactionItem>
      <RegistrationDate>2015-04-30T00:00:00</RegistrationDate>
      <TransactionDate>2015-04-30T00:00:00</TransactionDate>
      <TransactionCode>4211776/79788735</TransactionCode>
      <Description>Зачисление на счет - начисл. проц-в: КОРЗУН АЛЕКСАНДР ВАЛЕРЬЕВИЧ; 9041251010024-&gt;3014775400013-91kBYR-9AFD63 = 1548712,00 BYR</Description>
      <Currency />
      <AmountByCurrency>0</AmountByCurrency>
      <AmountByAccount>1548712.00</AmountByAccount>
    </TransactionItem>
    <TransactionItem>
      <RegistrationDate>2015-04-03T00:00:00</RegistrationDate>
      <TransactionDate>2015-04-02T00:00:00</TransactionDate>
      <TransactionCode>3028520/1743556</TransactionCode>
      <Description>Оплата товаров и услуг - SHOP N 114 "BELMARKET" - MINSK</Description>
      <Currency>BYR</Currency>
      <AmountByCurrency>-203400.00</AmountByCurrency>
      <AmountByAccount>-203400.00</AmountByAccount>
    </TransactionItem>
    <TransactionItem>
      <RegistrationDate>2015-04-06T00:00:00</RegistrationDate>
      <TransactionDate>2015-04-04T00:00:00</TransactionDate>
      <TransactionCode>0113948/4421669</TransactionCode>
      <Description>Оплата товаров и услуг - UNIVERSAM "EVROPEISKIY" - MINSK</Description>
      <Currency>BYR</Currency>
      <AmountByCurrency>-447050.00</AmountByCurrency>
      <AmountByAccount>-447050.00</AmountByAccount>
    </TransactionItem>
    <TransactionItem>
      <RegistrationDate>2015-04-06T00:00:00</RegistrationDate>
      <TransactionDate>2015-04-04T00:00:00</TransactionDate>
      <TransactionCode>9561940/4646017</TransactionCode>
      <Description>Оплата товаров и услуг - TO "SMAKATA" - MINSK</Description>
      <Currency>BYR</Currency>
      <AmountByCurrency>-41400.00</AmountByCurrency>
      <AmountByAccount>-41400.00</AmountByAccount>
    </TransactionItem>
    <TransactionItem>
      <RegistrationDate>2015-04-07T00:00:00</RegistrationDate>
      <TransactionDate>2015-04-06T00:00:00</TransactionDate>
      <TransactionCode>999996H/1943112</TransactionCode>
      <Description>Оплата товаров и услуг - VIRTUAL FOR INTERNET BANKIN - MINSK</Description>
      <Currency>BYR</Currency>
      <AmountByCurrency>-50000.00</AmountByCurrency>
      <AmountByAccount>-50000.00</AmountByAccount>
    </TransactionItem>
    <TransactionItem>
      <RegistrationDate>2015-04-07T00:00:00</RegistrationDate>
      <TransactionDate>2015-04-06T00:00:00</TransactionDate>
      <TransactionCode>999996H/1943119</TransactionCode>
      <Description>Оплата товаров и услуг - VIRTUAL FOR INTERNET BANKIN - MINSK</Description>
      <Currency>BYR</Currency>
      <AmountByCurrency>-100000.00</AmountByCurrency>
      <AmountByAccount>-100000.00</AmountByAccount>
    </TransactionItem>
    <TransactionItem>
      <RegistrationDate>2015-04-07T00:00:00</RegistrationDate>
      <TransactionDate>2015-04-06T00:00:00</TransactionDate>
      <TransactionCode>3028524/8925580</TransactionCode>
      <Description>Оплата товаров и услуг - SHOP N 114 "BELMARKET" - MINSK</Description>
      <Currency>BYR</Currency>
      <AmountByCurrency>-290550.00</AmountByCurrency>
      <AmountByAccount>-290550.00</AmountByAccount>
    </TransactionItem>
    <TransactionItem>
      <RegistrationDate>2015-04-07T00:00:00</RegistrationDate>
      <TransactionDate>2015-04-06T00:00:00</TransactionDate>
      <TransactionCode>999996H/1943190</TransactionCode>
      <Description>Оплата товаров и услуг - VIRTUAL FOR INTERNET BANKIN - MINSK</Description>
      <Currency>BYR</Currency>
      <AmountByCurrency>-60000.00</AmountByCurrency>
      <AmountByAccount>-60000.00</AmountByAccount>
    </TransactionItem>
    <TransactionItem>
      <RegistrationDate>2015-04-10T00:00:00</RegistrationDate>
      <TransactionDate>2015-04-09T00:00:00</TransactionDate>
      <TransactionCode>3029106/3896996</TransactionCode>
      <Description>Оплата товаров и услуг - SHOP N 114 "BELMARKET" - MINSK</Description>
      <Currency>BYR</Currency>
      <AmountByCurrency>-381350.00</AmountByCurrency>
      <AmountByAccount>-381350.00</AmountByAccount>
    </TransactionItem>
    <TransactionItem>
      <RegistrationDate>2015-04-10T00:00:00</RegistrationDate>
      <TransactionDate>2015-04-09T00:00:00</TransactionDate>
      <TransactionCode>7153990/3200925</TransactionCode>
      <Description>Оплата товаров и услуг - SHOP "EVROOPT" - MINSK</Description>
      <Currency>BYR</Currency>
      <AmountByCurrency>-55450.00</AmountByCurrency>
      <AmountByAccount>-55450.00</AmountByAccount>
    </TransactionItem>
    <TransactionItem>
      <RegistrationDate>2015-04-13T00:00:00</RegistrationDate>
      <TransactionDate>2015-04-09T00:00:00</TransactionDate>
      <TransactionCode>1150413/3160</TransactionCode>
      <Description>Оплата товаров и услуг - BEROLINA 4 DRUG STORE - MINSK</Description>
      <Currency>BYR</Currency>
      <AmountByCurrency>-100700.00</AmountByCurrency>
      <AmountByAccount>-100700.00</AmountByAccount>
    </TransactionItem>
    <TransactionItem>
      <RegistrationDate>2015-04-15T00:00:00</RegistrationDate>
      <TransactionDate>2015-04-14T00:00:00</TransactionDate>
      <TransactionCode>9999-40/3763213</TransactionCode>
      <Description>Перевод средств - VIRTUAL FOR INTERNET BANKIN - MINSK</Description>
      <Currency>BYR</Currency>
      <AmountByCurrency>-94185000.00</AmountByCurrency>
      <AmountByAccount>-94185000.00</AmountByAccount>
    </TransactionItem>
    <TransactionItem>
      <RegistrationDate>2015-04-15T00:00:00</RegistrationDate>
      <TransactionDate>2015-04-14T00:00:00</TransactionDate>
      <TransactionCode>0124817/4460798</TransactionCode>
      <Description>Оплата товаров и услуг - UNIVERSAM "EVROPEISKIY" - MINSK</Description>
      <Currency>BYR</Currency>
      <AmountByCurrency>-644250.00</AmountByCurrency>
      <AmountByAccount>-644250.00</AmountByAccount>
    </TransactionItem>
    <TransactionItem>
      <RegistrationDate>2015-04-15T00:00:00</RegistrationDate>
      <TransactionDate>2015-04-14T00:00:00</TransactionDate>
      <TransactionCode>9999-40/3763168</TransactionCode>
      <Description>Перевод средств - VIRTUAL FOR INTERNET BANKIN - MINSK</Description>
      <Currency>BYR</Currency>
      <AmountByCurrency>-14490000.00</AmountByCurrency>
      <AmountByAccount>-14490000.00</AmountByAccount>
    </TransactionItem>
    <TransactionItem>
      <RegistrationDate>2015-04-16T00:00:00</RegistrationDate>
      <TransactionDate>2015-04-15T00:00:00</TransactionDate>
      <TransactionCode>0124818/7461275</TransactionCode>
      <Description>Оплата товаров и услуг - UNIVERSAM "EVROPEISKIY" - MINSK</Description>
      <Currency>BYR</Currency>
      <AmountByCurrency>-92700.00</AmountByCurrency>
      <AmountByAccount>-92700.00</AmountByAccount>
    </TransactionItem>
    <TransactionItem>
      <RegistrationDate>2015-04-16T00:00:00</RegistrationDate>
      <TransactionDate>2015-04-15T00:00:00</TransactionDate>
      <TransactionCode>9112-50/3980111</TransactionCode>
      <Description>Выдача наличных - ATM N112 EVROPEYSKI BIB - MINSK</Description>
      <Currency>BYR</Currency>
      <AmountByCurrency>-1300000.00</AmountByCurrency>
      <AmountByAccount>-1300000.00</AmountByAccount>
    </TransactionItem>
    <TransactionItem>
      <RegistrationDate>2015-04-17T00:00:00</RegistrationDate>
      <TransactionDate>2015-04-16T00:00:00</TransactionDate>
      <TransactionCode>9999-60/4349893</TransactionCode>
      <Description>Оплата товаров и услуг - VIRTUAL FOR INTERNET BANKIN - MINSK</Description>
      <Currency>BYR</Currency>
      <AmountByCurrency>-17650.00</AmountByCurrency>
      <AmountByAccount>-17650.00</AmountByAccount>
    </TransactionItem>
    <TransactionItem>
      <RegistrationDate>2015-04-20T00:00:00</RegistrationDate>
      <TransactionDate>2015-04-18T00:00:00</TransactionDate>
      <TransactionCode>9997-88/4978025</TransactionCode>
      <Description>Оплата товаров и услуг - SMS Opoveschenie - MINSK</Description>
      <Currency>BYR</Currency>
      <AmountByCurrency>-3000.00</AmountByCurrency>
      <AmountByAccount>-3000.00</AmountByAccount>
    </TransactionItem>
    <TransactionItem>
      <RegistrationDate>2015-04-20T00:00:00</RegistrationDate>
      <TransactionDate>2015-04-19T00:00:00</TransactionDate>
      <TransactionCode>6798141/6631400</TransactionCode>
      <Description>Оплата товаров и услуг - SHOP N 138 "BELMARKET" - MINSK</Description>
      <Currency>BYR</Currency>
      <AmountByCurrency>-13000.00</AmountByCurrency>
      <AmountByAccount>-13000.00</AmountByAccount>
    </TransactionItem>
    <TransactionItem>
      <RegistrationDate>2015-04-22T00:00:00</RegistrationDate>
      <TransactionDate>2015-04-20T00:00:00</TransactionDate>
      <TransactionCode>0115981/8892806</TransactionCode>
      <Description>Оплата товаров и услуг - UNIVERSAM "EVROPEISKIY" - MINSK</Description>
      <Currency>BYR</Currency>
      <AmountByCurrency>-619000.00</AmountByCurrency>
      <AmountByAccount>-619000.00</AmountByAccount>
    </TransactionItem>
    <TransactionItem>
      <RegistrationDate>2015-04-23T00:00:00</RegistrationDate>
      <TransactionDate>2015-04-21T00:00:00</TransactionDate>
      <TransactionCode>9999A1-/5522675</TransactionCode>
      <Description>Оплата товаров и услуг - VIRTUAL FOR INTERNET BANKIN - MINSK</Description>
      <Currency>BYR</Currency>
      <AmountByCurrency>-44589.00</AmountByCurrency>
      <AmountByAccount>-44589.00</AmountByAccount>
    </TransactionItem>
    <TransactionItem>
      <RegistrationDate>2015-04-23T00:00:00</RegistrationDate>
      <TransactionDate>2015-04-21T00:00:00</TransactionDate>
      <TransactionCode>9999A1-/5522790</TransactionCode>
      <Description>Оплата товаров и услуг - VIRTUAL FOR INTERNET BANKIN - MINSK</Description>
      <Currency>BYR</Currency>
      <AmountByCurrency>-218487.00</AmountByCurrency>
      <AmountByAccount>-218487.00</AmountByAccount>
    </TransactionItem>
    <TransactionItem>
      <RegistrationDate>2015-04-24T00:00:00</RegistrationDate>
      <TransactionDate>2015-04-23T00:00:00</TransactionDate>
      <TransactionCode>9094A30/5991406</TransactionCode>
      <Description>Выдача наличных - ATM N94 METRO VOSTOK BIB - MINSK</Description>
      <Currency>BYR</Currency>
      <AmountByCurrency>-600000.00</AmountByCurrency>
      <AmountByAccount>-600000.00</AmountByAccount>
    </TransactionItem>
    <TransactionItem>
      <RegistrationDate>2015-04-25T00:00:00</RegistrationDate>
      <TransactionDate>2015-04-24T00:00:00</TransactionDate>
      <TransactionCode>9112A40/6104044</TransactionCode>
      <Description>Выдача наличных - ATM N112 EVROPEYSKI BIB - MINSK</Description>
      <Currency>BYR</Currency>
      <AmountByCurrency>-400000.00</AmountByCurrency>
      <AmountByAccount>-400000.00</AmountByAccount>
    </TransactionItem>
    <TransactionItem>
      <RegistrationDate>2015-04-27T00:00:00</RegistrationDate>
      <TransactionDate>2015-04-24T00:00:00</TransactionDate>
      <TransactionCode>0114118/8207367</TransactionCode>
      <Description>Оплата товаров и услуг - UNIVERSAM "EVROPEISKIY" - MINSK</Description>
      <Currency>BYR</Currency>
      <AmountByCurrency>-409850.00</AmountByCurrency>
      <AmountByAccount>-409850.00</AmountByAccount>
    </TransactionItem>
    <TransactionItem>
      <RegistrationDate>2015-04-27T00:00:00</RegistrationDate>
      <TransactionDate>2015-04-26T00:00:00</TransactionDate>
      <TransactionCode>9999A6G/6723929</TransactionCode>
      <Description>Оплата товаров и услуг - VIRTUAL FOR INTERNET BANKIN - MINSK</Description>
      <Currency>BYR</Currency>
      <AmountByCurrency>-150000.00</AmountByCurrency>
      <AmountByAccount>-150000.00</AmountByAccount>
    </TransactionItem>
    <TransactionItem>
      <RegistrationDate>2015-04-29T00:00:00</RegistrationDate>
      <TransactionDate>2015-04-28T00:00:00</TransactionDate>
      <TransactionCode>9999A8L/7205222</TransactionCode>
      <Description>Оплата товаров и услуг - VIRTUAL FOR INTERNET BANKIN - MINSK</Description>
      <Currency>BYR</Currency>
      <AmountByCurrency>-150600.00</AmountByCurrency>
      <AmountByAccount>-150600.00</AmountByAccount>
    </TransactionItem>
  </TransactionItems>
</MontlyReport>