<?xml version="1.0"?>
<MontlyReport xmlns:xsi="http://www.w3.org/2001/XMLSchema-instance" xmlns:xsd="http://www.w3.org/2001/XMLSchema">
  <UserInfo>АЛЕКСАНДР ВАЛЕРЬЕВИЧ КОРЗУН СЛОБОДСКАЯ, д.65, кв.27, Минск, Belarus,</UserInfo>
  <BancInfo>БЕЛИНВЕСТБАНК ГОПЕРу пр.Машерова, 29 Минск 220002</BancInfo>
  <ReportInfo>EC/MC Выписка по картам 1570384-2013/0902</ReportInfo>
  <PeriodInfo>Расчетный цикл 02-08-2013по02-09-2013</PeriodInfo>
  <CreationInfo>Сформировано 03-09-2013 09:30:41</CreationInfo>
  <AccountNumber>739001BYR00009AFD63</AccountNumber>
  <AccountCurrency>BYR</AccountCurrency>
  <ImmutableBalance>500000.00</ImmutableBalance>
  <MinBalance>0.00</MinBalance>
  <AvailibleCredit>0.00</AvailibleCredit>
  <PrevBalance>3711650.00</PrevBalance>
  <TransactionItems>
    <TransactionItem>
      <RegistrationDate>2013-08-30T00:00:00</RegistrationDate>
      <TransactionDate>2013-08-30T00:00:00</TransactionDate>
      <TransactionCode>3293260/73664669</TransactionCode>
      <Description>Зачисление на счет - начисл. проц-в: КОРЗУН АЛЕКСАНДР ВАЛЕРЬЕВИЧ; 9041251010024-&gt;3014775400013-91kBYR-9AFD63 = 109883,00 BYR</Description>
      <Currency />
      <AmountByCurrency>0</AmountByCurrency>
      <AmountByAccount>109883.00</AmountByAccount>
    </TransactionItem>
    <TransactionItem>
      <RegistrationDate>2013-08-05T00:00:00</RegistrationDate>
      <TransactionDate>2013-08-02T00:00:00</TransactionDate>
      <TransactionCode>3820K40/6771980</TransactionCode>
      <Description>Оплата товаров и услуг - KAFE "PROSPEKT" - MINSK</Description>
      <Currency>BYR</Currency>
      <AmountByCurrency>-41100.00</AmountByCurrency>
      <AmountByAccount>-41100.00</AmountByAccount>
    </TransactionItem>
    <TransactionItem>
      <RegistrationDate>2013-08-05T00:00:00</RegistrationDate>
      <TransactionDate>2013-08-02T00:00:00</TransactionDate>
      <TransactionCode>9999K4P/1430731</TransactionCode>
      <Description>Оплата товаров и услуг - VIRTUAL FOR INTERNET BANKIN - MINSK</Description>
      <Currency>BYR</Currency>
      <AmountByCurrency>-20000.00</AmountByCurrency>
      <AmountByAccount>-20000.00</AmountByAccount>
    </TransactionItem>
    <TransactionItem>
      <RegistrationDate>2013-08-05T00:00:00</RegistrationDate>
      <TransactionDate>2013-08-04T00:00:00</TransactionDate>
      <TransactionCode>0078078/9874230</TransactionCode>
      <Description>Оплата товаров и услуг - TC "ZELYONY KLYON" BAP - MINSK</Description>
      <Currency>BYR</Currency>
      <AmountByCurrency>-41950.00</AmountByCurrency>
      <AmountByAccount>-41950.00</AmountByAccount>
    </TransactionItem>
    <TransactionItem>
      <RegistrationDate>2013-08-07T00:00:00</RegistrationDate>
      <TransactionDate>2013-08-06T00:00:00</TransactionDate>
      <TransactionCode>2413K80/3094959</TransactionCode>
      <Description>Оплата товаров и услуг - KAFE "BUVETTE" - MINSK</Description>
      <Currency>BYR</Currency>
      <AmountByCurrency>-35900.00</AmountByCurrency>
      <AmountByAccount>-35900.00</AmountByAccount>
    </TransactionItem>
    <TransactionItem>
      <RegistrationDate>2013-08-09T00:00:00</RegistrationDate>
      <TransactionDate>2013-08-08T00:00:00</TransactionDate>
      <TransactionCode>3821K90/4670682</TransactionCode>
      <Description>Оплата товаров и услуг - KAFE "PROSPEKT" - MINSK</Description>
      <Currency>BYR</Currency>
      <AmountByCurrency>-34100.00</AmountByCurrency>
      <AmountByAccount>-34100.00</AmountByAccount>
    </TransactionItem>
    <TransactionItem>
      <RegistrationDate>2013-08-12T00:00:00</RegistrationDate>
      <TransactionDate>2013-08-07T00:00:00</TransactionDate>
      <TransactionCode>1130812/2035</TransactionCode>
      <Description>Оплата товаров и услуг - SHTOLLE CAFE RAVOVSKAYA - MINSK</Description>
      <Currency>BYR</Currency>
      <AmountByCurrency>-36000.00</AmountByCurrency>
      <AmountByAccount>-36000.00</AmountByAccount>
    </TransactionItem>
    <TransactionItem>
      <RegistrationDate>2013-08-12T00:00:00</RegistrationDate>
      <TransactionDate>2013-08-09T00:00:00</TransactionDate>
      <TransactionCode>3817L10/6405492</TransactionCode>
      <Description>Оплата товаров и услуг - KAFE "PROSPEKT" - MINSK</Description>
      <Currency>BYR</Currency>
      <AmountByCurrency>-21550.00</AmountByCurrency>
      <AmountByAccount>-21550.00</AmountByAccount>
    </TransactionItem>
    <TransactionItem>
      <RegistrationDate>2013-08-13T00:00:00</RegistrationDate>
      <TransactionDate>2013-08-12T00:00:00</TransactionDate>
      <TransactionCode>9999L4J/3150188</TransactionCode>
      <Description>Зачисление перевода / Возврат покупки - VIRTUAL FOR INTERNET BANKIN - MINSK</Description>
      <Currency>BYR</Currency>
      <AmountByCurrency>4555543.00</AmountByCurrency>
      <AmountByAccount>4555543.00</AmountByAccount>
    </TransactionItem>
    <TransactionItem>
      <RegistrationDate>2013-08-13T00:00:00</RegistrationDate>
      <TransactionDate>2013-08-12T00:00:00</TransactionDate>
      <TransactionCode>3821L40/1777317</TransactionCode>
      <Description>Оплата товаров и услуг - KAFE "PROSPEKT" - MINSK</Description>
      <Currency>BYR</Currency>
      <AmountByCurrency>-27100.00</AmountByCurrency>
      <AmountByAccount>-27100.00</AmountByAccount>
    </TransactionItem>
    <TransactionItem>
      <RegistrationDate>2013-08-14T00:00:00</RegistrationDate>
      <TransactionDate>2013-08-13T00:00:00</TransactionDate>
      <TransactionCode>2413L50/4036098</TransactionCode>
      <Description>Оплата товаров и услуг - KAFE "BUVETTE" - MINSK</Description>
      <Currency>BYR</Currency>
      <AmountByCurrency>-53900.00</AmountByCurrency>
      <AmountByAccount>-53900.00</AmountByAccount>
    </TransactionItem>
    <TransactionItem>
      <RegistrationDate>2013-08-15T00:00:00</RegistrationDate>
      <TransactionDate>2013-08-14T00:00:00</TransactionDate>
      <TransactionCode>3821L60/5109714</TransactionCode>
      <Description>Оплата товаров и услуг - KAFE "PROSPEKT" - MINSK</Description>
      <Currency>BYR</Currency>
      <AmountByCurrency>-13700.00</AmountByCurrency>
      <AmountByAccount>-13700.00</AmountByAccount>
    </TransactionItem>
    <TransactionItem>
      <RegistrationDate>2013-08-16T00:00:00</RegistrationDate>
      <TransactionDate>2013-08-15T00:00:00</TransactionDate>
      <TransactionCode>9999L73/3736363</TransactionCode>
      <Description>Оплата товаров и услуг - VIRTUAL FOR INTERNET BANKIN - MINSK</Description>
      <Currency>BYR</Currency>
      <AmountByCurrency>-100000.00</AmountByCurrency>
      <AmountByAccount>-100000.00</AmountByAccount>
    </TransactionItem>
    <TransactionItem>
      <RegistrationDate>2013-08-19T00:00:00</RegistrationDate>
      <TransactionDate>2013-08-16T00:00:00</TransactionDate>
      <TransactionCode>9061L80/3968370</TransactionCode>
      <Description>Выдача наличных - ATM GOPERY BIB - MINSK</Description>
      <Currency>BYR</Currency>
      <AmountByCurrency>-200000.00</AmountByCurrency>
      <AmountByAccount>-200000.00</AmountByAccount>
    </TransactionItem>
    <TransactionItem>
      <RegistrationDate>2013-08-22T00:00:00</RegistrationDate>
      <TransactionDate>2013-08-21T00:00:00</TransactionDate>
      <TransactionCode>2504M30/6395360</TransactionCode>
      <Description>Оплата товаров и услуг - SHOP N 11 "GUM" - MINSK</Description>
      <Currency>BYR</Currency>
      <AmountByCurrency>-31700.00</AmountByCurrency>
      <AmountByAccount>-31700.00</AmountByAccount>
    </TransactionItem>
    <TransactionItem>
      <RegistrationDate>2013-08-23T00:00:00</RegistrationDate>
      <TransactionDate>2013-08-22T00:00:00</TransactionDate>
      <TransactionCode>7752M4Q/5204275</TransactionCode>
      <Description>Оплата товаров и услуг - PT SHOP RUBLEVSKIJ-144 - MINSK</Description>
      <Currency>BYR</Currency>
      <AmountByCurrency>-7600.00</AmountByCurrency>
      <AmountByAccount>-7600.00</AmountByAccount>
    </TransactionItem>
    <TransactionItem>
      <RegistrationDate>2013-08-27T00:00:00</RegistrationDate>
      <TransactionDate>2013-08-26T00:00:00</TransactionDate>
      <TransactionCode>3820M80/5445955</TransactionCode>
      <Description>Оплата товаров и услуг - KAFE "PROSPEKT" - MINSK</Description>
      <Currency>BYR</Currency>
      <AmountByCurrency>-27850.00</AmountByCurrency>
      <AmountByAccount>-27850.00</AmountByAccount>
    </TransactionItem>
    <TransactionItem>
      <RegistrationDate>2013-08-28T00:00:00</RegistrationDate>
      <TransactionDate>2013-08-27T00:00:00</TransactionDate>
      <TransactionCode>9999M9Y/6177888</TransactionCode>
      <Description>Зачисление перевода / Возврат покупки - VIRTUAL FOR INTERNET BANKIN - MINSK</Description>
      <Currency>BYR</Currency>
      <AmountByCurrency>804000.00</AmountByCurrency>
      <AmountByAccount>804000.00</AmountByAccount>
    </TransactionItem>
    <TransactionItem>
      <RegistrationDate>2013-08-28T00:00:00</RegistrationDate>
      <TransactionDate>2013-08-27T00:00:00</TransactionDate>
      <TransactionCode>2504M90/8203110</TransactionCode>
      <Description>Оплата товаров и услуг - SHOP N 11 "GUM" - MINSK</Description>
      <Currency>BYR</Currency>
      <AmountByCurrency>-22650.00</AmountByCurrency>
      <AmountByAccount>-22650.00</AmountByAccount>
    </TransactionItem>
    <TransactionItem>
      <RegistrationDate>2013-08-29T00:00:00</RegistrationDate>
      <TransactionDate>2013-08-28T00:00:00</TransactionDate>
      <TransactionCode>3821N00/9256493</TransactionCode>
      <Description>Оплата товаров и услуг - KAFE "PROSPEKT" - MINSK</Description>
      <Currency>BYR</Currency>
      <AmountByCurrency>-34950.00</AmountByCurrency>
      <AmountByAccount>-34950.00</AmountByAccount>
    </TransactionItem>
    <TransactionItem>
      <RegistrationDate>2013-09-02T00:00:00</RegistrationDate>
      <TransactionDate>2013-08-31T00:00:00</TransactionDate>
      <TransactionCode>9999N3I/6866790</TransactionCode>
      <Description>Оплата товаров и услуг - VIRTUAL FOR INTERNET BANKIN - MINSK</Description>
      <Currency>BYR</Currency>
      <AmountByCurrency>-20000.00</AmountByCurrency>
      <AmountByAccount>-20000.00</AmountByAccount>
    </TransactionItem>
  </TransactionItems>
</MontlyReport>