<?xml version="1.0"?>
<MontlyReport xmlns:xsi="http://www.w3.org/2001/XMLSchema-instance" xmlns:xsd="http://www.w3.org/2001/XMLSchema">
  <UserInfo>АЛЕКСАНДР ВАЛЕРЬЕВИЧ КОРЗУН УЛ. СЛОБОДСКАЯ Д.65 КВ.27, Г. МИНСК, Belarus, 220051</UserInfo>
  <BancInfo>BELARUSBANK Head Office  </BancInfo>
  <ReportInfo>ECMC Выписка по счету клиента No. 4826182-2013/0731</ReportInfo>
  <PeriodInfo>Расчетный цикл 29-06-2013по31-07-2013</PeriodInfo>
  <CreationInfo>Сформировано 01-08-2013 09:40:54</CreationInfo>
  <AccountNumber>001458000681</AccountNumber>
  <AccountCurrency>BYR</AccountCurrency>
  <ImmutableBalance>0.00</ImmutableBalance>
  <MinBalance>0.00</MinBalance>
  <AvailibleCredit>0.00</AvailibleCredit>
  <PrevBalance>75023.00</PrevBalance>
  <TransactionItems>
    <TransactionItem>
      <RegistrationDate>2013-07-01T00:00:00</RegistrationDate>
      <TransactionDate>2013-06-28T00:00:00</TransactionDate>
      <TransactionCode>445331/123235</TransactionCode>
      <Description>Ежемесячная капитализация</Description>
      <Currency />
      <AmountByCurrency>0</AmountByCurrency>
      <AmountByAccount>31.00</AmountByAccount>
    </TransactionItem>
    <TransactionItem>
      <RegistrationDate>2013-07-31T00:00:00</RegistrationDate>
      <TransactionDate>2013-07-31T00:00:00</TransactionDate>
      <TransactionCode>449015/77507</TransactionCode>
      <Description>Ежемесячная капитализация</Description>
      <Currency />
      <AmountByCurrency>0</AmountByCurrency>
      <AmountByAccount>31.00</AmountByAccount>
    </TransactionItem>
  </TransactionItems>
</MontlyReport>