<?xml version="1.0"?>
<MontlyReport xmlns:xsi="http://www.w3.org/2001/XMLSchema-instance" xmlns:xsd="http://www.w3.org/2001/XMLSchema">
  <UserInfo>АЛЕКСАНДР ВАЛЕРЬЕВИЧ КОРЗУН СЛОБОДСКАЯ, д.65, кв.27, Минск, Belarus,</UserInfo>
  <BancInfo>БЕЛИНВЕСТБАНК ГОПЕРу пр.Машерова, 29 Минск 220002</BancInfo>
  <ReportInfo>EC/MC Выписка по картам 1642094-2015/0501</ReportInfo>
  <PeriodInfo>Расчетный цикл 02-04-2015по01-05-2015</PeriodInfo>
  <CreationInfo>Сформировано 01-05-2015 17:51:08</CreationInfo>
  <AccountNumber>739001USD0000A05A15</AccountNumber>
  <AccountCurrency>USD</AccountCurrency>
  <ImmutableBalance>300.00</ImmutableBalance>
  <MinBalance>0.00</MinBalance>
  <AvailibleCredit>0.00</AvailibleCredit>
  <PrevBalance>537.46</PrevBalance>
  <TransactionItems>
    <TransactionItem>
      <RegistrationDate>2015-04-30T00:00:00</RegistrationDate>
      <TransactionDate>2015-04-30T00:00:00</TransactionDate>
      <TransactionCode>4211782/79783875</TransactionCode>
      <Description>Зачисление на счет - начисл. проц-в: КОРЗУН АЛЕКСАНДР ВАЛЕРЬЕВИЧ; 6901870015019-&gt;3014775405018-91kUSD-A05A15 = 17,83 USD</Description>
      <Currency />
      <AmountByCurrency>0</AmountByCurrency>
      <AmountByAccount>17.83</AmountByAccount>
    </TransactionItem>
    <TransactionItem>
      <RegistrationDate>2015-04-15T00:00:00</RegistrationDate>
      <TransactionDate>2015-04-14T00:00:00</TransactionDate>
      <TransactionCode>9999-40/3763212</TransactionCode>
      <Description>Зачисление перевода / Возврат покупки - VIRTUAL FOR INTERNET BANKIN - MINSK</Description>
      <Currency>BYR</Currency>
      <AmountByCurrency>94185000.00</AmountByCurrency>
      <AmountByAccount>6499.99</AmountByAccount>
    </TransactionItem>
    <TransactionItem>
      <RegistrationDate>2015-04-15T00:00:00</RegistrationDate>
      <TransactionDate>2015-04-14T00:00:00</TransactionDate>
      <TransactionCode>9999-40/3763169</TransactionCode>
      <Description>Зачисление перевода / Возврат покупки - VIRTUAL FOR INTERNET BANKIN - MINSK</Description>
      <Currency>BYR</Currency>
      <AmountByCurrency>14490000.00</AmountByCurrency>
      <AmountByAccount>1000.00</AmountByAccount>
    </TransactionItem>
  </TransactionItems>
</MontlyReport>