<?xml version="1.0"?>
<MontlyReport xmlns:xsi="http://www.w3.org/2001/XMLSchema-instance" xmlns:xsd="http://www.w3.org/2001/XMLSchema">
  <UserInfo>АЛЕКСАНДР ВАЛЕРЬЕВИЧ КОРЗУН СЛОБОДСКАЯ, д.65, кв.27, Минск, Belarus,</UserInfo>
  <BancInfo>БЕЛИНВЕСТБАНК ГОПЕРу пр.Машерова, 29 Минск 220002</BancInfo>
  <ReportInfo>EC/MC Выписка по картам 1399391-2013/0501</ReportInfo>
  <PeriodInfo>Расчетный цикл 02-04-2013по01-05-2013</PeriodInfo>
  <CreationInfo>Сформировано 02-05-2013 20:31:11</CreationInfo>
  <AccountNumber>739001BYR0000746644</AccountNumber>
  <AccountCurrency>BYR</AccountCurrency>
  <ImmutableBalance>0.00</ImmutableBalance>
  <MinBalance>0.00</MinBalance>
  <AvailibleCredit>0.00</AvailibleCredit>
  <PrevBalance>14225.00</PrevBalance>
  <TransactionItems>
    <TransactionItem>
      <RegistrationDate>2013-04-10T00:00:00</RegistrationDate>
      <TransactionDate>2013-04-10T00:00:00</TransactionDate>
      <TransactionCode>3102189/30988690</TransactionCode>
      <Description>Зачисление на счет - зачисл. з/п: КОРЗУН АЛЕКСАНДР ВАЛЕРЬЕВИЧ; 3819250000393-&gt;3014775400013-91kBYR-746644 = 6652940,00 BYR</Description>
      <Currency />
      <AmountByCurrency>0</AmountByCurrency>
      <AmountByAccount>6652940.00</AmountByAccount>
    </TransactionItem>
    <TransactionItem>
      <RegistrationDate>2013-04-25T00:00:00</RegistrationDate>
      <TransactionDate>2013-04-25T00:00:00</TransactionDate>
      <TransactionCode>3122502/35424996</TransactionCode>
      <Description>Зачисление на счет - зачисл. з/п: КОРЗУН АЛЕКСАНДР ВАЛЕРЬЕВИЧ; 3819250000393-&gt;3014775400013-91kBYR-746644 = 804000,00 BYR</Description>
      <Currency />
      <AmountByCurrency>0</AmountByCurrency>
      <AmountByAccount>804000.00</AmountByAccount>
    </TransactionItem>
    <TransactionItem>
      <RegistrationDate>2013-04-30T00:00:00</RegistrationDate>
      <TransactionDate>2013-04-30T00:00:00</TransactionDate>
      <TransactionCode>3127898/37247800</TransactionCode>
      <Description>Зачисление на счет - начисл. проц-в: КОРЗУН АЛЕКСАНДР ВАЛЕРЬЕВИЧ; 9041251010024-&gt;3014775400013-91kBYR-746644 = 2,00 BYR</Description>
      <Currency />
      <AmountByCurrency>0</AmountByCurrency>
      <AmountByAccount>2.00</AmountByAccount>
    </TransactionItem>
    <TransactionItem>
      <RegistrationDate>2013-04-11T00:00:00</RegistrationDate>
      <TransactionDate>2013-04-10T00:00:00</TransactionDate>
      <TransactionCode>9999-00/8290175</TransactionCode>
      <Description>Перевод средств - VIRTUAL FOR INTERNET BANKIN - MINSK</Description>
      <Currency>BYR</Currency>
      <AmountByCurrency>-6667165.00</AmountByCurrency>
      <AmountByAccount>-6667165.00</AmountByAccount>
    </TransactionItem>
    <TransactionItem>
      <RegistrationDate>2013-04-26T00:00:00</RegistrationDate>
      <TransactionDate>2013-04-25T00:00:00</TransactionDate>
      <TransactionCode>9999A5E/1508400</TransactionCode>
      <Description>Перевод средств - VIRTUAL FOR INTERNET BANKIN - MINSK</Description>
      <Currency>BYR</Currency>
      <AmountByCurrency>-804000.00</AmountByCurrency>
      <AmountByAccount>-804000.00</AmountByAccount>
    </TransactionItem>
  </TransactionItems>
</MontlyReport>