<?xml version="1.0"?>
<MontlyReport xmlns:xsi="http://www.w3.org/2001/XMLSchema-instance" xmlns:xsd="http://www.w3.org/2001/XMLSchema">
  <UserInfo>АЛЕКСАНДР ВАЛЕРЬЕВИЧ КОРЗУН СЛОБОДСКАЯ, д.65, кв.27, Минск, Belarus,</UserInfo>
  <BancInfo>БЕЛИНВЕСТБАНК ГОПЕРу пр.Машерова, 29 Минск 220002</BancInfo>
  <ReportInfo>EC/MC Выписка по картам 1642095-2013/0902</ReportInfo>
  <PeriodInfo>Расчетный цикл 02-08-2013по02-09-2013</PeriodInfo>
  <CreationInfo>Сформировано 03-09-2013 09:30:41</CreationInfo>
  <AccountNumber>739001RUB0000A05A1A</AccountNumber>
  <AccountCurrency>RUB</AccountCurrency>
  <ImmutableBalance>10000.00</ImmutableBalance>
  <MinBalance>0.00</MinBalance>
  <AvailibleCredit>0.00</AvailibleCredit>
  <PrevBalance>88462.24</PrevBalance>
  <TransactionItems>
    <TransactionItem>
      <RegistrationDate>2013-08-30T00:00:00</RegistrationDate>
      <TransactionDate>2013-08-30T00:00:00</TransactionDate>
      <TransactionCode>3293256/73673237</TransactionCode>
      <Description>Зачисление на счет - начисл. проц-в: КОРЗУН АЛЕКСАНДР ВАЛЕРЬЕВИЧ; 6901540006433-&gt;3014775405034-91kRUB-A05A1A = 254,48 RUB</Description>
      <Currency />
      <AmountByCurrency>0</AmountByCurrency>
      <AmountByAccount>254.48</AmountByAccount>
    </TransactionItem>
  </TransactionItems>
</MontlyReport>