<?xml version="1.0"?>
<MontlyReport xmlns:xsi="http://www.w3.org/2001/XMLSchema-instance" xmlns:xsd="http://www.w3.org/2001/XMLSchema">
  <UserInfo>АЛЕКСАНДР ВАЛЕРЬЕВИЧ КОРЗУН СЛОБОДСКАЯ, д.65, кв.27, Минск, Belarus,</UserInfo>
  <BancInfo>БЕЛИНВЕСТБАНК ГОПЕРу пр.Машерова, 29 Минск 220002</BancInfo>
  <ReportInfo>EC/MC Выписка по картам 1399391-2012/0704</ReportInfo>
  <PeriodInfo>Расчетный цикл 05-06-2012по04-07-2012</PeriodInfo>
  <CreationInfo>Сформировано 05-07-2012 10:34:35</CreationInfo>
  <AccountNumber>739001BYR0000746644</AccountNumber>
  <AccountCurrency>BYR</AccountCurrency>
  <ImmutableBalance>0.00</ImmutableBalance>
  <MinBalance>0.00</MinBalance>
  <AvailibleCredit>0.00</AvailibleCredit>
  <PrevBalance>4549760.00</PrevBalance>
  <TransactionItems>
    <TransactionItem>
      <RegistrationDate>2012-06-08T00:00:00</RegistrationDate>
      <TransactionDate>2012-06-08T00:00:00</TransactionDate>
      <TransactionCode>2742310/49284484</TransactionCode>
      <Description>Зачисление на счет - зачисл. з/п: КОРЗУН АЛЕКСАНДР ВАЛЕРЬЕВИЧ; 3819250000393-&gt;3114250000115-91kBYR-746644 = 2640010,00 BYR</Description>
      <Currency />
      <AmountByCurrency>0</AmountByCurrency>
      <AmountByAccount>2640010.00</AmountByAccount>
    </TransactionItem>
    <TransactionItem>
      <RegistrationDate>2012-06-15T00:00:00</RegistrationDate>
      <TransactionDate>2012-06-15T00:00:00</TransactionDate>
      <TransactionCode>1251788/93496310</TransactionCode>
      <Description>Запрос баланса</Description>
      <Currency>BYR</Currency>
      <AmountByCurrency>0</AmountByCurrency>
      <AmountByAccount>-3000.00</AmountByAccount>
    </TransactionItem>
    <TransactionItem>
      <RegistrationDate>2012-06-25T00:00:00</RegistrationDate>
      <TransactionDate>2012-06-25T00:00:00</TransactionDate>
      <TransactionCode>2762747/52482666</TransactionCode>
      <Description>Зачисление на счет - зачисл. з/п: КОРЗУН АЛЕКСАНДР ВАЛЕРЬЕВИЧ; 3819250000393-&gt;3114250000115-91kBYR-746644 = 804000,00 BYR</Description>
      <Currency />
      <AmountByCurrency>0</AmountByCurrency>
      <AmountByAccount>804000.00</AmountByAccount>
    </TransactionItem>
    <TransactionItem>
      <RegistrationDate>2012-06-30T00:00:00</RegistrationDate>
      <TransactionDate>2012-06-30T00:00:00</TransactionDate>
      <TransactionCode>2770709/54280791</TransactionCode>
      <Description>Зачисление на счет - начисл. проц-в: КОРЗУН АЛЕКСАНДР ВАЛЕРЬЕВИЧ; 9043251010048-&gt;3114250000115-91kBYR-746644 = 40,00 BYR</Description>
      <Currency />
      <AmountByCurrency>0</AmountByCurrency>
      <AmountByAccount>40.00</AmountByAccount>
    </TransactionItem>
    <TransactionItem>
      <RegistrationDate>2012-07-04T00:00:00</RegistrationDate>
      <TransactionDate>2012-07-04T00:00:00</TransactionDate>
      <TransactionCode />
      <Description>Комиссия за выдачу нал-х в АТМ</Description>
      <Currency>BYR</Currency>
      <AmountByCurrency>0</AmountByCurrency>
      <AmountByAccount>-10000.00</AmountByAccount>
    </TransactionItem>
    <TransactionItem>
      <RegistrationDate>2012-06-07T00:00:00</RegistrationDate>
      <TransactionDate>2012-06-06T00:00:00</TransactionDate>
      <TransactionCode>0140E80/3471169</TransactionCode>
      <Description>Оплата товаров и услуг - UNIVERSAM "BREST" - MINSK</Description>
      <Currency>BYR</Currency>
      <AmountByCurrency>-48900.00</AmountByCurrency>
      <AmountByAccount>-48900.00</AmountByAccount>
    </TransactionItem>
    <TransactionItem>
      <RegistrationDate>2012-06-12T00:00:00</RegistrationDate>
      <TransactionDate>2012-06-10T00:00:00</TransactionDate>
      <TransactionCode>1120612/3224030</TransactionCode>
      <Description>Оплата товаров и услуг - HYPERMARKET - MINSK</Description>
      <Currency>BYR</Currency>
      <AmountByCurrency>-17260.00</AmountByCurrency>
      <AmountByAccount>-17260.00</AmountByAccount>
    </TransactionItem>
    <TransactionItem>
      <RegistrationDate>2012-06-12T00:00:00</RegistrationDate>
      <TransactionDate>2012-06-11T00:00:00</TransactionDate>
      <TransactionCode>6328431/7640347</TransactionCode>
      <Description>Выдача наличных - METRO BPSB ATM-55 - MINSK</Description>
      <Currency>BYR</Currency>
      <AmountByCurrency>-250000.00</AmountByCurrency>
      <AmountByAccount>-250000.00</AmountByAccount>
    </TransactionItem>
    <TransactionItem>
      <RegistrationDate>2012-06-15T00:00:00</RegistrationDate>
      <TransactionDate>2012-06-14T00:00:00</TransactionDate>
      <TransactionCode>3821F60/6136363</TransactionCode>
      <Description>Оплата товаров и услуг - KAFE "PROSPEKT" - MINSK</Description>
      <Currency>BYR</Currency>
      <AmountByCurrency>-29100.00</AmountByCurrency>
      <AmountByAccount>-29100.00</AmountByAccount>
    </TransactionItem>
    <TransactionItem>
      <RegistrationDate>2012-06-20T00:00:00</RegistrationDate>
      <TransactionDate>2012-06-19T00:00:00</TransactionDate>
      <TransactionCode>9061G10/9500055</TransactionCode>
      <Description>Выдача наличных - ATM GOPERY BIB - MINSK</Description>
      <Currency>BYR</Currency>
      <AmountByCurrency>-600000.00</AmountByCurrency>
      <AmountByAccount>-600000.00</AmountByAccount>
    </TransactionItem>
    <TransactionItem>
      <RegistrationDate>2012-06-20T00:00:00</RegistrationDate>
      <TransactionDate>2012-06-19T00:00:00</TransactionDate>
      <TransactionCode>9137G10/9524696</TransactionCode>
      <Description>Выдача наличных - ATM N137 BIB - MINSK</Description>
      <Currency>BYR</Currency>
      <AmountByCurrency>-5000000.00</AmountByCurrency>
      <AmountByAccount>-5000000.00</AmountByAccount>
    </TransactionItem>
    <TransactionItem>
      <RegistrationDate>2012-06-29T00:00:00</RegistrationDate>
      <TransactionDate>2012-06-28T00:00:00</TransactionDate>
      <TransactionCode>3817H00/8064312</TransactionCode>
      <Description>Оплата товаров и услуг - KAFE "PROSPEKT" - MINSK</Description>
      <Currency>BYR</Currency>
      <AmountByCurrency>-22950.00</AmountByCurrency>
      <AmountByAccount>-22950.00</AmountByAccount>
    </TransactionItem>
    <TransactionItem>
      <RegistrationDate>2012-06-29T00:00:00</RegistrationDate>
      <TransactionDate>2012-06-28T00:00:00</TransactionDate>
      <TransactionCode>0035H00/8110732</TransactionCode>
      <Description>Оплата товаров и услуг - UNIVERSAM "RODNY KUT" - MINSK</Description>
      <Currency>BYR</Currency>
      <AmountByCurrency>-12450.00</AmountByCurrency>
      <AmountByAccount>-12450.00</AmountByAccount>
    </TransactionItem>
    <TransactionItem>
      <RegistrationDate>2012-07-04T00:00:00</RegistrationDate>
      <TransactionDate>2012-06-30T00:00:00</TransactionDate>
      <TransactionCode>3821H20/4615438</TransactionCode>
      <Description>Оплата товаров и услуг - KAFE "PROSPEKT" - MINSK</Description>
      <Currency>BYR</Currency>
      <AmountByCurrency>-37950.00</AmountByCurrency>
      <AmountByAccount>-37950.00</AmountByAccount>
    </TransactionItem>
    <TransactionItem>
      <RegistrationDate>2012-07-04T00:00:00</RegistrationDate>
      <TransactionDate>2012-06-30T00:00:00</TransactionDate>
      <TransactionCode>0244H20/5529654</TransactionCode>
      <Description>Оплата товаров и услуг - TORGOVY CENTR "KORONA" - MINSK</Description>
      <Currency>BYR</Currency>
      <AmountByCurrency>-9500.00</AmountByCurrency>
      <AmountByAccount>-9500.00</AmountByAccount>
    </TransactionItem>
  </TransactionItems>
</MontlyReport>