<?xml version="1.0"?>
<MontlyReport xmlns:xsi="http://www.w3.org/2001/XMLSchema-instance" xmlns:xsd="http://www.w3.org/2001/XMLSchema">
  <UserInfo>АЛЕКСАНДР ВАЛЕРЬЕВИЧ КОРЗУН СЛОБОДСКАЯ, д.65, кв.27, Минск, Belarus,</UserInfo>
  <BancInfo>БЕЛИНВЕСТБАНК ГОПЕРу пр.Машерова, 29 Минск 220002</BancInfo>
  <ReportInfo>EC/MC Выписка по картам 1570384-2013/0603</ReportInfo>
  <PeriodInfo>Расчетный цикл 02-05-2013по03-06-2013</PeriodInfo>
  <CreationInfo>Сформировано 07-06-2013 16:35:38</CreationInfo>
  <AccountNumber>739001BYR00009AFD63</AccountNumber>
  <AccountCurrency>BYR</AccountCurrency>
  <ImmutableBalance>500000.00</ImmutableBalance>
  <MinBalance>0.00</MinBalance>
  <AvailibleCredit>0.00</AvailibleCredit>
  <PrevBalance>18036037.00</PrevBalance>
  <TransactionItems>
    <TransactionItem>
      <RegistrationDate>2013-05-31T00:00:00</RegistrationDate>
      <TransactionDate>2013-05-31T00:00:00</TransactionDate>
      <TransactionCode>3165969/46321356</TransactionCode>
      <Description>Зачисление на счет - начисл. проц-в: КОРЗУН АЛЕКСАНДР ВАЛЕРЬЕВИЧ; 9041251010024-&gt;3014775400013-91kBYR-9AFD63 = 473296,00 BYR</Description>
      <Currency />
      <AmountByCurrency>0</AmountByCurrency>
      <AmountByAccount>473296.00</AmountByAccount>
    </TransactionItem>
    <TransactionItem>
      <RegistrationDate>2013-05-02T00:00:00</RegistrationDate>
      <TransactionDate>2013-05-01T00:00:00</TransactionDate>
      <TransactionCode>3421B10/1931307</TransactionCode>
      <Description>Оплата товаров и услуг - SHOP "VELOGRAD" BAPB - MINSK</Description>
      <Currency>BYR</Currency>
      <AmountByCurrency>-262000.00</AmountByCurrency>
      <AmountByAccount>-262000.00</AmountByAccount>
    </TransactionItem>
    <TransactionItem>
      <RegistrationDate>2013-05-03T00:00:00</RegistrationDate>
      <TransactionDate>2013-05-02T00:00:00</TransactionDate>
      <TransactionCode>2413B20/2824295</TransactionCode>
      <Description>Оплата товаров и услуг - KAFE "BUVETTE" - MINSK</Description>
      <Currency>BYR</Currency>
      <AmountByCurrency>-27900.00</AmountByCurrency>
      <AmountByAccount>-27900.00</AmountByAccount>
    </TransactionItem>
    <TransactionItem>
      <RegistrationDate>2013-05-06T00:00:00</RegistrationDate>
      <TransactionDate>2013-05-04T00:00:00</TransactionDate>
      <TransactionCode>2413B40/6534061</TransactionCode>
      <Description>Оплата товаров и услуг - KAFE "BUVETTE" - MINSK</Description>
      <Currency>BYR</Currency>
      <AmountByCurrency>-38900.00</AmountByCurrency>
      <AmountByAccount>-38900.00</AmountByAccount>
    </TransactionItem>
    <TransactionItem>
      <RegistrationDate>2013-05-06T00:00:00</RegistrationDate>
      <TransactionDate>2013-05-03T00:00:00</TransactionDate>
      <TransactionCode>0697B30/5326090</TransactionCode>
      <Description>Оплата товаров и услуг - SHOP N 3 - MINSK</Description>
      <Currency>BYR</Currency>
      <AmountByCurrency>-42100.00</AmountByCurrency>
      <AmountByAccount>-42100.00</AmountByAccount>
    </TransactionItem>
    <TransactionItem>
      <RegistrationDate>2013-05-06T00:00:00</RegistrationDate>
      <TransactionDate>2013-05-05T00:00:00</TransactionDate>
      <TransactionCode>6347B50/7644698</TransactionCode>
      <Description>Оплата товаров и услуг - SHOP "EVROOPT" - MINSKIY R-N</Description>
      <Currency>BYR</Currency>
      <AmountByCurrency>-124550.00</AmountByCurrency>
      <AmountByAccount>-124550.00</AmountByAccount>
    </TransactionItem>
    <TransactionItem>
      <RegistrationDate>2013-05-07T00:00:00</RegistrationDate>
      <TransactionDate>2013-05-06T00:00:00</TransactionDate>
      <TransactionCode>9999B64/3612659</TransactionCode>
      <Description>Оплата товаров и услуг - VIRTUAL FOR INTERNET BANKIN - MINSK</Description>
      <Currency>BYR</Currency>
      <AmountByCurrency>-50000.00</AmountByCurrency>
      <AmountByAccount>-50000.00</AmountByAccount>
    </TransactionItem>
    <TransactionItem>
      <RegistrationDate>2013-05-08T00:00:00</RegistrationDate>
      <TransactionDate>2013-05-07T00:00:00</TransactionDate>
      <TransactionCode>2413B70/9999721</TransactionCode>
      <Description>Оплата товаров и услуг - KAFE "BUVETTE" - MINSK</Description>
      <Currency>BYR</Currency>
      <AmountByCurrency>-27900.00</AmountByCurrency>
      <AmountByAccount>-27900.00</AmountByAccount>
    </TransactionItem>
    <TransactionItem>
      <RegistrationDate>2013-05-13T00:00:00</RegistrationDate>
      <TransactionDate>2013-05-07T00:00:00</TransactionDate>
      <TransactionCode>9137B70/3960990</TransactionCode>
      <Description>Выдача наличных - ATM N137 BIB - MINSK</Description>
      <Currency>BYR</Currency>
      <AmountByCurrency>-200000.00</AmountByCurrency>
      <AmountByAccount>-200000.00</AmountByAccount>
    </TransactionItem>
    <TransactionItem>
      <RegistrationDate>2013-05-13T00:00:00</RegistrationDate>
      <TransactionDate>2013-05-08T00:00:00</TransactionDate>
      <TransactionCode>9999B8R/4113116</TransactionCode>
      <Description>Зачисление перевода / Возврат покупки - VIRTUAL FOR INTERNET BANKIN - MINSK</Description>
      <Currency>BYR</Currency>
      <AmountByCurrency>5141562.00</AmountByCurrency>
      <AmountByAccount>5141562.00</AmountByAccount>
    </TransactionItem>
    <TransactionItem>
      <RegistrationDate>2013-05-15T00:00:00</RegistrationDate>
      <TransactionDate>2013-05-13T00:00:00</TransactionDate>
      <TransactionCode>6320C30/1223279</TransactionCode>
      <Description>Оплата товаров и услуг - SHOP "EVROOPT" - MINSKIY R-N</Description>
      <Currency>BYR</Currency>
      <AmountByCurrency>-117150.00</AmountByCurrency>
      <AmountByAccount>-117150.00</AmountByAccount>
    </TransactionItem>
    <TransactionItem>
      <RegistrationDate>2013-05-16T00:00:00</RegistrationDate>
      <TransactionDate>2013-05-15T00:00:00</TransactionDate>
      <TransactionCode>5397C50/3237541</TransactionCode>
      <Description>Оплата товаров и услуг - ZAKUS. "PIZZA FOOT" BA - MINSK</Description>
      <Currency>BYR</Currency>
      <AmountByCurrency>-240950.00</AmountByCurrency>
      <AmountByAccount>-240950.00</AmountByAccount>
    </TransactionItem>
    <TransactionItem>
      <RegistrationDate>2013-05-18T00:00:00</RegistrationDate>
      <TransactionDate>2013-05-17T00:00:00</TransactionDate>
      <TransactionCode>2413C70/7128054</TransactionCode>
      <Description>Оплата товаров и услуг - KAFE "BUVETTE" - MINSK</Description>
      <Currency>BYR</Currency>
      <AmountByCurrency>-27900.00</AmountByCurrency>
      <AmountByAccount>-27900.00</AmountByAccount>
    </TransactionItem>
    <TransactionItem>
      <RegistrationDate>2013-05-18T00:00:00</RegistrationDate>
      <TransactionDate>2013-05-17T00:00:00</TransactionDate>
      <TransactionCode>0040C70/7591875</TransactionCode>
      <Description>Оплата товаров и услуг - UNIVERSAM "RODNY KUT" - MINSK</Description>
      <Currency>BYR</Currency>
      <AmountByCurrency>-14850.00</AmountByCurrency>
      <AmountByAccount>-14850.00</AmountByAccount>
    </TransactionItem>
    <TransactionItem>
      <RegistrationDate>2013-05-20T00:00:00</RegistrationDate>
      <TransactionDate>2013-05-16T00:00:00</TransactionDate>
      <TransactionCode>1130520/1813</TransactionCode>
      <Description>Оплата товаров и услуг - SAKVOYAZH KAFE - MINSK</Description>
      <Currency>BYR</Currency>
      <AmountByCurrency>-139000.00</AmountByCurrency>
      <AmountByAccount>-139000.00</AmountByAccount>
    </TransactionItem>
    <TransactionItem>
      <RegistrationDate>2013-05-20T00:00:00</RegistrationDate>
      <TransactionDate>2013-05-19T00:00:00</TransactionDate>
      <TransactionCode>2413C90/0374506</TransactionCode>
      <Description>Оплата товаров и услуг - KAFE "BUVETTE" - MINSK</Description>
      <Currency>BYR</Currency>
      <AmountByCurrency>-60100.00</AmountByCurrency>
      <AmountByAccount>-60100.00</AmountByAccount>
    </TransactionItem>
    <TransactionItem>
      <RegistrationDate>2013-05-21T00:00:00</RegistrationDate>
      <TransactionDate>2013-05-19T00:00:00</TransactionDate>
      <TransactionCode>9061C90/6381468</TransactionCode>
      <Description>Выдача наличных - ATM GOPERY BIB - MINSK</Description>
      <Currency>BYR</Currency>
      <AmountByCurrency>-100000.00</AmountByCurrency>
      <AmountByAccount>-100000.00</AmountByAccount>
    </TransactionItem>
    <TransactionItem>
      <RegistrationDate>2013-05-22T00:00:00</RegistrationDate>
      <TransactionDate>2013-05-21T00:00:00</TransactionDate>
      <TransactionCode>3821D10/4674061</TransactionCode>
      <Description>Оплата товаров и услуг - KAFE "PROSPEKT" - MINSK</Description>
      <Currency>BYR</Currency>
      <AmountByCurrency>-34650.00</AmountByCurrency>
      <AmountByAccount>-34650.00</AmountByAccount>
    </TransactionItem>
    <TransactionItem>
      <RegistrationDate>2013-05-27T00:00:00</RegistrationDate>
      <TransactionDate>2013-05-22T00:00:00</TransactionDate>
      <TransactionCode>1130527/1975</TransactionCode>
      <Description>Оплата товаров и услуг - LA VITA CAFE - MINSK</Description>
      <Currency>BYR</Currency>
      <AmountByCurrency>-129300.00</AmountByCurrency>
      <AmountByAccount>-129300.00</AmountByAccount>
    </TransactionItem>
    <TransactionItem>
      <RegistrationDate>2013-05-27T00:00:00</RegistrationDate>
      <TransactionDate>2013-05-25T00:00:00</TransactionDate>
      <TransactionCode>9999D5R/7739345</TransactionCode>
      <Description>Оплата товаров и услуг - VIRTUAL FOR INTERNET BANKIN - MINSK</Description>
      <Currency>BYR</Currency>
      <AmountByCurrency>-20000.00</AmountByCurrency>
      <AmountByAccount>-20000.00</AmountByAccount>
    </TransactionItem>
    <TransactionItem>
      <RegistrationDate>2013-05-27T00:00:00</RegistrationDate>
      <TransactionDate>2013-05-24T00:00:00</TransactionDate>
      <TransactionCode>9999D4B/7423687</TransactionCode>
      <Description>Зачисление перевода / Возврат покупки - VIRTUAL FOR INTERNET BANKIN - MINSK</Description>
      <Currency>BYR</Currency>
      <AmountByCurrency>804000.00</AmountByCurrency>
      <AmountByAccount>804000.00</AmountByAccount>
    </TransactionItem>
    <TransactionItem>
      <RegistrationDate>2013-05-27T00:00:00</RegistrationDate>
      <TransactionDate>2013-05-24T00:00:00</TransactionDate>
      <TransactionCode>2413D40/0659512</TransactionCode>
      <Description>Оплата товаров и услуг - KAFE "BUVETTE" - MINSK</Description>
      <Currency>BYR</Currency>
      <AmountByCurrency>-47900.00</AmountByCurrency>
      <AmountByAccount>-47900.00</AmountByAccount>
    </TransactionItem>
    <TransactionItem>
      <RegistrationDate>2013-05-31T00:00:00</RegistrationDate>
      <TransactionDate>2013-05-30T00:00:00</TransactionDate>
      <TransactionCode>9137E00/8776250</TransactionCode>
      <Description>Выдача наличных - ATM N137 BIB - MINSK</Description>
      <Currency>BYR</Currency>
      <AmountByCurrency>-100000.00</AmountByCurrency>
      <AmountByAccount>-100000.00</AmountByAccount>
    </TransactionItem>
    <TransactionItem>
      <RegistrationDate>2013-05-31T00:00:00</RegistrationDate>
      <TransactionDate>2013-05-30T00:00:00</TransactionDate>
      <TransactionCode>9999E0W/8817128</TransactionCode>
      <Description>Оплата товаров и услуг - VIRTUAL FOR INTERNET BANKIN - MINSK</Description>
      <Currency>BYR</Currency>
      <AmountByCurrency>-20000.00</AmountByCurrency>
      <AmountByAccount>-20000.00</AmountByAccount>
    </TransactionItem>
    <TransactionItem>
      <RegistrationDate>2013-06-03T00:00:00</RegistrationDate>
      <TransactionDate>2013-06-01T00:00:00</TransactionDate>
      <TransactionCode>0720E20/4057499</TransactionCode>
      <Description>Оплата товаров и услуг - UNIVERSAM "BREST" - MINSK</Description>
      <Currency>BYR</Currency>
      <AmountByCurrency>-5750.00</AmountByCurrency>
      <AmountByAccount>-5750.00</AmountByAccount>
    </TransactionItem>
    <TransactionItem>
      <RegistrationDate>2013-06-03T00:00:00</RegistrationDate>
      <TransactionDate>2013-06-01T00:00:00</TransactionDate>
      <TransactionCode>0720E20/4057498</TransactionCode>
      <Description>Оплата товаров и услуг - UNIVERSAM "BREST" - MINSK</Description>
      <Currency>BYR</Currency>
      <AmountByCurrency>-31550.00</AmountByCurrency>
      <AmountByAccount>-31550.00</AmountByAccount>
    </TransactionItem>
    <TransactionItem>
      <RegistrationDate>2013-06-03T00:00:00</RegistrationDate>
      <TransactionDate>2013-06-01T00:00:00</TransactionDate>
      <TransactionCode>9061E21/9190298</TransactionCode>
      <Description>Выдача наличных - ATM GOPERY BIB - MINSK</Description>
      <Currency>BYR</Currency>
      <AmountByCurrency>-100000.00</AmountByCurrency>
      <AmountByAccount>-100000.00</AmountByAccount>
    </TransactionItem>
  </TransactionItems>
</MontlyReport>