<?xml version="1.0"?>
<MontlyReport xmlns:xsi="http://www.w3.org/2001/XMLSchema-instance" xmlns:xsd="http://www.w3.org/2001/XMLSchema">
  <UserInfo>АЛЕКСАНДР ВАЛЕРЬЕВИЧ КОРЗУН СЛОБОДСКАЯ, д.65, кв.27, Минск, Belarus,</UserInfo>
  <BancInfo>БЕЛИНВЕСТБАНК ГОПЕРу пр.Машерова, 29 Минск 220002</BancInfo>
  <ReportInfo>EC/MC Выписка по картам 1570384-2015/0901</ReportInfo>
  <PeriodInfo>Расчетный цикл 04-08-2015по01-09-2015</PeriodInfo>
  <CreationInfo>Сформировано 02-09-2015 14:05:40</CreationInfo>
  <AccountNumber>739001BYR00009AFD63</AccountNumber>
  <AccountCurrency>BYR</AccountCurrency>
  <ImmutableBalance>500000.00</ImmutableBalance>
  <MinBalance>0.00</MinBalance>
  <AvailibleCredit>0.00</AvailibleCredit>
  <PrevBalance>1527120.00</PrevBalance>
  <TransactionItems>
    <TransactionItem>
      <RegistrationDate>2015-08-31T00:00:00</RegistrationDate>
      <TransactionDate>2015-08-31T00:00:00</TransactionDate>
      <TransactionCode>4407941/25774316</TransactionCode>
      <Description>Зачисление на счет - начисл. проц-в: КОРЗУН АЛЕКСАНДР ВАЛЕРЬЕВИЧ; 9041251010024-&gt;3014775400013-91kBYR-9AFD63 = 21862,00 BYR</Description>
      <Currency />
      <AmountByCurrency>0</AmountByCurrency>
      <AmountByAccount>21862.00</AmountByAccount>
    </TransactionItem>
    <TransactionItem>
      <RegistrationDate>2015-08-04T00:00:00</RegistrationDate>
      <TransactionDate>2015-08-03T00:00:00</TransactionDate>
      <TransactionCode>2157K50/3005156</TransactionCode>
      <Description>Оплата товаров и услуг - SHOP "RUBLEVSKIY 144" - MINSK</Description>
      <Currency>BYR</Currency>
      <AmountByCurrency>-21100.00</AmountByCurrency>
      <AmountByAccount>-21100.00</AmountByAccount>
    </TransactionItem>
    <TransactionItem>
      <RegistrationDate>2015-08-05T00:00:00</RegistrationDate>
      <TransactionDate>2015-08-04T00:00:00</TransactionDate>
      <TransactionCode>2808K60/4669957</TransactionCode>
      <Description>Оплата товаров и услуг - SHOP "MILA-53" - MINSK</Description>
      <Currency>BYR</Currency>
      <AmountByCurrency>-78100.00</AmountByCurrency>
      <AmountByAccount>-78100.00</AmountByAccount>
    </TransactionItem>
    <TransactionItem>
      <RegistrationDate>2015-08-05T00:00:00</RegistrationDate>
      <TransactionDate>2015-08-04T00:00:00</TransactionDate>
      <TransactionCode>4133K60/3588123</TransactionCode>
      <Description>Оплата товаров и услуг - SHOP "RUBLEVSKIY" - MINSK</Description>
      <Currency>BYR</Currency>
      <AmountByCurrency>-6700.00</AmountByCurrency>
      <AmountByAccount>-6700.00</AmountByAccount>
    </TransactionItem>
    <TransactionItem>
      <RegistrationDate>2015-08-05T00:00:00</RegistrationDate>
      <TransactionDate>2015-08-04T00:00:00</TransactionDate>
      <TransactionCode>6108663/4488231</TransactionCode>
      <Description>Оплата товаров и услуг - ST.METRO "MALINOVKA" BPSB - MINSK</Description>
      <Currency>BYR</Currency>
      <AmountByCurrency>-18000.00</AmountByCurrency>
      <AmountByAccount>-18000.00</AmountByAccount>
    </TransactionItem>
    <TransactionItem>
      <RegistrationDate>2015-08-06T00:00:00</RegistrationDate>
      <TransactionDate>2015-08-05T00:00:00</TransactionDate>
      <TransactionCode>0113129/5489183</TransactionCode>
      <Description>Оплата товаров и услуг - UNIVERSAM "EVROPEISKIY" - MINSK</Description>
      <Currency>BYR</Currency>
      <AmountByCurrency>-323700.00</AmountByCurrency>
      <AmountByAccount>-323700.00</AmountByAccount>
    </TransactionItem>
    <TransactionItem>
      <RegistrationDate>2015-08-10T00:00:00</RegistrationDate>
      <TransactionDate>2015-08-08T00:00:00</TransactionDate>
      <TransactionCode>4603L07/0525722</TransactionCode>
      <Description>Оплата товаров и услуг - PT SHOP GASPADAR I GASPADYN - MINSK</Description>
      <Currency>BYR</Currency>
      <AmountByCurrency>-45000.00</AmountByCurrency>
      <AmountByAccount>-45000.00</AmountByAccount>
    </TransactionItem>
    <TransactionItem>
      <RegistrationDate>2015-08-10T00:00:00</RegistrationDate>
      <TransactionDate>2015-08-08T00:00:00</TransactionDate>
      <TransactionCode>9094L00/0469094</TransactionCode>
      <Description>Выдача наличных - ATM N94 METRO VOSTOK BIB - MINSK</Description>
      <Currency>BYR</Currency>
      <AmountByCurrency>-500000.00</AmountByCurrency>
      <AmountByAccount>-500000.00</AmountByAccount>
    </TransactionItem>
    <TransactionItem>
      <RegistrationDate>2015-08-10T00:00:00</RegistrationDate>
      <TransactionDate>2015-08-08T00:00:00</TransactionDate>
      <TransactionCode>9999L0D/0516352</TransactionCode>
      <Description>Зачисление перевода / Возврат покупки - VIRTUAL FOR INTERNET BANKIN - MINSK</Description>
      <Currency>USD</Currency>
      <AmountByCurrency>200.00</AmountByCurrency>
      <AmountByAccount>3100000.00</AmountByAccount>
    </TransactionItem>
    <TransactionItem>
      <RegistrationDate>2015-08-10T00:00:00</RegistrationDate>
      <TransactionDate>2015-08-06T00:00:00</TransactionDate>
      <TransactionCode>0120604/9275818</TransactionCode>
      <Description>Оплата товаров и услуг - UNIVERSAM "EVROPEISKIY" - MINSK</Description>
      <Currency>BYR</Currency>
      <AmountByCurrency>-36900.00</AmountByCurrency>
      <AmountByAccount>-36900.00</AmountByAccount>
    </TransactionItem>
    <TransactionItem>
      <RegistrationDate>2015-08-10T00:00:00</RegistrationDate>
      <TransactionDate>2015-08-08T00:00:00</TransactionDate>
      <TransactionCode>7472L0X/0571763</TransactionCode>
      <Description>Оплата товаров и услуг - PT SHOP GASPADAR I GASPADYN - MINSK</Description>
      <Currency>BYR</Currency>
      <AmountByCurrency>-31500.00</AmountByCurrency>
      <AmountByAccount>-31500.00</AmountByAccount>
    </TransactionItem>
    <TransactionItem>
      <RegistrationDate>2015-08-11T00:00:00</RegistrationDate>
      <TransactionDate>2015-08-10T00:00:00</TransactionDate>
      <TransactionCode>9999L2Q/0833607</TransactionCode>
      <Description>Оплата товаров и услуг - VIRTUAL FOR INTERNET BANKIN - MINSK</Description>
      <Currency>BYR</Currency>
      <AmountByCurrency>-60000.00</AmountByCurrency>
      <AmountByAccount>-60000.00</AmountByAccount>
    </TransactionItem>
    <TransactionItem>
      <RegistrationDate>2015-08-11T00:00:00</RegistrationDate>
      <TransactionDate>2015-08-10T00:00:00</TransactionDate>
      <TransactionCode>9999L2Q/0833560</TransactionCode>
      <Description>Оплата товаров и услуг - VIRTUAL FOR INTERNET BANKIN - MINSK</Description>
      <Currency>BYR</Currency>
      <AmountByCurrency>-100000.00</AmountByCurrency>
      <AmountByAccount>-100000.00</AmountByAccount>
    </TransactionItem>
    <TransactionItem>
      <RegistrationDate>2015-08-11T00:00:00</RegistrationDate>
      <TransactionDate>2015-08-10T00:00:00</TransactionDate>
      <TransactionCode>0120610/5065962</TransactionCode>
      <Description>Оплата товаров и услуг - UNIVERSAM "EVROPEISKIY" - MINSK</Description>
      <Currency>BYR</Currency>
      <AmountByCurrency>-269300.00</AmountByCurrency>
      <AmountByAccount>-269300.00</AmountByAccount>
    </TransactionItem>
    <TransactionItem>
      <RegistrationDate>2015-08-11T00:00:00</RegistrationDate>
      <TransactionDate>2015-08-10T00:00:00</TransactionDate>
      <TransactionCode>0480006/5944360</TransactionCode>
      <Description>Оплата товаров и услуг - SHOP "SOSEDI" - MINSK</Description>
      <Currency>BYR</Currency>
      <AmountByCurrency>-42300.00</AmountByCurrency>
      <AmountByAccount>-42300.00</AmountByAccount>
    </TransactionItem>
    <TransactionItem>
      <RegistrationDate>2015-08-11T00:00:00</RegistrationDate>
      <TransactionDate>2015-08-09T00:00:00</TransactionDate>
      <TransactionCode>0064229/5074776</TransactionCode>
      <Description>Оплата товаров и услуг - TC "ZAMOK" GIPERMARKET BPSB - MINSK</Description>
      <Currency>BYR</Currency>
      <AmountByCurrency>-51600.00</AmountByCurrency>
      <AmountByAccount>-51600.00</AmountByAccount>
    </TransactionItem>
    <TransactionItem>
      <RegistrationDate>2015-08-11T00:00:00</RegistrationDate>
      <TransactionDate>2015-08-10T00:00:00</TransactionDate>
      <TransactionCode>9999L2Q/0833580</TransactionCode>
      <Description>Оплата товаров и услуг - VIRTUAL FOR INTERNET BANKIN - MINSK</Description>
      <Currency>BYR</Currency>
      <AmountByCurrency>-40000.00</AmountByCurrency>
      <AmountByAccount>-40000.00</AmountByAccount>
    </TransactionItem>
    <TransactionItem>
      <RegistrationDate>2015-08-14T00:00:00</RegistrationDate>
      <TransactionDate>2015-08-13T00:00:00</TransactionDate>
      <TransactionCode>0114124/2855830</TransactionCode>
      <Description>Оплата товаров и услуг - UNIVERSAM "EVROPEISKIY" - MINSK</Description>
      <Currency>BYR</Currency>
      <AmountByCurrency>-355700.00</AmountByCurrency>
      <AmountByAccount>-355700.00</AmountByAccount>
    </TransactionItem>
    <TransactionItem>
      <RegistrationDate>2015-08-17T00:00:00</RegistrationDate>
      <TransactionDate>2015-08-14T00:00:00</TransactionDate>
      <TransactionCode>0654L69/6086450</TransactionCode>
      <Description>Выдача наличных - "GASPADAR" MGD BR. BAPB ATM - MINSK</Description>
      <Currency>BYR</Currency>
      <AmountByCurrency>-500000.00</AmountByCurrency>
      <AmountByAccount>-500000.00</AmountByAccount>
    </TransactionItem>
    <TransactionItem>
      <RegistrationDate>2015-08-17T00:00:00</RegistrationDate>
      <TransactionDate>2015-08-14T00:00:00</TransactionDate>
      <TransactionCode>9999L6U/1795861</TransactionCode>
      <Description>Оплата товаров и услуг - VIRTUAL FOR INTERNET BANKIN - MINSK</Description>
      <Currency>BYR</Currency>
      <AmountByCurrency>-50000.00</AmountByCurrency>
      <AmountByAccount>-50000.00</AmountByAccount>
    </TransactionItem>
    <TransactionItem>
      <RegistrationDate>2015-08-19T00:00:00</RegistrationDate>
      <TransactionDate>2015-08-18T00:00:00</TransactionDate>
      <TransactionCode>9997M0L/2706211</TransactionCode>
      <Description>Оплата товаров и услуг - SMS Opoveschenie - MINSK</Description>
      <Currency>BYR</Currency>
      <AmountByCurrency>-3000.00</AmountByCurrency>
      <AmountByAccount>-3000.00</AmountByAccount>
    </TransactionItem>
    <TransactionItem>
      <RegistrationDate>2015-08-24T00:00:00</RegistrationDate>
      <TransactionDate>2015-08-22T00:00:00</TransactionDate>
      <TransactionCode>9999M43/3947410</TransactionCode>
      <Description>Оплата товаров и услуг - VIRTUAL FOR INTERNET BANKIN - MINSK</Description>
      <Currency>BYR</Currency>
      <AmountByCurrency>-184638.00</AmountByCurrency>
      <AmountByAccount>-184638.00</AmountByAccount>
    </TransactionItem>
    <TransactionItem>
      <RegistrationDate>2015-08-24T00:00:00</RegistrationDate>
      <TransactionDate>2015-08-22T00:00:00</TransactionDate>
      <TransactionCode>9999M43/3947612</TransactionCode>
      <Description>Оплата товаров и услуг - VIRTUAL FOR INTERNET BANKIN - MINSK</Description>
      <Currency>BYR</Currency>
      <AmountByCurrency>-21000.00</AmountByCurrency>
      <AmountByAccount>-21000.00</AmountByAccount>
    </TransactionItem>
    <TransactionItem>
      <RegistrationDate>2015-08-24T00:00:00</RegistrationDate>
      <TransactionDate>2015-08-21T00:00:00</TransactionDate>
      <TransactionCode>9094M30/3645363</TransactionCode>
      <Description>Выдача наличных - ATM N94 METRO VOSTOK BIB - MINSK</Description>
      <Currency>BYR</Currency>
      <AmountByCurrency>-500000.00</AmountByCurrency>
      <AmountByAccount>-500000.00</AmountByAccount>
    </TransactionItem>
    <TransactionItem>
      <RegistrationDate>2015-08-24T00:00:00</RegistrationDate>
      <TransactionDate>2015-08-22T00:00:00</TransactionDate>
      <TransactionCode>6852358/4813295</TransactionCode>
      <Description>Оплата товаров и услуг - PIVBAR BAPB - MINSK</Description>
      <Currency>BYR</Currency>
      <AmountByCurrency>-26900.00</AmountByCurrency>
      <AmountByAccount>-26900.00</AmountByAccount>
    </TransactionItem>
    <TransactionItem>
      <RegistrationDate>2015-08-24T00:00:00</RegistrationDate>
      <TransactionDate>2015-08-22T00:00:00</TransactionDate>
      <TransactionCode>6853566/4672036</TransactionCode>
      <Description>Оплата товаров и услуг - RESTORAN "ARBAT" BAPB - MINSK</Description>
      <Currency>BYR</Currency>
      <AmountByCurrency>-19500.00</AmountByCurrency>
      <AmountByAccount>-19500.00</AmountByAccount>
    </TransactionItem>
    <TransactionItem>
      <RegistrationDate>2015-08-24T00:00:00</RegistrationDate>
      <TransactionDate>2015-08-21T00:00:00</TransactionDate>
      <TransactionCode>9999M32/3569125</TransactionCode>
      <Description>Оплата товаров и услуг - VIRTUAL FOR INTERNET BANKIN - MINSK</Description>
      <Currency>BYR</Currency>
      <AmountByCurrency>-110000.00</AmountByCurrency>
      <AmountByAccount>-110000.00</AmountByAccount>
    </TransactionItem>
    <TransactionItem>
      <RegistrationDate>2015-08-24T00:00:00</RegistrationDate>
      <TransactionDate>2015-08-22T00:00:00</TransactionDate>
      <TransactionCode>9999M43/3947579</TransactionCode>
      <Description>Оплата товаров и услуг - VIRTUAL FOR INTERNET BANKIN - MINSK</Description>
      <Currency>BYR</Currency>
      <AmountByCurrency>-150000.00</AmountByCurrency>
      <AmountByAccount>-150000.00</AmountByAccount>
    </TransactionItem>
    <TransactionItem>
      <RegistrationDate>2015-08-24T00:00:00</RegistrationDate>
      <TransactionDate>2015-08-22T00:00:00</TransactionDate>
      <TransactionCode>9999M43/3947556</TransactionCode>
      <Description>Оплата товаров и услуг - VIRTUAL FOR INTERNET BANKIN - MINSK</Description>
      <Currency>BYR</Currency>
      <AmountByCurrency>-54317.00</AmountByCurrency>
      <AmountByAccount>-54317.00</AmountByAccount>
    </TransactionItem>
    <TransactionItem>
      <RegistrationDate>2015-08-24T00:00:00</RegistrationDate>
      <TransactionDate>2015-08-23T00:00:00</TransactionDate>
      <TransactionCode>0124947/5955897</TransactionCode>
      <Description>Оплата товаров и услуг - UNIVERSAM "EVROPEISKIY" - MINSK</Description>
      <Currency>BYR</Currency>
      <AmountByCurrency>-284300.00</AmountByCurrency>
      <AmountByAccount>-284300.00</AmountByAccount>
    </TransactionItem>
    <TransactionItem>
      <RegistrationDate>2015-08-24T00:00:00</RegistrationDate>
      <TransactionDate>2015-08-23T00:00:00</TransactionDate>
      <TransactionCode>0064254/6020922</TransactionCode>
      <Description>Оплата товаров и услуг - TC "ZAMOK" GIPERMARKET BPSB - MINSK</Description>
      <Currency>BYR</Currency>
      <AmountByCurrency>-112700.00</AmountByCurrency>
      <AmountByAccount>-112700.00</AmountByAccount>
    </TransactionItem>
    <TransactionItem>
      <RegistrationDate>2015-08-25T00:00:00</RegistrationDate>
      <TransactionDate>2015-08-24T00:00:00</TransactionDate>
      <TransactionCode>9061M60/4492313</TransactionCode>
      <Description>Выдача наличных - ATM GOPERY BIB - MINSK</Description>
      <Currency>BYR</Currency>
      <AmountByCurrency>-500000.00</AmountByCurrency>
      <AmountByAccount>-500000.00</AmountByAccount>
    </TransactionItem>
    <TransactionItem>
      <RegistrationDate>2015-08-25T00:00:00</RegistrationDate>
      <TransactionDate>2015-08-24T00:00:00</TransactionDate>
      <TransactionCode>9999M6U/4425561</TransactionCode>
      <Description>Зачисление перевода / Возврат покупки - VIRTUAL FOR INTERNET BANKIN - MINSK</Description>
      <Currency>USD</Currency>
      <AmountByCurrency>200.00</AmountByCurrency>
      <AmountByAccount>3380000.00</AmountByAccount>
    </TransactionItem>
    <TransactionItem>
      <RegistrationDate>2015-08-26T00:00:00</RegistrationDate>
      <TransactionDate>2015-08-25T00:00:00</TransactionDate>
      <TransactionCode>4774345/1264410</TransactionCode>
      <Description>Оплата товаров и услуг - ST.METRO "PL.Y.KOLOSA" BPSB - MINSK</Description>
      <Currency>BYR</Currency>
      <AmountByCurrency>-36000.00</AmountByCurrency>
      <AmountByAccount>-36000.00</AmountByAccount>
    </TransactionItem>
    <TransactionItem>
      <RegistrationDate>2015-08-26T00:00:00</RegistrationDate>
      <TransactionDate>2015-08-25T00:00:00</TransactionDate>
      <TransactionCode>9999M76/4792879</TransactionCode>
      <Description>Оплата товаров и услуг - VIRTUAL FOR INTERNET BANKIN - MINSK</Description>
      <Currency>BYR</Currency>
      <AmountByCurrency>-268000.00</AmountByCurrency>
      <AmountByAccount>-268000.00</AmountByAccount>
    </TransactionItem>
    <TransactionItem>
      <RegistrationDate>2015-08-26T00:00:00</RegistrationDate>
      <TransactionDate>2015-08-25T00:00:00</TransactionDate>
      <TransactionCode>9999M76/4793315</TransactionCode>
      <Description>Оплата товаров и услуг - VIRTUAL FOR INTERNET BANKIN - MINSK</Description>
      <Currency>BYR</Currency>
      <AmountByCurrency>-150000.00</AmountByCurrency>
      <AmountByAccount>-150000.00</AmountByAccount>
    </TransactionItem>
    <TransactionItem>
      <RegistrationDate>2015-08-27T00:00:00</RegistrationDate>
      <TransactionDate>2015-08-26T00:00:00</TransactionDate>
      <TransactionCode>0118875/3512201</TransactionCode>
      <Description>Оплата товаров и услуг - UNIVERSAM "EVROPEISKIY" - MINSK</Description>
      <Currency>BYR</Currency>
      <AmountByCurrency>-315400.00</AmountByCurrency>
      <AmountByAccount>-315400.00</AmountByAccount>
    </TransactionItem>
    <TransactionItem>
      <RegistrationDate>2015-08-31T00:00:00</RegistrationDate>
      <TransactionDate>2015-08-30T00:00:00</TransactionDate>
      <TransactionCode>0124958/2019063</TransactionCode>
      <Description>Оплата товаров и услуг - UNIVERSAM "EVROPEISKIY" - MINSK</Description>
      <Currency>BYR</Currency>
      <AmountByCurrency>-82200.00</AmountByCurrency>
      <AmountByAccount>-82200.00</AmountByAccount>
    </TransactionItem>
    <TransactionItem>
      <RegistrationDate>2015-08-31T00:00:00</RegistrationDate>
      <TransactionDate>2015-08-29T00:00:00</TransactionDate>
      <TransactionCode>5145595/9558221</TransactionCode>
      <Description>Оплата товаров и услуг - UNIVERSAM "CHKALOVSKIY" - MINSK</Description>
      <Currency>BYR</Currency>
      <AmountByCurrency>-143200.00</AmountByCurrency>
      <AmountByAccount>-143200.00</AmountByAccount>
    </TransactionItem>
    <TransactionItem>
      <RegistrationDate>2015-08-31T00:00:00</RegistrationDate>
      <TransactionDate>2015-08-30T00:00:00</TransactionDate>
      <TransactionCode>1385215/0889307</TransactionCode>
      <Description>Оплата товаров и услуг - APTEKA N 2 BAPB - MINSK</Description>
      <Currency>BYR</Currency>
      <AmountByCurrency>-68600.00</AmountByCurrency>
      <AmountByAccount>-68600.00</AmountByAccount>
    </TransactionItem>
    <TransactionItem>
      <RegistrationDate>2015-08-31T00:00:00</RegistrationDate>
      <TransactionDate>2015-08-28T00:00:00</TransactionDate>
      <TransactionCode>9061N00/5447297</TransactionCode>
      <Description>Выдача наличных - ATM GOPERY BIB - MINSK</Description>
      <Currency>BYR</Currency>
      <AmountByCurrency>-600000.00</AmountByCurrency>
      <AmountByAccount>-600000.00</AmountByAccount>
    </TransactionItem>
    <TransactionItem>
      <RegistrationDate>2015-08-31T00:00:00</RegistrationDate>
      <TransactionDate>2015-08-29T00:00:00</TransactionDate>
      <TransactionCode>6479992/0617776</TransactionCode>
      <Description>Оплата товаров и услуг - CENTR ZHENSK. ZDOROVYA"EVA" - MINSK</Description>
      <Currency>BYR</Currency>
      <AmountByCurrency>-123300.00</AmountByCurrency>
      <AmountByAccount>-123300.00</AmountByAccount>
    </TransactionItem>
    <TransactionItem>
      <RegistrationDate>2015-08-31T00:00:00</RegistrationDate>
      <TransactionDate>2015-08-28T00:00:00</TransactionDate>
      <TransactionCode>6852364/8609505</TransactionCode>
      <Description>Оплата товаров и услуг - PIVBAR BAPB - MINSK</Description>
      <Currency>BYR</Currency>
      <AmountByCurrency>-26900.00</AmountByCurrency>
      <AmountByAccount>-26900.00</AmountByAccount>
    </TransactionItem>
    <TransactionItem>
      <RegistrationDate>2015-08-31T00:00:00</RegistrationDate>
      <TransactionDate>2015-08-28T00:00:00</TransactionDate>
      <TransactionCode>9999N09/5527447</TransactionCode>
      <Description>Оплата товаров и услуг - VIRTUAL FOR INTERNET BANKIN - MINSK</Description>
      <Currency>BYR</Currency>
      <AmountByCurrency>-60000.00</AmountByCurrency>
      <AmountByAccount>-60000.00</AmountByAccount>
    </TransactionItem>
    <TransactionItem>
      <RegistrationDate>2015-08-31T00:00:00</RegistrationDate>
      <TransactionDate>2015-08-29T00:00:00</TransactionDate>
      <TransactionCode>5150546/9213995</TransactionCode>
      <Description>Оплата товаров и услуг - UNIVERSAM "CHKALOVSKIY" - MINSK</Description>
      <Currency>BYR</Currency>
      <AmountByCurrency>-229700.00</AmountByCurrency>
      <AmountByAccount>-229700.00</AmountByAccount>
    </TransactionItem>
    <TransactionItem>
      <RegistrationDate>2015-08-31T00:00:00</RegistrationDate>
      <TransactionDate>2015-08-27T00:00:00</TransactionDate>
      <TransactionCode>1150831/4870</TransactionCode>
      <Description>Оплата товаров и услуг - BEROLINA DRUG STORY - MINSK</Description>
      <Currency>BYR</Currency>
      <AmountByCurrency>-179200.00</AmountByCurrency>
      <AmountByAccount>-179200.00</AmountByAccount>
    </TransactionItem>
    <TransactionItem>
      <RegistrationDate>2015-08-31T00:00:00</RegistrationDate>
      <TransactionDate>2015-08-29T00:00:00</TransactionDate>
      <TransactionCode>6479993/0298672</TransactionCode>
      <Description>Оплата товаров и услуг - CENTR ZHENSK. ZDOROVYA"EVA" - MINSK</Description>
      <Currency>BYR</Currency>
      <AmountByCurrency>-100300.00</AmountByCurrency>
      <AmountByAccount>-100300.00</AmountByAccount>
    </TransactionItem>
    <TransactionItem>
      <RegistrationDate>2015-09-01T00:00:00</RegistrationDate>
      <TransactionDate>2015-08-31T00:00:00</TransactionDate>
      <TransactionCode>9561026/3281972</TransactionCode>
      <Description>Оплата товаров и услуг - TO "SMAKATA" - MINSK</Description>
      <Currency>BYR</Currency>
      <AmountByCurrency>-205300.00</AmountByCurrency>
      <AmountByAccount>-205300.00</AmountByAccount>
    </TransactionItem>
    <TransactionItem>
      <RegistrationDate>2015-09-01T00:00:00</RegistrationDate>
      <TransactionDate>2015-08-31T00:00:00</TransactionDate>
      <TransactionCode>3026559/2647441</TransactionCode>
      <Description>Оплата товаров и услуг - SHOP N 114 "BELMARKET" - MINSK</Description>
      <Currency>BYR</Currency>
      <AmountByCurrency>-156300.00</AmountByCurrency>
      <AmountByAccount>-156300.00</AmountByAccount>
    </TransactionItem>
  </TransactionItems>
</MontlyReport>