<?xml version="1.0"?>
<MontlyReport xmlns:xsi="http://www.w3.org/2001/XMLSchema-instance" xmlns:xsd="http://www.w3.org/2001/XMLSchema">
  <UserInfo>АЛЕКСАНДР ВАЛЕРЬЕВИЧ КОРЗУН УЛ. СЛОБОДСКАЯ Д.65 КВ.27, Г. МИНСК, Belarus, 220051</UserInfo>
  <BancInfo>BELARUSBANK Head Office  </BancInfo>
  <ReportInfo>ECMC Выписка по счету клиента No. 4826182-2012/0330</ReportInfo>
  <PeriodInfo>Расчетный цикл 01-03-2012по30-03-2012</PeriodInfo>
  <CreationInfo>Сформировано 02-04-2012 12:44:57</CreationInfo>
  <AccountNumber>001458000681</AccountNumber>
  <AccountCurrency>BYR</AccountCurrency>
  <ImmutableBalance>0.00</ImmutableBalance>
  <MinBalance>0.00</MinBalance>
  <AvailibleCredit>0.00</AvailibleCredit>
  <PrevBalance>1182430.00</PrevBalance>
  <TransactionItems>
    <TransactionItem>
      <RegistrationDate>2012-03-05T00:00:00</RegistrationDate>
      <TransactionDate>2012-03-01T00:00:00</TransactionDate>
      <TransactionCode>9061610/2975105</TransactionCode>
      <Description>Снятие наличности - ATM GOPERY BIB - MINSK</Description>
      <Currency>BYR</Currency>
      <AmountByCurrency>-250000.00</AmountByCurrency>
      <AmountByAccount>-250000.00</AmountByAccount>
    </TransactionItem>
    <TransactionItem>
      <RegistrationDate>2012-03-11T00:00:00</RegistrationDate>
      <TransactionDate>2012-03-06T00:00:00</TransactionDate>
      <TransactionCode>9205660/5361352</TransactionCode>
      <Description>Покупка - PT SHOP "METR" - MINSK</Description>
      <Currency>BYR</Currency>
      <AmountByCurrency>-48990.00</AmountByCurrency>
      <AmountByAccount>-48990.00</AmountByAccount>
    </TransactionItem>
    <TransactionItem>
      <RegistrationDate>2012-03-19T00:00:00</RegistrationDate>
      <TransactionDate>2012-03-18T00:00:00</TransactionDate>
      <TransactionCode>0937780/8499754</TransactionCode>
      <Description>Покупка - RESTORAN-BISTRO "LIDO" - MINSK</Description>
      <Currency>BYR</Currency>
      <AmountByCurrency>-35100.00</AmountByCurrency>
      <AmountByAccount>-35100.00</AmountByAccount>
    </TransactionItem>
    <TransactionItem>
      <RegistrationDate>2012-03-27T00:00:00</RegistrationDate>
      <TransactionDate>2012-03-24T00:00:00</TransactionDate>
      <TransactionCode>9205840/3367786</TransactionCode>
      <Description>Покупка - PT SHOP "METR" - MINSK</Description>
      <Currency>BYR</Currency>
      <AmountByCurrency>-71880.00</AmountByCurrency>
      <AmountByAccount>-71880.00</AmountByAccount>
    </TransactionItem>
  </TransactionItems>
</MontlyReport>