<?xml version="1.0"?>
<MontlyReport xmlns:xsi="http://www.w3.org/2001/XMLSchema-instance" xmlns:xsd="http://www.w3.org/2001/XMLSchema">
  <UserInfo>АЛЕКСАНДР ВАЛЕРЬЕВИЧ КОРЗУН СЛОБОДСКАЯ, д.65, кв.27, Минск, Belarus,</UserInfo>
  <BancInfo>БЕЛИНВЕСТБАНК ГОПЕРу пр.Машерова, 29 Минск 220002</BancInfo>
  <ReportInfo>EC/MC Выписка по картам 1570384-2015/0601</ReportInfo>
  <PeriodInfo>Расчетный цикл 02-05-2015по01-06-2015</PeriodInfo>
  <CreationInfo>Сформировано 02-06-2015 08:46:57</CreationInfo>
  <AccountNumber>739001BYR00009AFD63</AccountNumber>
  <AccountCurrency>BYR</AccountCurrency>
  <ImmutableBalance>500000.00</ImmutableBalance>
  <MinBalance>0.00</MinBalance>
  <AvailibleCredit>0.00</AvailibleCredit>
  <PrevBalance>4201334.00</PrevBalance>
  <TransactionItems>
    <TransactionItem>
      <RegistrationDate>2015-05-29T00:00:00</RegistrationDate>
      <TransactionDate>2015-05-29T00:00:00</TransactionDate>
      <TransactionCode>4257366/90899061</TransactionCode>
      <Description>Зачисление на счет - начисл. проц-в: КОРЗУН АЛЕКСАНДР ВАЛЕРЬЕВИЧ; 9041251010024-&gt;3014775400013-91kBYR-9AFD63 = 24251,00 BYR</Description>
      <Currency />
      <AmountByCurrency>0</AmountByCurrency>
      <AmountByAccount>24251.00</AmountByAccount>
    </TransactionItem>
    <TransactionItem>
      <RegistrationDate>2015-05-03T00:00:00</RegistrationDate>
      <TransactionDate>2015-05-01T00:00:00</TransactionDate>
      <TransactionCode>7803040/2445828</TransactionCode>
      <Description>Оплата товаров и услуг - SHOP "DIONIS" N 2 - POLOTSK</Description>
      <Currency>BYR</Currency>
      <AmountByCurrency>-285650.00</AmountByCurrency>
      <AmountByAccount>-285650.00</AmountByAccount>
    </TransactionItem>
    <TransactionItem>
      <RegistrationDate>2015-05-08T00:00:00</RegistrationDate>
      <TransactionDate>2015-05-07T00:00:00</TransactionDate>
      <TransactionCode>0731564/3051086</TransactionCode>
      <Description>Оплата товаров и услуг - HYPERM. TC "KORONA-URUCHYE" - MINSK</Description>
      <Currency>BYR</Currency>
      <AmountByCurrency>-864750.00</AmountByCurrency>
      <AmountByAccount>-864750.00</AmountByAccount>
    </TransactionItem>
    <TransactionItem>
      <RegistrationDate>2015-05-12T00:00:00</RegistrationDate>
      <TransactionDate>2015-05-10T00:00:00</TransactionDate>
      <TransactionCode>0114150/9964269</TransactionCode>
      <Description>Оплата товаров и услуг - UNIVERSAM "EVROPEISKIY" - MINSK</Description>
      <Currency>BYR</Currency>
      <AmountByCurrency>-344350.00</AmountByCurrency>
      <AmountByAccount>-344350.00</AmountByAccount>
    </TransactionItem>
    <TransactionItem>
      <RegistrationDate>2015-05-14T00:00:00</RegistrationDate>
      <TransactionDate>2015-05-13T00:00:00</TransactionDate>
      <TransactionCode>9999C3C/0266210</TransactionCode>
      <Description>Оплата товаров и услуг - VIRTUAL FOR INTERNET BANKIN - MINSK</Description>
      <Currency>BYR</Currency>
      <AmountByCurrency>-50000.00</AmountByCurrency>
      <AmountByAccount>-50000.00</AmountByAccount>
    </TransactionItem>
    <TransactionItem>
      <RegistrationDate>2015-05-14T00:00:00</RegistrationDate>
      <TransactionDate>2015-05-13T00:00:00</TransactionDate>
      <TransactionCode>9999C3C/0266152</TransactionCode>
      <Description>Оплата товаров и услуг - VIRTUAL FOR INTERNET BANKIN - MINSK</Description>
      <Currency>BYR</Currency>
      <AmountByCurrency>-90000.00</AmountByCurrency>
      <AmountByAccount>-90000.00</AmountByAccount>
    </TransactionItem>
    <TransactionItem>
      <RegistrationDate>2015-05-14T00:00:00</RegistrationDate>
      <TransactionDate>2015-05-13T00:00:00</TransactionDate>
      <TransactionCode>9999C3C/0266174</TransactionCode>
      <Description>Оплата товаров и услуг - VIRTUAL FOR INTERNET BANKIN - MINSK</Description>
      <Currency>BYR</Currency>
      <AmountByCurrency>-60000.00</AmountByCurrency>
      <AmountByAccount>-60000.00</AmountByAccount>
    </TransactionItem>
    <TransactionItem>
      <RegistrationDate>2015-05-15T00:00:00</RegistrationDate>
      <TransactionDate>2015-05-14T00:00:00</TransactionDate>
      <TransactionCode>0115010/7310127</TransactionCode>
      <Description>Оплата товаров и услуг - UNIVERSAM "EVROPEISKIY" - MINSK</Description>
      <Currency>BYR</Currency>
      <AmountByCurrency>-600700.00</AmountByCurrency>
      <AmountByAccount>-600700.00</AmountByAccount>
    </TransactionItem>
    <TransactionItem>
      <RegistrationDate>2015-05-18T00:00:00</RegistrationDate>
      <TransactionDate>2015-05-16T00:00:00</TransactionDate>
      <TransactionCode>4280475/3555076</TransactionCode>
      <Description>Оплата товаров и услуг - SHOP N 114 "BELMARKET" - MINSK</Description>
      <Currency>BYR</Currency>
      <AmountByCurrency>-99850.00</AmountByCurrency>
      <AmountByAccount>-99850.00</AmountByAccount>
    </TransactionItem>
    <TransactionItem>
      <RegistrationDate>2015-05-19T00:00:00</RegistrationDate>
      <TransactionDate>2015-05-18T00:00:00</TransactionDate>
      <TransactionCode>9997C82/1523453</TransactionCode>
      <Description>Оплата товаров и услуг - SMS Opoveschenie - MINSK</Description>
      <Currency>BYR</Currency>
      <AmountByCurrency>-3000.00</AmountByCurrency>
      <AmountByAccount>-3000.00</AmountByAccount>
    </TransactionItem>
    <TransactionItem>
      <RegistrationDate>2015-05-20T00:00:00</RegistrationDate>
      <TransactionDate>2015-05-19T00:00:00</TransactionDate>
      <TransactionCode>9561C90/9527767</TransactionCode>
      <Description>Оплата товаров и услуг - TO "SMAKATA" - MINSK</Description>
      <Currency>BYR</Currency>
      <AmountByCurrency>-38950.00</AmountByCurrency>
      <AmountByAccount>-38950.00</AmountByAccount>
    </TransactionItem>
    <TransactionItem>
      <RegistrationDate>2015-05-20T00:00:00</RegistrationDate>
      <TransactionDate>2015-05-19T00:00:00</TransactionDate>
      <TransactionCode>0113032/9543177</TransactionCode>
      <Description>Оплата товаров и услуг - UNIVERSAM "EVROPEISKIY" - MINSK</Description>
      <Currency>BYR</Currency>
      <AmountByCurrency>-231700.00</AmountByCurrency>
      <AmountByAccount>-231700.00</AmountByAccount>
    </TransactionItem>
    <TransactionItem>
      <RegistrationDate>2015-05-20T00:00:00</RegistrationDate>
      <TransactionDate>2015-05-19T00:00:00</TransactionDate>
      <TransactionCode>1385115/8633475</TransactionCode>
      <Description>Оплата товаров и услуг - APTEKA N 2 BAPB - MINSK</Description>
      <Currency>BYR</Currency>
      <AmountByCurrency>-152050.00</AmountByCurrency>
      <AmountByAccount>-152050.00</AmountByAccount>
    </TransactionItem>
    <TransactionItem>
      <RegistrationDate>2015-05-21T00:00:00</RegistrationDate>
      <TransactionDate>2015-05-20T00:00:00</TransactionDate>
      <TransactionCode>0717422/1827569</TransactionCode>
      <Description>Оплата товаров и услуг - HYPERM. TC "KORONA-URUCHYE" - MINSK</Description>
      <Currency>BYR</Currency>
      <AmountByCurrency>-230200.00</AmountByCurrency>
      <AmountByAccount>-230200.00</AmountByAccount>
    </TransactionItem>
    <TransactionItem>
      <RegistrationDate>2015-05-22T00:00:00</RegistrationDate>
      <TransactionDate>2015-05-21T00:00:00</TransactionDate>
      <TransactionCode>9999D11/2427985</TransactionCode>
      <Description>Зачисление перевода / Возврат покупки - VIRTUAL FOR INTERNET BANKIN - MINSK</Description>
      <Currency>USD</Currency>
      <AmountByCurrency>100.00</AmountByCurrency>
      <AmountByAccount>1415000.00</AmountByAccount>
    </TransactionItem>
    <TransactionItem>
      <RegistrationDate>2015-05-25T00:00:00</RegistrationDate>
      <TransactionDate>2015-05-22T00:00:00</TransactionDate>
      <TransactionCode>0114172/5306514</TransactionCode>
      <Description>Оплата товаров и услуг - UNIVERSAM "EVROPEISKIY" - MINSK</Description>
      <Currency>BYR</Currency>
      <AmountByCurrency>-180700.00</AmountByCurrency>
      <AmountByAccount>-180700.00</AmountByAccount>
    </TransactionItem>
    <TransactionItem>
      <RegistrationDate>2015-05-25T00:00:00</RegistrationDate>
      <TransactionDate>2015-05-22T00:00:00</TransactionDate>
      <TransactionCode>9999D23/2764032</TransactionCode>
      <Description>Оплата товаров и услуг - VIRTUAL FOR INTERNET BANKIN - MINSK</Description>
      <Currency>BYR</Currency>
      <AmountByCurrency>-23350.00</AmountByCurrency>
      <AmountByAccount>-23350.00</AmountByAccount>
    </TransactionItem>
    <TransactionItem>
      <RegistrationDate>2015-05-25T00:00:00</RegistrationDate>
      <TransactionDate>2015-05-22T00:00:00</TransactionDate>
      <TransactionCode>9999D23/2764327</TransactionCode>
      <Description>Оплата товаров и услуг - VIRTUAL FOR INTERNET BANKIN - MINSK</Description>
      <Currency>BYR</Currency>
      <AmountByCurrency>-45400.00</AmountByCurrency>
      <AmountByAccount>-45400.00</AmountByAccount>
    </TransactionItem>
    <TransactionItem>
      <RegistrationDate>2015-05-25T00:00:00</RegistrationDate>
      <TransactionDate>2015-05-23T00:00:00</TransactionDate>
      <TransactionCode>3029148/0195531</TransactionCode>
      <Description>Оплата товаров и услуг - SHOP N 114 "BELMARKET" - MINSK</Description>
      <Currency>BYR</Currency>
      <AmountByCurrency>-159050.00</AmountByCurrency>
      <AmountByAccount>-159050.00</AmountByAccount>
    </TransactionItem>
    <TransactionItem>
      <RegistrationDate>2015-05-25T00:00:00</RegistrationDate>
      <TransactionDate>2015-05-22T00:00:00</TransactionDate>
      <TransactionCode>9999D23/2763908</TransactionCode>
      <Description>Оплата товаров и услуг - VIRTUAL FOR INTERNET BANKIN - MINSK</Description>
      <Currency>BYR</Currency>
      <AmountByCurrency>-209475.00</AmountByCurrency>
      <AmountByAccount>-209475.00</AmountByAccount>
    </TransactionItem>
    <TransactionItem>
      <RegistrationDate>2015-05-27T00:00:00</RegistrationDate>
      <TransactionDate>2015-05-24T00:00:00</TransactionDate>
      <TransactionCode>1150527/6361</TransactionCode>
      <Description>Оплата товаров и услуг - BEROLINA DRUG STORY - MINSK</Description>
      <Currency>BYR</Currency>
      <AmountByCurrency>-89900.00</AmountByCurrency>
      <AmountByAccount>-89900.00</AmountByAccount>
    </TransactionItem>
    <TransactionItem>
      <RegistrationDate>2015-05-27T00:00:00</RegistrationDate>
      <TransactionDate>2015-05-23T00:00:00</TransactionDate>
      <TransactionCode>1150527/5500</TransactionCode>
      <Description>Оплата товаров и услуг - BEROLINA 5 DRUG STORE - MINSK</Description>
      <Currency>BYR</Currency>
      <AmountByCurrency>-17900.00</AmountByCurrency>
      <AmountByAccount>-17900.00</AmountByAccount>
    </TransactionItem>
    <TransactionItem>
      <RegistrationDate>2015-05-27T00:00:00</RegistrationDate>
      <TransactionDate>2015-05-26T00:00:00</TransactionDate>
      <TransactionCode>0121807/5687212</TransactionCode>
      <Description>Оплата товаров и услуг - UNIVERSAM "EVROPEISKIY" - MINSK</Description>
      <Currency>BYR</Currency>
      <AmountByCurrency>-124450.00</AmountByCurrency>
      <AmountByAccount>-124450.00</AmountByAccount>
    </TransactionItem>
    <TransactionItem>
      <RegistrationDate>2015-05-28T00:00:00</RegistrationDate>
      <TransactionDate>2015-05-27T00:00:00</TransactionDate>
      <TransactionCode>0124860/7727587</TransactionCode>
      <Description>Оплата товаров и услуг - UNIVERSAM "EVROPEISKIY" - MINSK</Description>
      <Currency>BYR</Currency>
      <AmountByCurrency>-392750.00</AmountByCurrency>
      <AmountByAccount>-392750.00</AmountByAccount>
    </TransactionItem>
    <TransactionItem>
      <RegistrationDate>2015-05-28T00:00:00</RegistrationDate>
      <TransactionDate>2015-05-27T00:00:00</TransactionDate>
      <TransactionCode>1385123/7852131</TransactionCode>
      <Description>Оплата товаров и услуг - APTEKA N 2 BAPB - MINSK</Description>
      <Currency>BYR</Currency>
      <AmountByCurrency>-54200.00</AmountByCurrency>
      <AmountByAccount>-54200.00</AmountByAccount>
    </TransactionItem>
    <TransactionItem>
      <RegistrationDate>2015-06-01T00:00:00</RegistrationDate>
      <TransactionDate>2015-05-31T00:00:00</TransactionDate>
      <TransactionCode>9561E10/5581318</TransactionCode>
      <Description>Оплата товаров и услуг - TO "SMAKATA" - MINSK</Description>
      <Currency>BYR</Currency>
      <AmountByCurrency>-67600.00</AmountByCurrency>
      <AmountByAccount>-67600.00</AmountByAccount>
    </TransactionItem>
    <TransactionItem>
      <RegistrationDate>2015-06-01T00:00:00</RegistrationDate>
      <TransactionDate>2015-05-31T00:00:00</TransactionDate>
      <TransactionCode>0114190/6679635</TransactionCode>
      <Description>Оплата товаров и услуг - UNIVERSAM "EVROPEISKIY" - MINSK</Description>
      <Currency>BYR</Currency>
      <AmountByCurrency>-502000.00</AmountByCurrency>
      <AmountByAccount>-502000.00</AmountByAccount>
    </TransactionItem>
    <TransactionItem>
      <RegistrationDate>2015-06-01T00:00:00</RegistrationDate>
      <TransactionDate>2015-05-31T00:00:00</TransactionDate>
      <TransactionCode>0704496/7013954</TransactionCode>
      <Description>Оплата товаров и услуг - HYPERM. TC "KORONA-URUCHYE" - MINSK</Description>
      <Currency>BYR</Currency>
      <AmountByCurrency>-559200.00</AmountByCurrency>
      <AmountByAccount>-559200.00</AmountByAccount>
    </TransactionItem>
    <TransactionItem>
      <RegistrationDate>2015-06-01T00:00:00</RegistrationDate>
      <TransactionDate>2015-05-30T00:00:00</TransactionDate>
      <TransactionCode>9999E0K/4657005</TransactionCode>
      <Description>Оплата товаров и услуг - VIRTUAL FOR INTERNET BANKIN - MINSK</Description>
      <Currency>BYR</Currency>
      <AmountByCurrency>-50000.00</AmountByCurrency>
      <AmountByAccount>-50000.00</AmountByAccount>
    </TransactionItem>
    <TransactionItem>
      <RegistrationDate>2015-06-01T00:00:00</RegistrationDate>
      <TransactionDate>2015-05-30T00:00:00</TransactionDate>
      <TransactionCode>9999E0D/4665447</TransactionCode>
      <Description>Зачисление перевода / Возврат покупки - VIRTUAL FOR INTERNET BANKIN - MINSK</Description>
      <Currency>USD</Currency>
      <AmountByCurrency>100.00</AmountByCurrency>
      <AmountByAccount>1475000.00</AmountByAccount>
    </TransactionItem>
  </TransactionItems>
</MontlyReport>