<?xml version="1.0"?>
<MontlyReport xmlns:xsi="http://www.w3.org/2001/XMLSchema-instance" xmlns:xsd="http://www.w3.org/2001/XMLSchema">
  <UserInfo>АЛЕКСАНДР ВАЛЕРЬЕВИЧ КОРЗУН СЛОБОДСКАЯ, д.65, кв.27, Минск, Belarus,</UserInfo>
  <BancInfo>БЕЛИНВЕСТБАНК ГОПЕРу пр.Машерова, 29 Минск 220002</BancInfo>
  <ReportInfo>EC/MC Выписка по картам 1570384-2015/0803</ReportInfo>
  <PeriodInfo>Расчетный цикл 02-07-2015по03-08-2015</PeriodInfo>
  <CreationInfo>Сформировано 04-08-2015 10:10:14</CreationInfo>
  <AccountNumber>739001BYR00009AFD63</AccountNumber>
  <AccountCurrency>BYR</AccountCurrency>
  <ImmutableBalance>500000.00</ImmutableBalance>
  <MinBalance>0.00</MinBalance>
  <AvailibleCredit>0.00</AvailibleCredit>
  <PrevBalance>3832901.00</PrevBalance>
  <TransactionItems>
    <TransactionItem>
      <RegistrationDate>2015-07-31T00:00:00</RegistrationDate>
      <TransactionDate>2015-07-31T00:00:00</TransactionDate>
      <TransactionCode>4361765/14612551</TransactionCode>
      <Description>Зачисление на счет - начисл. проц-в: КОРЗУН АЛЕКСАНДР ВАЛЕРЬЕВИЧ; 9041251010024-&gt;3014775400013-91kBYR-9AFD63 = 65995,00 BYR</Description>
      <Currency />
      <AmountByCurrency>0</AmountByCurrency>
      <AmountByAccount>65995.00</AmountByAccount>
    </TransactionItem>
    <TransactionItem>
      <RegistrationDate>2015-08-03T00:00:00</RegistrationDate>
      <TransactionDate>2015-08-03T00:00:00</TransactionDate>
      <TransactionCode />
      <Description>Комиссия за выдачу нал-х в АТМ</Description>
      <Currency>BYR</Currency>
      <AmountByCurrency>0</AmountByCurrency>
      <AmountByAccount>-30000.00</AmountByAccount>
    </TransactionItem>
    <TransactionItem>
      <RegistrationDate>2015-07-02T00:00:00</RegistrationDate>
      <TransactionDate>2015-07-01T00:00:00</TransactionDate>
      <TransactionCode>9999H2I/2124498</TransactionCode>
      <Description>Оплата товаров и услуг - VIRTUAL FOR INTERNET BANKIN - MINSK</Description>
      <Currency>BYR</Currency>
      <AmountByCurrency>-14000.00</AmountByCurrency>
      <AmountByAccount>-14000.00</AmountByAccount>
    </TransactionItem>
    <TransactionItem>
      <RegistrationDate>2015-07-02T00:00:00</RegistrationDate>
      <TransactionDate>2015-07-01T00:00:00</TransactionDate>
      <TransactionCode>9999H2I/2124595</TransactionCode>
      <Description>Оплата товаров и услуг - VIRTUAL FOR INTERNET BANKIN - MINSK</Description>
      <Currency>BYR</Currency>
      <AmountByCurrency>-55000.00</AmountByCurrency>
      <AmountByAccount>-55000.00</AmountByAccount>
    </TransactionItem>
    <TransactionItem>
      <RegistrationDate>2015-07-05T00:00:00</RegistrationDate>
      <TransactionDate>2015-07-04T00:00:00</TransactionDate>
      <TransactionCode>4402213/8945404</TransactionCode>
      <Description>Выдача наличных - URM RD-700/13 ATM BPSB - MINSK</Description>
      <Currency>BYR</Currency>
      <AmountByCurrency>-200000.00</AmountByCurrency>
      <AmountByAccount>-200000.00</AmountByAccount>
    </TransactionItem>
    <TransactionItem>
      <RegistrationDate>2015-07-05T00:00:00</RegistrationDate>
      <TransactionDate>2015-07-04T00:00:00</TransactionDate>
      <TransactionCode>4402213/8945317</TransactionCode>
      <Description>Выдача наличных - URM RD-700/13 ATM BPSB - MINSK</Description>
      <Currency>BYR</Currency>
      <AmountByCurrency>-500000.00</AmountByCurrency>
      <AmountByAccount>-500000.00</AmountByAccount>
    </TransactionItem>
    <TransactionItem>
      <RegistrationDate>2015-07-05T00:00:00</RegistrationDate>
      <TransactionDate>2015-07-04T00:00:00</TransactionDate>
      <TransactionCode>4402213/8945400</TransactionCode>
      <Description>Выдача наличных - URM RD-700/13 ATM BPSB - MINSK</Description>
      <Currency>BYR</Currency>
      <AmountByCurrency>-200000.00</AmountByCurrency>
      <AmountByAccount>-200000.00</AmountByAccount>
    </TransactionItem>
    <TransactionItem>
      <RegistrationDate>2015-07-05T00:00:00</RegistrationDate>
      <TransactionDate>2015-07-03T00:00:00</TransactionDate>
      <TransactionCode>0712220/6778220</TransactionCode>
      <Description>Оплата товаров и услуг - HYPERM. TC "KORONA-URUCHYE" - MINSK</Description>
      <Currency>BYR</Currency>
      <AmountByCurrency>-918600.00</AmountByCurrency>
      <AmountByAccount>-918600.00</AmountByAccount>
    </TransactionItem>
    <TransactionItem>
      <RegistrationDate>2015-07-05T00:00:00</RegistrationDate>
      <TransactionDate>2015-07-03T00:00:00</TransactionDate>
      <TransactionCode>9999H4B/2447124</TransactionCode>
      <Description>Зачисление перевода / Возврат покупки - VIRTUAL FOR INTERNET BANKIN - MINSK</Description>
      <Currency>USD</Currency>
      <AmountByCurrency>500.00</AmountByCurrency>
      <AmountByAccount>7625000.00</AmountByAccount>
    </TransactionItem>
    <TransactionItem>
      <RegistrationDate>2015-07-05T00:00:00</RegistrationDate>
      <TransactionDate>2015-07-03T00:00:00</TransactionDate>
      <TransactionCode>4539107/7555397</TransactionCode>
      <Description>Оплата товаров и услуг - SHOP N 9"ZAV.RAYPISCHETORG" - MINSK</Description>
      <Currency>BYR</Currency>
      <AmountByCurrency>-74600.00</AmountByCurrency>
      <AmountByAccount>-74600.00</AmountByAccount>
    </TransactionItem>
    <TransactionItem>
      <RegistrationDate>2015-07-05T00:00:00</RegistrationDate>
      <TransactionDate>2015-07-01T00:00:00</TransactionDate>
      <TransactionCode>0121838/4230068</TransactionCode>
      <Description>Оплата товаров и услуг - UNIVERSAM "EVROPEISKIY" - MINSK</Description>
      <Currency>BYR</Currency>
      <AmountByCurrency>-459800.00</AmountByCurrency>
      <AmountByAccount>-459800.00</AmountByAccount>
    </TransactionItem>
    <TransactionItem>
      <RegistrationDate>2015-07-06T00:00:00</RegistrationDate>
      <TransactionDate>2015-07-05T00:00:00</TransactionDate>
      <TransactionCode>5396699/0788898</TransactionCode>
      <Description>Оплата товаров и услуг - SHOP "PYATY ELEMENT" - MINSK</Description>
      <Currency>BYR</Currency>
      <AmountByCurrency>-799000.00</AmountByCurrency>
      <AmountByAccount>-799000.00</AmountByAccount>
    </TransactionItem>
    <TransactionItem>
      <RegistrationDate>2015-07-06T00:00:00</RegistrationDate>
      <TransactionDate>2015-07-03T00:00:00</TransactionDate>
      <TransactionCode>1150706/7031</TransactionCode>
      <Description>Оплата товаров и услуг - MODA S DOSTAVKOY - MINSK</Description>
      <Currency>BYR</Currency>
      <AmountByCurrency>-332000.00</AmountByCurrency>
      <AmountByAccount>-332000.00</AmountByAccount>
    </TransactionItem>
    <TransactionItem>
      <RegistrationDate>2015-07-06T00:00:00</RegistrationDate>
      <TransactionDate>2015-07-03T00:00:00</TransactionDate>
      <TransactionCode>1150706/7038</TransactionCode>
      <Description>Оплата товаров и услуг - MODA S DOSTAVKOY - MINSK</Description>
      <Currency>BYR</Currency>
      <AmountByCurrency>-685000.00</AmountByCurrency>
      <AmountByAccount>-685000.00</AmountByAccount>
    </TransactionItem>
    <TransactionItem>
      <RegistrationDate>2015-07-07T00:00:00</RegistrationDate>
      <TransactionDate>2015-07-06T00:00:00</TransactionDate>
      <TransactionCode>9999H7N/3069932</TransactionCode>
      <Description>Оплата товаров и услуг - VIRTUAL FOR INTERNET BANKIN - MINSK</Description>
      <Currency>BYR</Currency>
      <AmountByCurrency>-291800.00</AmountByCurrency>
      <AmountByAccount>-291800.00</AmountByAccount>
    </TransactionItem>
    <TransactionItem>
      <RegistrationDate>2015-07-08T00:00:00</RegistrationDate>
      <TransactionDate>2015-07-07T00:00:00</TransactionDate>
      <TransactionCode>0115085/4612633</TransactionCode>
      <Description>Оплата товаров и услуг - UNIVERSAM "EVROPEISKIY" - MINSK</Description>
      <Currency>BYR</Currency>
      <AmountByCurrency>-267600.00</AmountByCurrency>
      <AmountByAccount>-267600.00</AmountByAccount>
    </TransactionItem>
    <TransactionItem>
      <RegistrationDate>2015-07-08T00:00:00</RegistrationDate>
      <TransactionDate>2015-07-07T00:00:00</TransactionDate>
      <TransactionCode>9999H8F/3173666</TransactionCode>
      <Description>Зачисление перевода / Возврат покупки - VIRTUAL FOR INTERNET BANKIN - MINSK</Description>
      <Currency>USD</Currency>
      <AmountByCurrency>200.00</AmountByCurrency>
      <AmountByAccount>3054000.00</AmountByAccount>
    </TransactionItem>
    <TransactionItem>
      <RegistrationDate>2015-07-08T00:00:00</RegistrationDate>
      <TransactionDate>2015-07-04T00:00:00</TransactionDate>
      <TransactionCode>1150708/6123</TransactionCode>
      <Description>Оплата товаров и услуг - BEROLINA 3 DRUG STORE - MINSK</Description>
      <Currency>BYR</Currency>
      <AmountByCurrency>-226600.00</AmountByCurrency>
      <AmountByAccount>-226600.00</AmountByAccount>
    </TransactionItem>
    <TransactionItem>
      <RegistrationDate>2015-07-09T00:00:00</RegistrationDate>
      <TransactionDate>2015-07-07T00:00:00</TransactionDate>
      <TransactionCode>1150709/8665</TransactionCode>
      <Description>Оплата товаров и услуг - MODA S DOSTAVKOY - MINSK</Description>
      <Currency>BYR</Currency>
      <AmountByCurrency>-2377000.00</AmountByCurrency>
      <AmountByAccount>-2377000.00</AmountByAccount>
    </TransactionItem>
    <TransactionItem>
      <RegistrationDate>2015-07-09T00:00:00</RegistrationDate>
      <TransactionDate>2015-07-07T00:00:00</TransactionDate>
      <TransactionCode>1150709/8655</TransactionCode>
      <Description>Оплата товаров и услуг - MODA S DOSTAVKOY - MINSK</Description>
      <Currency>BYR</Currency>
      <AmountByCurrency>-887000.00</AmountByCurrency>
      <AmountByAccount>-887000.00</AmountByAccount>
    </TransactionItem>
    <TransactionItem>
      <RegistrationDate>2015-07-10T00:00:00</RegistrationDate>
      <TransactionDate>2015-07-07T00:00:00</TransactionDate>
      <TransactionCode>1150710/3416</TransactionCode>
      <Description>Оплата товаров и услуг - BEROLINA DRUG STORY - MINSK</Description>
      <Currency>BYR</Currency>
      <AmountByCurrency>-21600.00</AmountByCurrency>
      <AmountByAccount>-21600.00</AmountByAccount>
    </TransactionItem>
    <TransactionItem>
      <RegistrationDate>2015-07-10T00:00:00</RegistrationDate>
      <TransactionDate>2015-07-09T00:00:00</TransactionDate>
      <TransactionCode>9094I00/3634720</TransactionCode>
      <Description>Выдача наличных - ATM N94 METRO VOSTOK BIB - MINSK</Description>
      <Currency>BYR</Currency>
      <AmountByCurrency>-1000000.00</AmountByCurrency>
      <AmountByAccount>-1000000.00</AmountByAccount>
    </TransactionItem>
    <TransactionItem>
      <RegistrationDate>2015-07-13T00:00:00</RegistrationDate>
      <TransactionDate>2015-07-10T00:00:00</TransactionDate>
      <TransactionCode>8408I10/1810323</TransactionCode>
      <Description>Оплата товаров и услуг - SHOP "EVROOPT" - POLOTSK</Description>
      <Currency>BYR</Currency>
      <AmountByCurrency>-85700.00</AmountByCurrency>
      <AmountByAccount>-85700.00</AmountByAccount>
    </TransactionItem>
    <TransactionItem>
      <RegistrationDate>2015-07-13T00:00:00</RegistrationDate>
      <TransactionDate>2015-07-10T00:00:00</TransactionDate>
      <TransactionCode>1150713/7883</TransactionCode>
      <Description>Оплата товаров и услуг - GRIN-CLUB - POSNUDYE</Description>
      <Currency>BYR</Currency>
      <AmountByCurrency>-95000.00</AmountByCurrency>
      <AmountByAccount>-95000.00</AmountByAccount>
    </TransactionItem>
    <TransactionItem>
      <RegistrationDate>2015-07-13T00:00:00</RegistrationDate>
      <TransactionDate>2015-07-11T00:00:00</TransactionDate>
      <TransactionCode>0747I20/3161387</TransactionCode>
      <Description>Оплата товаров и услуг - SHOP "EVROOPT" - BRASLAV</Description>
      <Currency>BYR</Currency>
      <AmountByCurrency>-448900.00</AmountByCurrency>
      <AmountByAccount>-448900.00</AmountByAccount>
    </TransactionItem>
    <TransactionItem>
      <RegistrationDate>2015-07-14T00:00:00</RegistrationDate>
      <TransactionDate>2015-07-13T00:00:00</TransactionDate>
      <TransactionCode>9999I4U/4560997</TransactionCode>
      <Description>Оплата товаров и услуг - VIRTUAL FOR INTERNET BANKIN - MINSK</Description>
      <Currency>BYR</Currency>
      <AmountByCurrency>-100000.00</AmountByCurrency>
      <AmountByAccount>-100000.00</AmountByAccount>
    </TransactionItem>
    <TransactionItem>
      <RegistrationDate>2015-07-15T00:00:00</RegistrationDate>
      <TransactionDate>2015-07-13T00:00:00</TransactionDate>
      <TransactionCode>0115096/8158043</TransactionCode>
      <Description>Оплата товаров и услуг - UNIVERSAM "EVROPEISKIY" - MINSK</Description>
      <Currency>BYR</Currency>
      <AmountByCurrency>-371000.00</AmountByCurrency>
      <AmountByAccount>-371000.00</AmountByAccount>
    </TransactionItem>
    <TransactionItem>
      <RegistrationDate>2015-07-16T00:00:00</RegistrationDate>
      <TransactionDate>2015-07-15T00:00:00</TransactionDate>
      <TransactionCode>9486I6Q/5084590</TransactionCode>
      <Description>Взнос наличных - POV #32 GOPERY BIB - MINSK</Description>
      <Currency>BYR</Currency>
      <AmountByCurrency>1362000.00</AmountByCurrency>
      <AmountByAccount>1362000.00</AmountByAccount>
    </TransactionItem>
    <TransactionItem>
      <RegistrationDate>2015-07-16T00:00:00</RegistrationDate>
      <TransactionDate>2015-07-15T00:00:00</TransactionDate>
      <TransactionCode>9999I6W/4954639</TransactionCode>
      <Description>Оплата товаров и услуг - VIRTUAL FOR INTERNET BANKIN - MINSK</Description>
      <Currency>BYR</Currency>
      <AmountByCurrency>-60000.00</AmountByCurrency>
      <AmountByAccount>-60000.00</AmountByAccount>
    </TransactionItem>
    <TransactionItem>
      <RegistrationDate>2015-07-16T00:00:00</RegistrationDate>
      <TransactionDate>2015-07-15T00:00:00</TransactionDate>
      <TransactionCode>9999I6W/4954619</TransactionCode>
      <Description>Оплата товаров и услуг - VIRTUAL FOR INTERNET BANKIN - MINSK</Description>
      <Currency>BYR</Currency>
      <AmountByCurrency>-100000.00</AmountByCurrency>
      <AmountByAccount>-100000.00</AmountByAccount>
    </TransactionItem>
    <TransactionItem>
      <RegistrationDate>2015-07-17T00:00:00</RegistrationDate>
      <TransactionDate>2015-07-16T00:00:00</TransactionDate>
      <TransactionCode>9486I7S/5241049</TransactionCode>
      <Description>Взнос наличных - POV #32 GOPERY BIB - MINSK</Description>
      <Currency>BYR</Currency>
      <AmountByCurrency>4500000.00</AmountByCurrency>
      <AmountByAccount>4500000.00</AmountByAccount>
    </TransactionItem>
    <TransactionItem>
      <RegistrationDate>2015-07-17T00:00:00</RegistrationDate>
      <TransactionDate>2015-07-16T00:00:00</TransactionDate>
      <TransactionCode>9999I7X/5205473</TransactionCode>
      <Description>Оплата товаров и услуг - VIRTUAL FOR INTERNET BANKIN - MINSK</Description>
      <Currency>BYR</Currency>
      <AmountByCurrency>-150000.00</AmountByCurrency>
      <AmountByAccount>-150000.00</AmountByAccount>
    </TransactionItem>
    <TransactionItem>
      <RegistrationDate>2015-07-17T00:00:00</RegistrationDate>
      <TransactionDate>2015-07-16T00:00:00</TransactionDate>
      <TransactionCode>0114069/3469522</TransactionCode>
      <Description>Оплата товаров и услуг - UNIVERSAM "EVROPEISKIY" - MINSK</Description>
      <Currency>BYR</Currency>
      <AmountByCurrency>-172300.00</AmountByCurrency>
      <AmountByAccount>-172300.00</AmountByAccount>
    </TransactionItem>
    <TransactionItem>
      <RegistrationDate>2015-07-20T00:00:00</RegistrationDate>
      <TransactionDate>2015-07-17T00:00:00</TransactionDate>
      <TransactionCode>7852I7J/5447375</TransactionCode>
      <Description>Оплата товаров и услуг - PT KALJANNAJA N1 OOO MAGMA - MINSK</Description>
      <Currency>BYR</Currency>
      <AmountByCurrency>-430000.00</AmountByCurrency>
      <AmountByAccount>-430000.00</AmountByAccount>
    </TransactionItem>
    <TransactionItem>
      <RegistrationDate>2015-07-20T00:00:00</RegistrationDate>
      <TransactionDate>2015-07-17T00:00:00</TransactionDate>
      <TransactionCode>9112I80/5567989</TransactionCode>
      <Description>Выдача наличных - ATM N112 EVROPEYSKI BIB - MINSK</Description>
      <Currency>BYR</Currency>
      <AmountByCurrency>-1500000.00</AmountByCurrency>
      <AmountByAccount>-1500000.00</AmountByAccount>
    </TransactionItem>
    <TransactionItem>
      <RegistrationDate>2015-07-20T00:00:00</RegistrationDate>
      <TransactionDate>2015-07-16T00:00:00</TransactionDate>
      <TransactionCode>1150720/10461</TransactionCode>
      <Description>Оплата товаров и услуг - ZABOTLIVAYA  APTEKA - MINSK</Description>
      <Currency>BYR</Currency>
      <AmountByCurrency>-75100.00</AmountByCurrency>
      <AmountByAccount>-75100.00</AmountByAccount>
    </TransactionItem>
    <TransactionItem>
      <RegistrationDate>2015-07-20T00:00:00</RegistrationDate>
      <TransactionDate>2015-07-19T00:00:00</TransactionDate>
      <TransactionCode>0120571/0015364</TransactionCode>
      <Description>Оплата товаров и услуг - UNIVERSAM "EVROPEISKIY" - MINSK</Description>
      <Currency>BYR</Currency>
      <AmountByCurrency>-325600.00</AmountByCurrency>
      <AmountByAccount>-325600.00</AmountByAccount>
    </TransactionItem>
    <TransactionItem>
      <RegistrationDate>2015-07-20T00:00:00</RegistrationDate>
      <TransactionDate>2015-07-17T00:00:00</TransactionDate>
      <TransactionCode>0114070/5388040</TransactionCode>
      <Description>Оплата товаров и услуг - UNIVERSAM "EVROPEISKIY" - MINSK</Description>
      <Currency>BYR</Currency>
      <AmountByCurrency>-76500.00</AmountByCurrency>
      <AmountByAccount>-76500.00</AmountByAccount>
    </TransactionItem>
    <TransactionItem>
      <RegistrationDate>2015-07-20T00:00:00</RegistrationDate>
      <TransactionDate>2015-07-17T00:00:00</TransactionDate>
      <TransactionCode>5636223/7096546</TransactionCode>
      <Description>Оплата товаров и услуг - PIZZERIA "PIZZA TEMPO" - MINSK</Description>
      <Currency>BYR</Currency>
      <AmountByCurrency>-240100.00</AmountByCurrency>
      <AmountByAccount>-240100.00</AmountByAccount>
    </TransactionItem>
    <TransactionItem>
      <RegistrationDate>2015-07-20T00:00:00</RegistrationDate>
      <TransactionDate>2015-07-19T00:00:00</TransactionDate>
      <TransactionCode>3029205/1157127</TransactionCode>
      <Description>Оплата товаров и услуг - SHOP N 114 "BELMARKET" - MINSK</Description>
      <Currency>BYR</Currency>
      <AmountByCurrency>-48200.00</AmountByCurrency>
      <AmountByAccount>-48200.00</AmountByAccount>
    </TransactionItem>
    <TransactionItem>
      <RegistrationDate>2015-07-20T00:00:00</RegistrationDate>
      <TransactionDate>2015-07-18T00:00:00</TransactionDate>
      <TransactionCode>9997I9Q/5905567</TransactionCode>
      <Description>Оплата товаров и услуг - SMS Opoveschenie - MINSK</Description>
      <Currency>BYR</Currency>
      <AmountByCurrency>-3000.00</AmountByCurrency>
      <AmountByAccount>-3000.00</AmountByAccount>
    </TransactionItem>
    <TransactionItem>
      <RegistrationDate>2015-07-20T00:00:00</RegistrationDate>
      <TransactionDate>2015-07-18T00:00:00</TransactionDate>
      <TransactionCode>4663293/8423535</TransactionCode>
      <Description>Оплата товаров и услуг - SHOP "LIBIDO" BAPB - MINSK</Description>
      <Currency>BYR</Currency>
      <AmountByCurrency>-2886000.00</AmountByCurrency>
      <AmountByAccount>-2886000.00</AmountByAccount>
    </TransactionItem>
    <TransactionItem>
      <RegistrationDate>2015-07-20T00:00:00</RegistrationDate>
      <TransactionDate>2015-07-17T00:00:00</TransactionDate>
      <TransactionCode>9094I80/5533277</TransactionCode>
      <Description>Выдача наличных - ATM N94 METRO VOSTOK BIB - MINSK</Description>
      <Currency>BYR</Currency>
      <AmountByCurrency>-500000.00</AmountByCurrency>
      <AmountByAccount>-500000.00</AmountByAccount>
    </TransactionItem>
    <TransactionItem>
      <RegistrationDate>2015-07-22T00:00:00</RegistrationDate>
      <TransactionDate>2015-07-21T00:00:00</TransactionDate>
      <TransactionCode>0118842/6242408</TransactionCode>
      <Description>Оплата товаров и услуг - UNIVERSAM "EVROPEISKIY" - MINSK</Description>
      <Currency>BYR</Currency>
      <AmountByCurrency>-151300.00</AmountByCurrency>
      <AmountByAccount>-151300.00</AmountByAccount>
    </TransactionItem>
    <TransactionItem>
      <RegistrationDate>2015-07-23T00:00:00</RegistrationDate>
      <TransactionDate>2015-07-22T00:00:00</TransactionDate>
      <TransactionCode>9999J3V/6820778</TransactionCode>
      <Description>Зачисление перевода / Возврат покупки - VIRTUAL FOR INTERNET BANKIN - MINSK</Description>
      <Currency>USD</Currency>
      <AmountByCurrency>300.00</AmountByCurrency>
      <AmountByAccount>4551000.00</AmountByAccount>
    </TransactionItem>
    <TransactionItem>
      <RegistrationDate>2015-07-23T00:00:00</RegistrationDate>
      <TransactionDate>2015-07-22T00:00:00</TransactionDate>
      <TransactionCode>0124915/8909809</TransactionCode>
      <Description>Оплата товаров и услуг - UNIVERSAM "EVROPEISKIY" - MINSK</Description>
      <Currency>BYR</Currency>
      <AmountByCurrency>-357600.00</AmountByCurrency>
      <AmountByAccount>-357600.00</AmountByAccount>
    </TransactionItem>
    <TransactionItem>
      <RegistrationDate>2015-07-24T00:00:00</RegistrationDate>
      <TransactionDate>2015-07-23T00:00:00</TransactionDate>
      <TransactionCode>9999J48/7084159</TransactionCode>
      <Description>Оплата товаров и услуг - VIRTUAL FOR INTERNET BANKIN - MINSK</Description>
      <Currency>BYR</Currency>
      <AmountByCurrency>-44589.00</AmountByCurrency>
      <AmountByAccount>-44589.00</AmountByAccount>
    </TransactionItem>
    <TransactionItem>
      <RegistrationDate>2015-07-24T00:00:00</RegistrationDate>
      <TransactionDate>2015-07-23T00:00:00</TransactionDate>
      <TransactionCode>9999J48/7084063</TransactionCode>
      <Description>Оплата товаров и услуг - VIRTUAL FOR INTERNET BANKIN - MINSK</Description>
      <Currency>BYR</Currency>
      <AmountByCurrency>-21000.00</AmountByCurrency>
      <AmountByAccount>-21000.00</AmountByAccount>
    </TransactionItem>
    <TransactionItem>
      <RegistrationDate>2015-07-24T00:00:00</RegistrationDate>
      <TransactionDate>2015-07-23T00:00:00</TransactionDate>
      <TransactionCode>9999J48/7084052</TransactionCode>
      <Description>Оплата товаров и услуг - VIRTUAL FOR INTERNET BANKIN - MINSK</Description>
      <Currency>BYR</Currency>
      <AmountByCurrency>-180587.00</AmountByCurrency>
      <AmountByAccount>-180587.00</AmountByAccount>
    </TransactionItem>
    <TransactionItem>
      <RegistrationDate>2015-07-27T00:00:00</RegistrationDate>
      <TransactionDate>2015-07-26T00:00:00</TransactionDate>
      <TransactionCode>0700676/7772426</TransactionCode>
      <Description>Оплата товаров и услуг - HYPERM. TC "KORONA-URUCHYE" - MINSK</Description>
      <Currency>BYR</Currency>
      <AmountByCurrency>-752000.00</AmountByCurrency>
      <AmountByAccount>-752000.00</AmountByAccount>
    </TransactionItem>
    <TransactionItem>
      <RegistrationDate>2015-07-27T00:00:00</RegistrationDate>
      <TransactionDate>2015-07-25T00:00:00</TransactionDate>
      <TransactionCode>4163240/5385944</TransactionCode>
      <Description>Оплата товаров и услуг - APTEKA N 26 - MINSK</Description>
      <Currency>BYR</Currency>
      <AmountByCurrency>-133200.00</AmountByCurrency>
      <AmountByAccount>-133200.00</AmountByAccount>
    </TransactionItem>
    <TransactionItem>
      <RegistrationDate>2015-07-27T00:00:00</RegistrationDate>
      <TransactionDate>2015-07-25T00:00:00</TransactionDate>
      <TransactionCode>2154J60/6440269</TransactionCode>
      <Description>Оплата товаров и услуг - SHOP "RUBLEVSKIY 144" - MINSK</Description>
      <Currency>BYR</Currency>
      <AmountByCurrency>-35600.00</AmountByCurrency>
      <AmountByAccount>-35600.00</AmountByAccount>
    </TransactionItem>
    <TransactionItem>
      <RegistrationDate>2015-07-27T00:00:00</RegistrationDate>
      <TransactionDate>2015-07-25T00:00:00</TransactionDate>
      <TransactionCode>0222813/5975327</TransactionCode>
      <Description>Выдача наличных - TC "MAKSIMUS" BR. 519 ATM - MINSK</Description>
      <Currency>BYR</Currency>
      <AmountByCurrency>-1000000.00</AmountByCurrency>
      <AmountByAccount>-1000000.00</AmountByAccount>
    </TransactionItem>
    <TransactionItem>
      <RegistrationDate>2015-07-27T00:00:00</RegistrationDate>
      <TransactionDate>2015-07-25T00:00:00</TransactionDate>
      <TransactionCode>0222813/5975320</TransactionCode>
      <Description>Выдача наличных - TC "MAKSIMUS" BR. 519 ATM - MINSK</Description>
      <Currency>BYR</Currency>
      <AmountByCurrency>-2000000.00</AmountByCurrency>
      <AmountByAccount>-2000000.00</AmountByAccount>
    </TransactionItem>
    <TransactionItem>
      <RegistrationDate>2015-07-27T00:00:00</RegistrationDate>
      <TransactionDate>2015-07-25T00:00:00</TransactionDate>
      <TransactionCode>3227J60/5697999</TransactionCode>
      <Description>Оплата товаров и услуг - SHOP "MILA" - MINSK</Description>
      <Currency>BYR</Currency>
      <AmountByCurrency>-134500.00</AmountByCurrency>
      <AmountByAccount>-134500.00</AmountByAccount>
    </TransactionItem>
    <TransactionItem>
      <RegistrationDate>2015-07-27T00:00:00</RegistrationDate>
      <TransactionDate>2015-07-26T00:00:00</TransactionDate>
      <TransactionCode>9999J7B/7860394</TransactionCode>
      <Description>Оплата товаров и услуг - VIRTUAL FOR INTERNET BANKIN - MINSK</Description>
      <Currency>BYR</Currency>
      <AmountByCurrency>-55000.00</AmountByCurrency>
      <AmountByAccount>-55000.00</AmountByAccount>
    </TransactionItem>
    <TransactionItem>
      <RegistrationDate>2015-07-27T00:00:00</RegistrationDate>
      <TransactionDate>2015-07-25T00:00:00</TransactionDate>
      <TransactionCode>6381J60/5898520</TransactionCode>
      <Description>Оплата товаров и услуг - SHOP "PIVGRAD" - MINSK</Description>
      <Currency>BYR</Currency>
      <AmountByCurrency>-20300.00</AmountByCurrency>
      <AmountByAccount>-20300.00</AmountByAccount>
    </TransactionItem>
    <TransactionItem>
      <RegistrationDate>2015-07-29T00:00:00</RegistrationDate>
      <TransactionDate>2015-07-28T00:00:00</TransactionDate>
      <TransactionCode>0118848/1109974</TransactionCode>
      <Description>Оплата товаров и услуг - UNIVERSAM "EVROPEISKIY" - MINSK</Description>
      <Currency>BYR</Currency>
      <AmountByCurrency>-224200.00</AmountByCurrency>
      <AmountByAccount>-224200.00</AmountByAccount>
    </TransactionItem>
    <TransactionItem>
      <RegistrationDate>2015-07-30T00:00:00</RegistrationDate>
      <TransactionDate>2015-07-29T00:00:00</TransactionDate>
      <TransactionCode>5398726/3238324</TransactionCode>
      <Description>Оплата товаров и услуг - SHOP "PYATY ELEMENT" - MINSK</Description>
      <Currency>BYR</Currency>
      <AmountByCurrency>-109000.00</AmountByCurrency>
      <AmountByAccount>-109000.00</AmountByAccount>
    </TransactionItem>
    <TransactionItem>
      <RegistrationDate>2015-08-03T00:00:00</RegistrationDate>
      <TransactionDate>2015-07-31T00:00:00</TransactionDate>
      <TransactionCode>0165K20/7327425</TransactionCode>
      <Description>Оплата товаров и услуг - TORGOVY PAVILYON - MINSK</Description>
      <Currency>BYR</Currency>
      <AmountByCurrency>-69000.00</AmountByCurrency>
      <AmountByAccount>-69000.00</AmountByAccount>
    </TransactionItem>
    <TransactionItem>
      <RegistrationDate>2015-08-03T00:00:00</RegistrationDate>
      <TransactionDate>2015-08-01T00:00:00</TransactionDate>
      <TransactionCode>7597669/9475890</TransactionCode>
      <Description>Оплата товаров и услуг - SHOP "GURU COFFEE CLUB" - MINSK</Description>
      <Currency>BYR</Currency>
      <AmountByCurrency>-130000.00</AmountByCurrency>
      <AmountByAccount>-130000.00</AmountByAccount>
    </TransactionItem>
    <TransactionItem>
      <RegistrationDate>2015-08-03T00:00:00</RegistrationDate>
      <TransactionDate>2015-08-02T00:00:00</TransactionDate>
      <TransactionCode>4423062/0753349</TransactionCode>
      <Description>Оплата товаров и услуг - PIZZERIA "PIZZA TEMPO" - MINSK</Description>
      <Currency>BYR</Currency>
      <AmountByCurrency>-437700.00</AmountByCurrency>
      <AmountByAccount>-437700.00</AmountByAccount>
    </TransactionItem>
    <TransactionItem>
      <RegistrationDate>2015-08-03T00:00:00</RegistrationDate>
      <TransactionDate>2015-08-02T00:00:00</TransactionDate>
      <TransactionCode>0113125/0219269</TransactionCode>
      <Description>Оплата товаров и услуг - UNIVERSAM "EVROPEISKIY" - MINSK</Description>
      <Currency>BYR</Currency>
      <AmountByCurrency>-309600.00</AmountByCurrency>
      <AmountByAccount>-309600.00</AmountByAccount>
    </TransactionItem>
    <TransactionItem>
      <RegistrationDate>2015-08-03T00:00:00</RegistrationDate>
      <TransactionDate>2015-07-31T00:00:00</TransactionDate>
      <TransactionCode>0114098/8102297</TransactionCode>
      <Description>Оплата товаров и услуг - UNIVERSAM "EVROPEISKIY" - MINSK</Description>
      <Currency>BYR</Currency>
      <AmountByCurrency>-291600.00</AmountByCurrency>
      <AmountByAccount>-291600.00</AmountByAccount>
    </TransactionItem>
  </TransactionItems>
</MontlyReport>