<?xml version="1.0"?>
<MontlyReport xmlns:xsi="http://www.w3.org/2001/XMLSchema-instance" xmlns:xsd="http://www.w3.org/2001/XMLSchema">
  <UserInfo>АЛЕКСАНДР ВАЛЕРЬЕВИЧ КОРЗУН СЛОБОДСКАЯ, д.65, кв.27, Минск, Belarus,</UserInfo>
  <BancInfo>БЕЛИНВЕСТБАНК ГОПЕРу пр.Машерова, 29 Минск 220002</BancInfo>
  <ReportInfo>EC/MC Выписка по картам 1570384-2015/0401</ReportInfo>
  <PeriodInfo>Расчетный цикл 02-03-2015по01-04-2015</PeriodInfo>
  <CreationInfo>Сформировано 02-04-2015 08:45:45</CreationInfo>
  <AccountNumber>739001BYR00009AFD63</AccountNumber>
  <AccountCurrency>BYR</AccountCurrency>
  <ImmutableBalance>500000.00</ImmutableBalance>
  <MinBalance>0.00</MinBalance>
  <AvailibleCredit>0.00</AvailibleCredit>
  <PrevBalance>2652965.00</PrevBalance>
  <TransactionItems>
    <TransactionItem>
      <RegistrationDate>2015-03-31T00:00:00</RegistrationDate>
      <TransactionDate>2015-03-31T00:00:00</TransactionDate>
      <TransactionCode>4159653/68630515</TransactionCode>
      <Description>Зачисление на счет - начисл. проц-в: КОРЗУН АЛЕКСАНДР ВАЛЕРЬЕВИЧ; 9041251010024-&gt;3014775400013-91kBYR-9AFD63 = 1051811,00 BYR</Description>
      <Currency />
      <AmountByCurrency>0</AmountByCurrency>
      <AmountByAccount>1051811.00</AmountByAccount>
    </TransactionItem>
    <TransactionItem>
      <RegistrationDate>2015-03-02T00:00:00</RegistrationDate>
      <TransactionDate>2015-02-28T00:00:00</TransactionDate>
      <TransactionCode>1793042/4423044</TransactionCode>
      <Description>Оплата товаров и услуг - HYPERMARKET "PROSTORE" - MINSK</Description>
      <Currency>BYR</Currency>
      <AmountByCurrency>-84300.00</AmountByCurrency>
      <AmountByAccount>-84300.00</AmountByAccount>
    </TransactionItem>
    <TransactionItem>
      <RegistrationDate>2015-03-06T00:00:00</RegistrationDate>
      <TransactionDate>2015-03-05T00:00:00</TransactionDate>
      <TransactionCode>1791050/2249967</TransactionCode>
      <Description>Оплата товаров и услуг - HYPERMARKET "PROSTORE" - MINSK</Description>
      <Currency>BYR</Currency>
      <AmountByCurrency>-84850.00</AmountByCurrency>
      <AmountByAccount>-84850.00</AmountByAccount>
    </TransactionItem>
    <TransactionItem>
      <RegistrationDate>2015-03-09T00:00:00</RegistrationDate>
      <TransactionDate>2015-03-08T00:00:00</TransactionDate>
      <TransactionCode>2808670/0296673</TransactionCode>
      <Description>Оплата товаров и услуг - SHOP "MILA-53" - MINSK</Description>
      <Currency>BYR</Currency>
      <AmountByCurrency>-54600.00</AmountByCurrency>
      <AmountByAccount>-54600.00</AmountByAccount>
    </TransactionItem>
    <TransactionItem>
      <RegistrationDate>2015-03-09T00:00:00</RegistrationDate>
      <TransactionDate>2015-03-06T00:00:00</TransactionDate>
      <TransactionCode>1150309/1440</TransactionCode>
      <Description>Оплата товаров и услуг - BILYARDNYI KLUB - UL.BROVKI,8</Description>
      <Currency>BYR</Currency>
      <AmountByCurrency>-306000.00</AmountByCurrency>
      <AmountByAccount>-306000.00</AmountByAccount>
    </TransactionItem>
    <TransactionItem>
      <RegistrationDate>2015-03-09T00:00:00</RegistrationDate>
      <TransactionDate>2015-03-06T00:00:00</TransactionDate>
      <TransactionCode>0455267/5010596</TransactionCode>
      <Description>Оплата товаров и услуг - HYPERMARKET "PROSTORE" BAPB - MINSK</Description>
      <Currency>BYR</Currency>
      <AmountByCurrency>-106100.00</AmountByCurrency>
      <AmountByAccount>-106100.00</AmountByAccount>
    </TransactionItem>
    <TransactionItem>
      <RegistrationDate>2015-03-11T00:00:00</RegistrationDate>
      <TransactionDate>2015-03-10T00:00:00</TransactionDate>
      <TransactionCode>9999693/5922962</TransactionCode>
      <Description>Зачисление перевода / Возврат покупки - VIRTUAL FOR INTERNET BANKIN - MINSK</Description>
      <Currency>BYR</Currency>
      <AmountByCurrency>10000.00</AmountByCurrency>
      <AmountByAccount>10000.00</AmountByAccount>
    </TransactionItem>
    <TransactionItem>
      <RegistrationDate>2015-03-11T00:00:00</RegistrationDate>
      <TransactionDate>2015-03-10T00:00:00</TransactionDate>
      <TransactionCode>9999695/5909652</TransactionCode>
      <Description>Оплата товаров и услуг - VIRTUAL FOR INTERNET BANKIN - MINSK</Description>
      <Currency>BYR</Currency>
      <AmountByCurrency>-100000.00</AmountByCurrency>
      <AmountByAccount>-100000.00</AmountByAccount>
    </TransactionItem>
    <TransactionItem>
      <RegistrationDate>2015-03-11T00:00:00</RegistrationDate>
      <TransactionDate>2015-03-10T00:00:00</TransactionDate>
      <TransactionCode>9999695/5909619</TransactionCode>
      <Description>Оплата товаров и услуг - VIRTUAL FOR INTERNET BANKIN - MINSK</Description>
      <Currency>BYR</Currency>
      <AmountByCurrency>-120000.00</AmountByCurrency>
      <AmountByAccount>-120000.00</AmountByAccount>
    </TransactionItem>
    <TransactionItem>
      <RegistrationDate>2015-03-11T00:00:00</RegistrationDate>
      <TransactionDate>2015-03-10T00:00:00</TransactionDate>
      <TransactionCode>9999693/5921222</TransactionCode>
      <Description>Зачисление перевода / Возврат покупки - VIRTUAL FOR INTERNET BANKIN - MINSK</Description>
      <Currency>RUB</Currency>
      <AmountByCurrency>10000.00</AmountByCurrency>
      <AmountByAccount>2390000.00</AmountByAccount>
    </TransactionItem>
    <TransactionItem>
      <RegistrationDate>2015-03-12T00:00:00</RegistrationDate>
      <TransactionDate>2015-03-10T00:00:00</TransactionDate>
      <TransactionCode>0723321/4346548</TransactionCode>
      <Description>Оплата товаров и услуг - SHOP "CHAYNOE SOSTOYANIE" - MINSK</Description>
      <Currency>BYR</Currency>
      <AmountByCurrency>-180000.00</AmountByCurrency>
      <AmountByAccount>-180000.00</AmountByAccount>
    </TransactionItem>
    <TransactionItem>
      <RegistrationDate>2015-03-12T00:00:00</RegistrationDate>
      <TransactionDate>2015-03-11T00:00:00</TransactionDate>
      <TransactionCode>0462265/6284795</TransactionCode>
      <Description>Оплата товаров и услуг - HYPERMARKET "PROSTORE" BAPB - MINSK</Description>
      <Currency>BYR</Currency>
      <AmountByCurrency>-150300.00</AmountByCurrency>
      <AmountByAccount>-150300.00</AmountByAccount>
    </TransactionItem>
    <TransactionItem>
      <RegistrationDate>2015-03-16T00:00:00</RegistrationDate>
      <TransactionDate>2015-03-13T00:00:00</TransactionDate>
      <TransactionCode>9061720/6657653</TransactionCode>
      <Description>Выдача наличных - ATM GOPERY BIB - MINSK</Description>
      <Currency>BYR</Currency>
      <AmountByCurrency>-600000.00</AmountByCurrency>
      <AmountByAccount>-600000.00</AmountByAccount>
    </TransactionItem>
    <TransactionItem>
      <RegistrationDate>2015-03-17T00:00:00</RegistrationDate>
      <TransactionDate>2015-03-16T00:00:00</TransactionDate>
      <TransactionCode>0120328/7064762</TransactionCode>
      <Description>Оплата товаров и услуг - UNIVERSAM "EVROPEISKIY" - MINSK</Description>
      <Currency>BYR</Currency>
      <AmountByCurrency>-175250.00</AmountByCurrency>
      <AmountByAccount>-175250.00</AmountByAccount>
    </TransactionItem>
    <TransactionItem>
      <RegistrationDate>2015-03-18T00:00:00</RegistrationDate>
      <TransactionDate>2015-03-17T00:00:00</TransactionDate>
      <TransactionCode>999976G/7562339</TransactionCode>
      <Description>Оплата товаров и услуг - VIRTUAL FOR INTERNET BANKIN - MINSK</Description>
      <Currency>BYR</Currency>
      <AmountByCurrency>-60000.00</AmountByCurrency>
      <AmountByAccount>-60000.00</AmountByAccount>
    </TransactionItem>
    <TransactionItem>
      <RegistrationDate>2015-03-18T00:00:00</RegistrationDate>
      <TransactionDate>2015-03-17T00:00:00</TransactionDate>
      <TransactionCode>669776O/7606628</TransactionCode>
      <Description>Оплата товаров и услуг - PT FILIAL MINSKTRANS - MINSK</Description>
      <Currency>BYR</Currency>
      <AmountByCurrency>-36000.00</AmountByCurrency>
      <AmountByAccount>-36000.00</AmountByAccount>
    </TransactionItem>
    <TransactionItem>
      <RegistrationDate>2015-03-19T00:00:00</RegistrationDate>
      <TransactionDate>2015-03-18T00:00:00</TransactionDate>
      <TransactionCode>999977I/7939718</TransactionCode>
      <Description>Оплата товаров и услуг - VIRTUAL FOR INTERNET BANKIN - MINSK</Description>
      <Currency>BYR</Currency>
      <AmountByCurrency>-100000.00</AmountByCurrency>
      <AmountByAccount>-100000.00</AmountByAccount>
    </TransactionItem>
    <TransactionItem>
      <RegistrationDate>2015-03-19T00:00:00</RegistrationDate>
      <TransactionDate>2015-03-18T00:00:00</TransactionDate>
      <TransactionCode>999777C/7845317</TransactionCode>
      <Description>Оплата товаров и услуг - SMS Opoveschenie - MINSK</Description>
      <Currency>BYR</Currency>
      <AmountByCurrency>-2000.00</AmountByCurrency>
      <AmountByAccount>-2000.00</AmountByAccount>
    </TransactionItem>
    <TransactionItem>
      <RegistrationDate>2015-03-23T00:00:00</RegistrationDate>
      <TransactionDate>2015-03-21T00:00:00</TransactionDate>
      <TransactionCode>3029089/6871540</TransactionCode>
      <Description>Оплата товаров и услуг - SHOP N 114 "BELMARKET" - MINSK</Description>
      <Currency>BYR</Currency>
      <AmountByCurrency>-252350.00</AmountByCurrency>
      <AmountByAccount>-252350.00</AmountByAccount>
    </TransactionItem>
    <TransactionItem>
      <RegistrationDate>2015-03-23T00:00:00</RegistrationDate>
      <TransactionDate>2015-03-22T00:00:00</TransactionDate>
      <TransactionCode>0120340/9227309</TransactionCode>
      <Description>Оплата товаров и услуг - UNIVERSAM "EVROPEISKIY" - MINSK</Description>
      <Currency>BYR</Currency>
      <AmountByCurrency>-552050.00</AmountByCurrency>
      <AmountByAccount>-552050.00</AmountByAccount>
    </TransactionItem>
    <TransactionItem>
      <RegistrationDate>2015-03-23T00:00:00</RegistrationDate>
      <TransactionDate>2015-03-22T00:00:00</TransactionDate>
      <TransactionCode>9061810/8788037</TransactionCode>
      <Description>Выдача наличных - ATM GOPERY BIB - MINSK</Description>
      <Currency>BYR</Currency>
      <AmountByCurrency>-500000.00</AmountByCurrency>
      <AmountByAccount>-500000.00</AmountByAccount>
    </TransactionItem>
    <TransactionItem>
      <RegistrationDate>2015-03-24T00:00:00</RegistrationDate>
      <TransactionDate>2015-03-23T00:00:00</TransactionDate>
      <TransactionCode>999982S/9171695</TransactionCode>
      <Description>Зачисление перевода / Возврат покупки - VIRTUAL FOR INTERNET BANKIN - MINSK</Description>
      <Currency>USD</Currency>
      <AmountByCurrency>7000.00</AmountByCurrency>
      <AmountByAccount>102340000.00</AmountByAccount>
    </TransactionItem>
    <TransactionItem>
      <RegistrationDate>2015-03-24T00:00:00</RegistrationDate>
      <TransactionDate>2015-03-23T00:00:00</TransactionDate>
      <TransactionCode>999982P/9011262</TransactionCode>
      <Description>Оплата товаров и услуг - VIRTUAL FOR INTERNET BANKIN - MINSK</Description>
      <Currency>BYR</Currency>
      <AmountByCurrency>-153628.00</AmountByCurrency>
      <AmountByAccount>-153628.00</AmountByAccount>
    </TransactionItem>
    <TransactionItem>
      <RegistrationDate>2015-03-24T00:00:00</RegistrationDate>
      <TransactionDate>2015-03-23T00:00:00</TransactionDate>
      <TransactionCode>999982S/9171692</TransactionCode>
      <Description>Зачисление перевода / Возврат покупки - VIRTUAL FOR INTERNET BANKIN - MINSK</Description>
      <Currency>USD</Currency>
      <AmountByCurrency>1000.00</AmountByCurrency>
      <AmountByAccount>14620000.00</AmountByAccount>
    </TransactionItem>
    <TransactionItem>
      <RegistrationDate>2015-03-25T00:00:00</RegistrationDate>
      <TransactionDate>2015-03-24T00:00:00</TransactionDate>
      <TransactionCode>747283J/9331222</TransactionCode>
      <Description>Оплата товаров и услуг - PT SHOP GASPADAR I GASPADYN - MINSK</Description>
      <Currency>BYR</Currency>
      <AmountByCurrency>-76500.00</AmountByCurrency>
      <AmountByAccount>-76500.00</AmountByAccount>
    </TransactionItem>
    <TransactionItem>
      <RegistrationDate>2015-03-25T00:00:00</RegistrationDate>
      <TransactionDate>2015-03-23T00:00:00</TransactionDate>
      <TransactionCode>0114058/2571261</TransactionCode>
      <Description>Оплата товаров и услуг - UNIVERSAM "EVROPEISKIY" - MINSK</Description>
      <Currency>BYR</Currency>
      <AmountByCurrency>-620700.00</AmountByCurrency>
      <AmountByAccount>-620700.00</AmountByAccount>
    </TransactionItem>
    <TransactionItem>
      <RegistrationDate>2015-03-30T00:00:00</RegistrationDate>
      <TransactionDate>2015-03-27T00:00:00</TransactionDate>
      <TransactionCode>0120350/0854358</TransactionCode>
      <Description>Оплата товаров и услуг - UNIVERSAM "EVROPEISKIY" - MINSK</Description>
      <Currency>BYR</Currency>
      <AmountByCurrency>-474450.00</AmountByCurrency>
      <AmountByAccount>-474450.00</AmountByAccount>
    </TransactionItem>
    <TransactionItem>
      <RegistrationDate>2015-03-31T00:00:00</RegistrationDate>
      <TransactionDate>2015-03-30T00:00:00</TransactionDate>
      <TransactionCode>1789072/5911320</TransactionCode>
      <Description>Оплата товаров и услуг - HYPERMARKET "PROSTORE" - MINSK</Description>
      <Currency>BYR</Currency>
      <AmountByCurrency>-220200.00</AmountByCurrency>
      <AmountByAccount>-220200.00</AmountByAccount>
    </TransactionItem>
    <TransactionItem>
      <RegistrationDate>2015-04-01T00:00:00</RegistrationDate>
      <TransactionDate>2015-03-31T00:00:00</TransactionDate>
      <TransactionCode>0121748/7153543</TransactionCode>
      <Description>Оплата товаров и услуг - UNIVERSAM "EVROPEISKIY" - MINSK</Description>
      <Currency>BYR</Currency>
      <AmountByCurrency>-334850.00</AmountByCurrency>
      <AmountByAccount>-334850.00</AmountByAccount>
    </TransactionItem>
  </TransactionItems>
</MontlyReport>