<?xml version="1.0"?>
<MontlyReport xmlns:xsi="http://www.w3.org/2001/XMLSchema-instance" xmlns:xsd="http://www.w3.org/2001/XMLSchema">
  <UserInfo>АЛЕКСАНДР ВАЛЕРЬЕВИЧ КОРЗУН СЛОБОДСКАЯ, д.65, кв.27, Минск, Belarus,</UserInfo>
  <BancInfo>БЕЛИНВЕСТБАНК ГОПЕРу пр.Машерова, 29 Минск 220002</BancInfo>
  <ReportInfo>EC/MC Выписка по картам 1642094-2015/0901</ReportInfo>
  <PeriodInfo>Расчетный цикл 04-08-2015по01-09-2015</PeriodInfo>
  <CreationInfo>Сформировано 02-09-2015 14:05:40</CreationInfo>
  <AccountNumber>739001USD0000A05A15</AccountNumber>
  <AccountCurrency>USD</AccountCurrency>
  <ImmutableBalance>300.00</ImmutableBalance>
  <MinBalance>0.00</MinBalance>
  <AvailibleCredit>0.00</AvailibleCredit>
  <PrevBalance>6449.49</PrevBalance>
  <TransactionItems>
    <TransactionItem>
      <RegistrationDate>2015-08-31T00:00:00</RegistrationDate>
      <TransactionDate>2015-08-31T00:00:00</TransactionDate>
      <TransactionCode>4407939/25925077</TransactionCode>
      <Description>Зачисление на счет - начисл. проц-в: КОРЗУН АЛЕКСАНДР ВАЛЕРЬЕВИЧ; 6901870015019-&gt;3014775405018-91kUSD-A05A15 = 23,26 USD</Description>
      <Currency />
      <AmountByCurrency>0</AmountByCurrency>
      <AmountByAccount>23.26</AmountByAccount>
    </TransactionItem>
    <TransactionItem>
      <RegistrationDate>2015-08-10T00:00:00</RegistrationDate>
      <TransactionDate>2015-08-08T00:00:00</TransactionDate>
      <TransactionCode>9999L0D/0516353</TransactionCode>
      <Description>Перевод средств - VIRTUAL FOR INTERNET BANKIN - MINSK</Description>
      <Currency>USD</Currency>
      <AmountByCurrency>-200.00</AmountByCurrency>
      <AmountByAccount>-200.00</AmountByAccount>
    </TransactionItem>
    <TransactionItem>
      <RegistrationDate>2015-08-25T00:00:00</RegistrationDate>
      <TransactionDate>2015-08-24T00:00:00</TransactionDate>
      <TransactionCode>9999M6U/4425560</TransactionCode>
      <Description>Перевод средств - VIRTUAL FOR INTERNET BANKIN - MINSK</Description>
      <Currency>USD</Currency>
      <AmountByCurrency>-200.00</AmountByCurrency>
      <AmountByAccount>-200.00</AmountByAccount>
    </TransactionItem>
  </TransactionItems>
</MontlyReport>