<?xml version="1.0"?>
<MontlyReport xmlns:xsi="http://www.w3.org/2001/XMLSchema-instance" xmlns:xsd="http://www.w3.org/2001/XMLSchema">
  <UserInfo>АЛЕКСАНДР ВАЛЕРЬЕВИЧ КОРЗУН СЛОБОДСКАЯ, д.65, кв.27, Минск, Belarus,</UserInfo>
  <BancInfo>БЕЛИНВЕСТБАНК ГОПЕРу пр.Машерова, 29 Минск 220002</BancInfo>
  <ReportInfo>EC/MC Выписка по картам 1642095-2015/0401</ReportInfo>
  <PeriodInfo>Расчетный цикл 02-03-2015по01-04-2015</PeriodInfo>
  <CreationInfo>Сформировано 02-04-2015 08:45:45</CreationInfo>
  <AccountNumber>739001RUB0000A05A1A</AccountNumber>
  <AccountCurrency>RUB</AccountCurrency>
  <ImmutableBalance>10000.00</ImmutableBalance>
  <MinBalance>0.00</MinBalance>
  <AvailibleCredit>0.00</AvailibleCredit>
  <PrevBalance>39786.48</PrevBalance>
  <TransactionItems>
    <TransactionItem>
      <RegistrationDate>2015-03-31T00:00:00</RegistrationDate>
      <TransactionDate>2015-03-31T00:00:00</TransactionDate>
      <TransactionCode>4159657/68626647</TransactionCode>
      <Description>Зачисление на счет - начисл. проц-в: КОРЗУН АЛЕКСАНДР ВАЛЕРЬЕВИЧ; 6901878588014-&gt;3014775405034-91kRUB-A05A1A = 106,17 RUB</Description>
      <Currency />
      <AmountByCurrency>0</AmountByCurrency>
      <AmountByAccount>106.17</AmountByAccount>
    </TransactionItem>
    <TransactionItem>
      <RegistrationDate>2015-03-11T00:00:00</RegistrationDate>
      <TransactionDate>2015-03-10T00:00:00</TransactionDate>
      <TransactionCode>9999693/5922963</TransactionCode>
      <Description>Перевод средств - VIRTUAL FOR INTERNET BANKIN - MINSK</Description>
      <Currency>BYR</Currency>
      <AmountByCurrency>-10000.00</AmountByCurrency>
      <AmountByAccount>-41.84</AmountByAccount>
    </TransactionItem>
    <TransactionItem>
      <RegistrationDate>2015-03-11T00:00:00</RegistrationDate>
      <TransactionDate>2015-03-10T00:00:00</TransactionDate>
      <TransactionCode>9999693/5921223</TransactionCode>
      <Description>Перевод средств - VIRTUAL FOR INTERNET BANKIN - MINSK</Description>
      <Currency>RUB</Currency>
      <AmountByCurrency>-10000.00</AmountByCurrency>
      <AmountByAccount>-10000.00</AmountByAccount>
    </TransactionItem>
  </TransactionItems>
</MontlyReport>