<?xml version="1.0"?>
<MontlyReport xmlns:xsi="http://www.w3.org/2001/XMLSchema-instance" xmlns:xsd="http://www.w3.org/2001/XMLSchema">
  <UserInfo>АЛЕКСАНДР ВАЛЕРЬЕВИЧ КОРЗУН СЛОБОДСКАЯ, д.65, кв.27, Минск, Belarus,</UserInfo>
  <BancInfo>БЕЛИНВЕСТБАНК ГОПЕРу пр.Машерова, 29 Минск 220002</BancInfo>
  <ReportInfo>EC/MC Выписка по картам 1642094-2015/0401</ReportInfo>
  <PeriodInfo>Расчетный цикл 02-03-2015по01-04-2015</PeriodInfo>
  <CreationInfo>Сформировано 02-04-2015 08:45:45</CreationInfo>
  <AccountNumber>739001USD0000A05A15</AccountNumber>
  <AccountCurrency>USD</AccountCurrency>
  <ImmutableBalance>300.00</ImmutableBalance>
  <MinBalance>0.00</MinBalance>
  <AvailibleCredit>0.00</AvailibleCredit>
  <PrevBalance>8506.59</PrevBalance>
  <TransactionItems>
    <TransactionItem>
      <RegistrationDate>2015-03-31T00:00:00</RegistrationDate>
      <TransactionDate>2015-03-31T00:00:00</TransactionDate>
      <TransactionCode>4159659/68626164</TransactionCode>
      <Description>Зачисление на счет - начисл. проц-в: КОРЗУН АЛЕКСАНДР ВАЛЕРЬЕВИЧ; 6901870015019-&gt;3014775405018-91kUSD-A05A15 = 30,87 USD</Description>
      <Currency />
      <AmountByCurrency>0</AmountByCurrency>
      <AmountByAccount>30.87</AmountByAccount>
    </TransactionItem>
    <TransactionItem>
      <RegistrationDate>2015-03-24T00:00:00</RegistrationDate>
      <TransactionDate>2015-03-23T00:00:00</TransactionDate>
      <TransactionCode>999982S/9171693</TransactionCode>
      <Description>Перевод средств - VIRTUAL FOR INTERNET BANKIN - MINSK</Description>
      <Currency>USD</Currency>
      <AmountByCurrency>-1000.00</AmountByCurrency>
      <AmountByAccount>-1000.00</AmountByAccount>
    </TransactionItem>
    <TransactionItem>
      <RegistrationDate>2015-03-24T00:00:00</RegistrationDate>
      <TransactionDate>2015-03-23T00:00:00</TransactionDate>
      <TransactionCode>999982S/9171694</TransactionCode>
      <Description>Перевод средств - VIRTUAL FOR INTERNET BANKIN - MINSK</Description>
      <Currency>USD</Currency>
      <AmountByCurrency>-7000.00</AmountByCurrency>
      <AmountByAccount>-7000.00</AmountByAccount>
    </TransactionItem>
  </TransactionItems>
</MontlyReport>