<?xml version="1.0"?>
<MontlyReport xmlns:xsi="http://www.w3.org/2001/XMLSchema-instance" xmlns:xsd="http://www.w3.org/2001/XMLSchema">
  <UserInfo>АЛЕКСАНДР ВАЛЕРЬЕВИЧ КОРЗУН СЛОБОДСКАЯ, д.65, кв.27, Минск, Belarus,</UserInfo>
  <BancInfo>БЕЛИНВЕСТБАНК ГОПЕРу пр.Машерова, 29 Минск 220002</BancInfo>
  <ReportInfo>EC/MC Выписка по картам 1642094-2015/0601</ReportInfo>
  <PeriodInfo>Расчетный цикл 02-05-2015по01-06-2015</PeriodInfo>
  <CreationInfo>Сформировано 02-06-2015 08:46:57</CreationInfo>
  <AccountNumber>739001USD0000A05A15</AccountNumber>
  <AccountCurrency>USD</AccountCurrency>
  <ImmutableBalance>300.00</ImmutableBalance>
  <MinBalance>0.00</MinBalance>
  <AvailibleCredit>0.00</AvailibleCredit>
  <PrevBalance>8055.28</PrevBalance>
  <TransactionItems>
    <TransactionItem>
      <RegistrationDate>2015-05-29T00:00:00</RegistrationDate>
      <TransactionDate>2015-05-29T00:00:00</TransactionDate>
      <TransactionCode>4257372/90883987</TransactionCode>
      <Description>Зачисление на счет - начисл. проц-в: КОРЗУН АЛЕКСАНДР ВАЛЕРЬЕВИЧ; 6901870015019-&gt;3014775405018-91kUSD-A05A15 = 31,89 USD</Description>
      <Currency />
      <AmountByCurrency>0</AmountByCurrency>
      <AmountByAccount>31.89</AmountByAccount>
    </TransactionItem>
    <TransactionItem>
      <RegistrationDate>2015-05-22T00:00:00</RegistrationDate>
      <TransactionDate>2015-05-21T00:00:00</TransactionDate>
      <TransactionCode>9999D11/2427986</TransactionCode>
      <Description>Перевод средств - VIRTUAL FOR INTERNET BANKIN - MINSK</Description>
      <Currency>USD</Currency>
      <AmountByCurrency>-100.00</AmountByCurrency>
      <AmountByAccount>-100.00</AmountByAccount>
    </TransactionItem>
    <TransactionItem>
      <RegistrationDate>2015-06-01T00:00:00</RegistrationDate>
      <TransactionDate>2015-05-30T00:00:00</TransactionDate>
      <TransactionCode>9999E0D/4665448</TransactionCode>
      <Description>Перевод средств - VIRTUAL FOR INTERNET BANKIN - MINSK</Description>
      <Currency>USD</Currency>
      <AmountByCurrency>-100.00</AmountByCurrency>
      <AmountByAccount>-100.00</AmountByAccount>
    </TransactionItem>
  </TransactionItems>
</MontlyReport>