<?xml version="1.0"?>
<MontlyReport xmlns:xsi="http://www.w3.org/2001/XMLSchema-instance" xmlns:xsd="http://www.w3.org/2001/XMLSchema">
  <UserInfo>АЛЕКСАНДР ВАЛЕРЬЕВИЧ КОРЗУН СЛОБОДСКАЯ, д.65, кв.27, Минск, Belarus,</UserInfo>
  <BancInfo>БЕЛИНВЕСТБАНК ГОПЕРу пр.Машерова, 29 Минск 220002</BancInfo>
  <ReportInfo>EC/MC Выписка по картам 1399391-2012/1203</ReportInfo>
  <PeriodInfo>Расчетный цикл 02-11-2012по03-12-2012</PeriodInfo>
  <CreationInfo>Сформировано 04-12-2012 11:43:08</CreationInfo>
  <AccountNumber>739001BYR0000746644</AccountNumber>
  <AccountCurrency>BYR</AccountCurrency>
  <ImmutableBalance>0.00</ImmutableBalance>
  <MinBalance>0.00</MinBalance>
  <AvailibleCredit>0.00</AvailibleCredit>
  <PrevBalance>4059480.00</PrevBalance>
  <TransactionItems>
    <TransactionItem>
      <RegistrationDate>2012-11-09T00:00:00</RegistrationDate>
      <TransactionDate>2012-11-09T00:00:00</TransactionDate>
      <TransactionCode>2921425/88617112</TransactionCode>
      <Description>Зачисление на счет - зачисл. з/п: КОРЗУН АЛЕКСАНДР ВАЛЕРЬЕВИЧ; 3819250000393-&gt;3114250000115-91kBYR-746644 = 4278350,00 BYR</Description>
      <Currency />
      <AmountByCurrency>0</AmountByCurrency>
      <AmountByAccount>4278350.00</AmountByAccount>
    </TransactionItem>
    <TransactionItem>
      <RegistrationDate>2012-11-23T00:00:00</RegistrationDate>
      <TransactionDate>2012-11-23T00:00:00</TransactionDate>
      <TransactionCode>2938176/92298693</TransactionCode>
      <Description>Зачисление на счет - зачисл. з/п: КОРЗУН АЛЕКСАНДР ВАЛЕРЬЕВИЧ; 3819250000393-&gt;3114250000115-91kBYR-746644 = 804000,00 BYR</Description>
      <Currency />
      <AmountByCurrency>0</AmountByCurrency>
      <AmountByAccount>804000.00</AmountByAccount>
    </TransactionItem>
    <TransactionItem>
      <RegistrationDate>2012-11-30T00:00:00</RegistrationDate>
      <TransactionDate>2012-11-30T00:00:00</TransactionDate>
      <TransactionCode>2946065/94348294</TransactionCode>
      <Description>Зачисление на счет - начисл. проц-в: КОРЗУН АЛЕКСАНДР ВАЛЕРЬЕВИЧ; 9043251010048-&gt;3114250000115-91kBYR-746644 = 40,00 BYR</Description>
      <Currency />
      <AmountByCurrency>0</AmountByCurrency>
      <AmountByAccount>40.00</AmountByAccount>
    </TransactionItem>
    <TransactionItem>
      <RegistrationDate>2012-12-03T00:00:00</RegistrationDate>
      <TransactionDate>2012-12-03T00:00:00</TransactionDate>
      <TransactionCode />
      <Description>Комиссия за выдачу нал-х в АТМ</Description>
      <Currency>BYR</Currency>
      <AmountByCurrency>0</AmountByCurrency>
      <AmountByAccount>-10000.00</AmountByAccount>
    </TransactionItem>
    <TransactionItem>
      <RegistrationDate>2012-11-05T00:00:00</RegistrationDate>
      <TransactionDate>2012-11-03T00:00:00</TransactionDate>
      <TransactionCode>1121105/3500165</TransactionCode>
      <Description>Выдача наличных - ATM 400 MTB MINSK - MINSK</Description>
      <Currency>BYR</Currency>
      <AmountByCurrency>-50000.00</AmountByCurrency>
      <AmountByAccount>-50000.00</AmountByAccount>
    </TransactionItem>
    <TransactionItem>
      <RegistrationDate>2012-11-05T00:00:00</RegistrationDate>
      <TransactionDate>2012-11-02T00:00:00</TransactionDate>
      <TransactionCode>3875T70/1154745</TransactionCode>
      <Description>Оплата товаров и услуг - SHOP N 3 "TREMLYA" - MINSK</Description>
      <Currency>BYR</Currency>
      <AmountByCurrency>-40550.00</AmountByCurrency>
      <AmountByAccount>-40550.00</AmountByAccount>
    </TransactionItem>
    <TransactionItem>
      <RegistrationDate>2012-11-05T00:00:00</RegistrationDate>
      <TransactionDate>2012-11-03T00:00:00</TransactionDate>
      <TransactionCode>1158T80/3797142</TransactionCode>
      <Description>Оплата товаров и услуг - GASTRONOM "ALMI" - MINSK</Description>
      <Currency>BYR</Currency>
      <AmountByCurrency>-105020.00</AmountByCurrency>
      <AmountByAccount>-105020.00</AmountByAccount>
    </TransactionItem>
    <TransactionItem>
      <RegistrationDate>2012-11-05T00:00:00</RegistrationDate>
      <TransactionDate>2012-11-04T00:00:00</TransactionDate>
      <TransactionCode>9061T90/7467861</TransactionCode>
      <Description>Выдача наличных - ATM GOPERY BIB - MINSK</Description>
      <Currency>BYR</Currency>
      <AmountByCurrency>-400000.00</AmountByCurrency>
      <AmountByAccount>-400000.00</AmountByAccount>
    </TransactionItem>
    <TransactionItem>
      <RegistrationDate>2012-11-05T00:00:00</RegistrationDate>
      <TransactionDate>2012-11-03T00:00:00</TransactionDate>
      <TransactionCode>0710T80/2975195</TransactionCode>
      <Description>Оплата товаров и услуг - SHOP "SOSEDI" - MINSK</Description>
      <Currency>BYR</Currency>
      <AmountByCurrency>-27850.00</AmountByCurrency>
      <AmountByAccount>-27850.00</AmountByAccount>
    </TransactionItem>
    <TransactionItem>
      <RegistrationDate>2012-11-05T00:00:00</RegistrationDate>
      <TransactionDate>2012-11-02T00:00:00</TransactionDate>
      <TransactionCode>9061T70/6525102</TransactionCode>
      <Description>Выдача наличных - ATM GOPERY BIB - MINSK</Description>
      <Currency>USD</Currency>
      <AmountByCurrency>-200.00</AmountByCurrency>
      <AmountByAccount>-1718000.00</AmountByAccount>
    </TransactionItem>
    <TransactionItem>
      <RegistrationDate>2012-11-08T00:00:00</RegistrationDate>
      <TransactionDate>2012-11-06T00:00:00</TransactionDate>
      <TransactionCode>4426U1J/7991019</TransactionCode>
      <Description>Оплата товаров и услуг - PT SHOP "RUBLEVSKIY-106" - MINSK</Description>
      <Currency>BYR</Currency>
      <AmountByCurrency>-9500.00</AmountByCurrency>
      <AmountByAccount>-9500.00</AmountByAccount>
    </TransactionItem>
    <TransactionItem>
      <RegistrationDate>2012-11-12T00:00:00</RegistrationDate>
      <TransactionDate>2012-11-10T00:00:00</TransactionDate>
      <TransactionCode>1121112/3512043</TransactionCode>
      <Description>Оплата товаров и услуг - GIPPO TRADE CENTRE - MINSK</Description>
      <Currency>BYR</Currency>
      <AmountByCurrency>-150550.00</AmountByCurrency>
      <AmountByAccount>-150550.00</AmountByAccount>
    </TransactionItem>
    <TransactionItem>
      <RegistrationDate>2012-11-23T00:00:00</RegistrationDate>
      <TransactionDate>2012-11-22T00:00:00</TransactionDate>
      <TransactionCode>2413V70/6882845</TransactionCode>
      <Description>Оплата товаров и услуг - KAFE "BUVETTE" - MINSK</Description>
      <Currency>BYR</Currency>
      <AmountByCurrency>-71800.00</AmountByCurrency>
      <AmountByAccount>-71800.00</AmountByAccount>
    </TransactionItem>
    <TransactionItem>
      <RegistrationDate>2012-11-26T00:00:00</RegistrationDate>
      <TransactionDate>2012-11-23T00:00:00</TransactionDate>
      <TransactionCode>9061V80/5549528</TransactionCode>
      <Description>Выдача наличных - ATM GOPERY BIB - MINSK</Description>
      <Currency>BYR</Currency>
      <AmountByCurrency>-50000.00</AmountByCurrency>
      <AmountByAccount>-50000.00</AmountByAccount>
    </TransactionItem>
    <TransactionItem>
      <RegistrationDate>2012-11-28T00:00:00</RegistrationDate>
      <TransactionDate>2012-11-27T00:00:00</TransactionDate>
      <TransactionCode>0528W20/3880171</TransactionCode>
      <Description>Оплата товаров и услуг - UNIVERSAM "ALMI" - MINSK</Description>
      <Currency>BYR</Currency>
      <AmountByCurrency>-21900.00</AmountByCurrency>
      <AmountByAccount>-21900.00</AmountByAccount>
    </TransactionItem>
    <TransactionItem>
      <RegistrationDate>2012-11-29T00:00:00</RegistrationDate>
      <TransactionDate>2012-11-28T00:00:00</TransactionDate>
      <TransactionCode>4425W36/7831699</TransactionCode>
      <Description>Оплата товаров и услуг - PT SHOP "RUBLEVSKIY-106" - MINSK</Description>
      <Currency>BYR</Currency>
      <AmountByCurrency>-22770.00</AmountByCurrency>
      <AmountByAccount>-22770.00</AmountByAccount>
    </TransactionItem>
    <TransactionItem>
      <RegistrationDate>2012-11-29T00:00:00</RegistrationDate>
      <TransactionDate>2012-11-28T00:00:00</TransactionDate>
      <TransactionCode>9061W30/7821501</TransactionCode>
      <Description>Выдача наличных - ATM GOPERY BIB - MINSK</Description>
      <Currency>BYR</Currency>
      <AmountByCurrency>-50000.00</AmountByCurrency>
      <AmountByAccount>-50000.00</AmountByAccount>
    </TransactionItem>
    <TransactionItem>
      <RegistrationDate>2012-12-03T00:00:00</RegistrationDate>
      <TransactionDate>2012-11-30T00:00:00</TransactionDate>
      <TransactionCode>9137W50/8680881</TransactionCode>
      <Description>Выдача наличных - ATM N137 BIB - MINSK</Description>
      <Currency>BYR</Currency>
      <AmountByCurrency>-50000.00</AmountByCurrency>
      <AmountByAccount>-50000.00</AmountByAccount>
    </TransactionItem>
    <TransactionItem>
      <RegistrationDate>2012-12-03T00:00:00</RegistrationDate>
      <TransactionDate>2012-11-30T00:00:00</TransactionDate>
      <TransactionCode>9137W50/8680704</TransactionCode>
      <Description>Выдача наличных - ATM N137 BIB - MINSK</Description>
      <Currency>USD</Currency>
      <AmountByCurrency>-100.00</AmountByCurrency>
      <AmountByAccount>-868000.00</AmountByAccount>
    </TransactionItem>
    <TransactionItem>
      <RegistrationDate>2012-12-03T00:00:00</RegistrationDate>
      <TransactionDate>2012-12-01T00:00:00</TransactionDate>
      <TransactionCode>9061W60/9386094</TransactionCode>
      <Description>Выдача наличных - ATM GOPERY BIB - MINSK</Description>
      <Currency>BYR</Currency>
      <AmountByCurrency>-300000.00</AmountByCurrency>
      <AmountByAccount>-300000.00</AmountByAccount>
    </TransactionItem>
    <TransactionItem>
      <RegistrationDate>2012-12-03T00:00:00</RegistrationDate>
      <TransactionDate>2012-12-02T00:00:00</TransactionDate>
      <TransactionCode>0081W70/7338982</TransactionCode>
      <Description>Оплата товаров и услуг - TC "ZELYONY KLYON" BAP - MINSK</Description>
      <Currency>BYR</Currency>
      <AmountByCurrency>-105190.00</AmountByCurrency>
      <AmountByAccount>-105190.00</AmountByAccount>
    </TransactionItem>
  </TransactionItems>
</MontlyReport>