<?xml version="1.0"?>
<MontlyReport xmlns:xsi="http://www.w3.org/2001/XMLSchema-instance" xmlns:xsd="http://www.w3.org/2001/XMLSchema">
  <UserInfo>АЛЕКСАНДР ВАЛЕРЬЕВИЧ КОРЗУН СЛОБОДСКАЯ, д.65, кв.27, Минск, Belarus,</UserInfo>
  <BancInfo>БЕЛИНВЕСТБАНК ГОПЕРу пр.Машерова, 29 Минск 220002</BancInfo>
  <ReportInfo>EC/MC Выписка по картам 1642094-2015/0803</ReportInfo>
  <PeriodInfo>Расчетный цикл 02-07-2015по03-08-2015</PeriodInfo>
  <CreationInfo>Сформировано 04-08-2015 10:10:14</CreationInfo>
  <AccountNumber>739001USD0000A05A15</AccountNumber>
  <AccountCurrency>USD</AccountCurrency>
  <ImmutableBalance>300.00</ImmutableBalance>
  <MinBalance>0.00</MinBalance>
  <AvailibleCredit>0.00</AvailibleCredit>
  <PrevBalance>7420.92</PrevBalance>
  <TransactionItems>
    <TransactionItem>
      <RegistrationDate>2015-07-31T00:00:00</RegistrationDate>
      <TransactionDate>2015-07-31T00:00:00</TransactionDate>
      <TransactionCode>4361771/14644092</TransactionCode>
      <Description>Зачисление на счет - начисл. проц-в: КОРЗУН АЛЕКСАНДР ВАЛЕРЬЕВИЧ; 6901870015019-&gt;3014775405018-91kUSD-A05A15 = 28,57 USD</Description>
      <Currency />
      <AmountByCurrency>0</AmountByCurrency>
      <AmountByAccount>28.57</AmountByAccount>
    </TransactionItem>
    <TransactionItem>
      <RegistrationDate>2015-07-05T00:00:00</RegistrationDate>
      <TransactionDate>2015-07-03T00:00:00</TransactionDate>
      <TransactionCode>9999H4B/2447125</TransactionCode>
      <Description>Перевод средств - VIRTUAL FOR INTERNET BANKIN - MINSK</Description>
      <Currency>USD</Currency>
      <AmountByCurrency>-500.00</AmountByCurrency>
      <AmountByAccount>-500.00</AmountByAccount>
    </TransactionItem>
    <TransactionItem>
      <RegistrationDate>2015-07-08T00:00:00</RegistrationDate>
      <TransactionDate>2015-07-07T00:00:00</TransactionDate>
      <TransactionCode>9999H8F/3173667</TransactionCode>
      <Description>Перевод средств - VIRTUAL FOR INTERNET BANKIN - MINSK</Description>
      <Currency>USD</Currency>
      <AmountByCurrency>-200.00</AmountByCurrency>
      <AmountByAccount>-200.00</AmountByAccount>
    </TransactionItem>
    <TransactionItem>
      <RegistrationDate>2015-07-23T00:00:00</RegistrationDate>
      <TransactionDate>2015-07-22T00:00:00</TransactionDate>
      <TransactionCode>9999J3V/6820777</TransactionCode>
      <Description>Перевод средств - VIRTUAL FOR INTERNET BANKIN - MINSK</Description>
      <Currency>USD</Currency>
      <AmountByCurrency>-300.00</AmountByCurrency>
      <AmountByAccount>-300.00</AmountByAccount>
    </TransactionItem>
  </TransactionItems>
</MontlyReport>