<?xml version="1.0"?>
<MontlyReport xmlns:xsi="http://www.w3.org/2001/XMLSchema-instance" xmlns:xsd="http://www.w3.org/2001/XMLSchema">
  <UserInfo>АЛЕКСАНДР ВАЛЕРЬЕВИЧ КОРЗУН УЛ. СЛОБОДСКАЯ Д.65 КВ.27, Г. МИНСК, Belarus, 220051</UserInfo>
  <BancInfo>BELARUSBANK Head Office  </BancInfo>
  <ReportInfo>ECMC Выписка по счету клиента No. 4826182-2011/1130</ReportInfo>
  <PeriodInfo>Расчетный цикл 01-11-2011по30-11-2011</PeriodInfo>
  <CreationInfo>Сформировано 01-12-2011 08:34:32</CreationInfo>
  <AccountNumber>001458000681</AccountNumber>
  <AccountCurrency>BYR</AccountCurrency>
  <ImmutableBalance>0.00</ImmutableBalance>
  <MinBalance>0.00</MinBalance>
  <AvailibleCredit>0.00</AvailibleCredit>
  <PrevBalance>2257190.00</PrevBalance>
  <TransactionItems>
    <TransactionItem>
      <RegistrationDate>2011-11-11T00:00:00</RegistrationDate>
      <TransactionDate>2011-11-11T00:00:00</TransactionDate>
      <TransactionCode>344877/18796</TransactionCode>
      <Description>Платежи в счет -  -</Description>
      <Currency />
      <AmountByCurrency>0</AmountByCurrency>
      <AmountByAccount>871650.00</AmountByAccount>
    </TransactionItem>
    <TransactionItem>
      <RegistrationDate>2011-11-23T00:00:00</RegistrationDate>
      <TransactionDate>2011-11-23T00:00:00</TransactionDate>
      <TransactionCode>346467/21538</TransactionCode>
      <Description>Платежи в счет -  -</Description>
      <Currency />
      <AmountByCurrency>0</AmountByCurrency>
      <AmountByAccount>600000.00</AmountByAccount>
    </TransactionItem>
    <TransactionItem>
      <RegistrationDate>2011-11-01T00:00:00</RegistrationDate>
      <TransactionDate>2011-10-30T00:00:00</TransactionDate>
      <TransactionCode>9134T30/3960815</TransactionCode>
      <Description>Снятие наличности - ATM OTD 539 BIB - MINSK</Description>
      <Currency>BYR</Currency>
      <AmountByCurrency>-20000.00</AmountByCurrency>
      <AmountByAccount>-20000.00</AmountByAccount>
    </TransactionItem>
    <TransactionItem>
      <RegistrationDate>2011-11-01T00:00:00</RegistrationDate>
      <TransactionDate>2011-10-30T00:00:00</TransactionDate>
      <TransactionCode>9134T30/3960599</TransactionCode>
      <Description>Снятие наличности - ATM OTD 539 BIB - MINSK</Description>
      <Currency>BYR</Currency>
      <AmountByCurrency>-10000.00</AmountByCurrency>
      <AmountByAccount>-10000.00</AmountByAccount>
    </TransactionItem>
    <TransactionItem>
      <RegistrationDate>2011-11-01T00:00:00</RegistrationDate>
      <TransactionDate>2011-10-28T00:00:00</TransactionDate>
      <TransactionCode>9205T10/3431415</TransactionCode>
      <Description>Покупка - PT SHOP "METR" - MINSK</Description>
      <Currency>BYR</Currency>
      <AmountByCurrency>-31000.00</AmountByCurrency>
      <AmountByAccount>-31000.00</AmountByAccount>
    </TransactionItem>
    <TransactionItem>
      <RegistrationDate>2011-11-01T00:00:00</RegistrationDate>
      <TransactionDate>2011-10-30T00:00:00</TransactionDate>
      <TransactionCode>9134T30/3959921</TransactionCode>
      <Description>Снятие наличности - ATM OTD 539 BIB - MINSK</Description>
      <Currency>BYR</Currency>
      <AmountByCurrency>-100000.00</AmountByCurrency>
      <AmountByAccount>-100000.00</AmountByAccount>
    </TransactionItem>
    <TransactionItem>
      <RegistrationDate>2011-11-04T00:00:00</RegistrationDate>
      <TransactionDate>2011-11-02T00:00:00</TransactionDate>
      <TransactionCode>9205T60/5169995</TransactionCode>
      <Description>Покупка - PT SHOP "METR" - MINSK</Description>
      <Currency>BYR</Currency>
      <AmountByCurrency>-27450.00</AmountByCurrency>
      <AmountByAccount>-27450.00</AmountByAccount>
    </TransactionItem>
    <TransactionItem>
      <RegistrationDate>2011-11-08T00:00:00</RegistrationDate>
      <TransactionDate>2011-11-02T00:00:00</TransactionDate>
      <TransactionCode>9089T65/5139166</TransactionCode>
      <Description>Снятие наличности - ATM N89 BELGIPROGAZ BI - MINSK</Description>
      <Currency>BYR</Currency>
      <AmountByCurrency>-150000.00</AmountByCurrency>
      <AmountByAccount>-150000.00</AmountByAccount>
    </TransactionItem>
    <TransactionItem>
      <RegistrationDate>2011-11-08T00:00:00</RegistrationDate>
      <TransactionDate>2011-11-02T00:00:00</TransactionDate>
      <TransactionCode>9089T65/5139466</TransactionCode>
      <Description>Снятие наличности - ATM N89 BELGIPROGAZ BI - MINSK</Description>
      <Currency>BYR</Currency>
      <AmountByCurrency>-200000.00</AmountByCurrency>
      <AmountByAccount>-200000.00</AmountByAccount>
    </TransactionItem>
    <TransactionItem>
      <RegistrationDate>2011-11-24T00:00:00</RegistrationDate>
      <TransactionDate>2011-11-21T00:00:00</TransactionDate>
      <TransactionCode>9089V5P/2150088</TransactionCode>
      <Description>Снятие наличности - ATM N89 BELGIPROGAZ BI - MINSK</Description>
      <Currency>BYR</Currency>
      <AmountByCurrency>-170000.00</AmountByCurrency>
      <AmountByAccount>-170000.00</AmountByAccount>
    </TransactionItem>
  </TransactionItems>
</MontlyReport>