<?xml version="1.0"?>
<MontlyReport xmlns:xsi="http://www.w3.org/2001/XMLSchema-instance" xmlns:xsd="http://www.w3.org/2001/XMLSchema">
  <UserInfo>АЛЕКСАНДР ВАЛЕРЬЕВИЧ КОРЗУН СЛОБОДСКАЯ, д.65, кв.27, Минск, Belarus,</UserInfo>
  <BancInfo>БЕЛИНВЕСТБАНК ГОПЕРу пр.Машерова, 29 Минск 220002</BancInfo>
  <ReportInfo>EC/MC Выписка по картам 1570384-2015/1001</ReportInfo>
  <PeriodInfo>Расчетный цикл 02-09-2015по01-10-2015</PeriodInfo>
  <CreationInfo>Сформировано 02-10-2015 18:03:28</CreationInfo>
  <AccountNumber>739001BYR00009AFD63</AccountNumber>
  <AccountCurrency>BYR</AccountCurrency>
  <ImmutableBalance>500000.00</ImmutableBalance>
  <MinBalance>0.00</MinBalance>
  <AvailibleCredit>0.00</AvailibleCredit>
  <PrevBalance>788327.00</PrevBalance>
  <TransactionItems>
    <TransactionItem>
      <RegistrationDate>2015-09-30T00:00:00</RegistrationDate>
      <TransactionDate>2015-09-30T00:00:00</TransactionDate>
      <TransactionCode>4450084/37470526</TransactionCode>
      <Description>Зачисление на счет - начисл. проц-в: КОРЗУН АЛЕКСАНДР ВАЛЕРЬЕВИЧ; 9041251010024-&gt;3014775400013-91kBYR-9AFD63 = 58460,00 BYR</Description>
      <Currency />
      <AmountByCurrency>0</AmountByCurrency>
      <AmountByAccount>58460.00</AmountByAccount>
    </TransactionItem>
    <TransactionItem>
      <RegistrationDate>2015-10-01T00:00:00</RegistrationDate>
      <TransactionDate>2015-10-01T00:00:00</TransactionDate>
      <TransactionCode />
      <Description>Комиссия за выдачу нал-х в АТМ</Description>
      <Currency>BYR</Currency>
      <AmountByCurrency>0</AmountByCurrency>
      <AmountByAccount>-17500.00</AmountByAccount>
    </TransactionItem>
    <TransactionItem>
      <RegistrationDate>2015-09-02T00:00:00</RegistrationDate>
      <TransactionDate>2015-09-01T00:00:00</TransactionDate>
      <TransactionCode>9112N40/6227179</TransactionCode>
      <Description>Выдача наличных - ATM N112 EVROPEYSKI BIB - MINSK</Description>
      <Currency>BYR</Currency>
      <AmountByCurrency>-6000000.00</AmountByCurrency>
      <AmountByAccount>-6000000.00</AmountByAccount>
    </TransactionItem>
    <TransactionItem>
      <RegistrationDate>2015-09-02T00:00:00</RegistrationDate>
      <TransactionDate>2015-09-01T00:00:00</TransactionDate>
      <TransactionCode>9112N40/6227180</TransactionCode>
      <Description>Выдача наличных - ATM N112 EVROPEYSKI BIB - MINSK</Description>
      <Currency>BYR</Currency>
      <AmountByCurrency>-4500000.00</AmountByCurrency>
      <AmountByAccount>-4500000.00</AmountByAccount>
    </TransactionItem>
    <TransactionItem>
      <RegistrationDate>2015-09-02T00:00:00</RegistrationDate>
      <TransactionDate>2015-09-01T00:00:00</TransactionDate>
      <TransactionCode>9999N43/6347018</TransactionCode>
      <Description>Зачисление перевода / Возврат покупки - VIRTUAL FOR INTERNET BANKIN - MINSK</Description>
      <Currency>USD</Currency>
      <AmountByCurrency>700.00</AmountByCurrency>
      <AmountByAccount>12019000.00</AmountByAccount>
    </TransactionItem>
    <TransactionItem>
      <RegistrationDate>2015-09-03T00:00:00</RegistrationDate>
      <TransactionDate>2015-09-02T00:00:00</TransactionDate>
      <TransactionCode>0118882/7991018</TransactionCode>
      <Description>Оплата товаров и услуг - UNIVERSAM "EVROPEISKIY" - MINSK</Description>
      <Currency>BYR</Currency>
      <AmountByCurrency>-66100.00</AmountByCurrency>
      <AmountByAccount>-66100.00</AmountByAccount>
    </TransactionItem>
    <TransactionItem>
      <RegistrationDate>2015-09-03T00:00:00</RegistrationDate>
      <TransactionDate>2015-09-02T00:00:00</TransactionDate>
      <TransactionCode>6853577/7974916</TransactionCode>
      <Description>Оплата товаров и услуг - RESTORAN "ARBAT" BAPB - MINSK</Description>
      <Currency>BYR</Currency>
      <AmountByCurrency>-13000.00</AmountByCurrency>
      <AmountByAccount>-13000.00</AmountByAccount>
    </TransactionItem>
    <TransactionItem>
      <RegistrationDate>2015-09-03T00:00:00</RegistrationDate>
      <TransactionDate>2015-09-02T00:00:00</TransactionDate>
      <TransactionCode>0654N5S/6691441</TransactionCode>
      <Description>Выдача наличных - "GASPADAR" MGD BR. BAPB ATM - MINSK</Description>
      <Currency>BYR</Currency>
      <AmountByCurrency>-200000.00</AmountByCurrency>
      <AmountByAccount>-200000.00</AmountByAccount>
    </TransactionItem>
    <TransactionItem>
      <RegistrationDate>2015-09-03T00:00:00</RegistrationDate>
      <TransactionDate>2015-09-02T00:00:00</TransactionDate>
      <TransactionCode>9999N54/6557055</TransactionCode>
      <Description>Зачисление перевода / Возврат покупки - VIRTUAL FOR INTERNET BANKIN - MINSK</Description>
      <Currency>USD</Currency>
      <AmountByCurrency>100.00</AmountByCurrency>
      <AmountByAccount>1735000.00</AmountByAccount>
    </TransactionItem>
    <TransactionItem>
      <RegistrationDate>2015-09-04T00:00:00</RegistrationDate>
      <TransactionDate>2015-09-03T00:00:00</TransactionDate>
      <TransactionCode>3026562/9380235</TransactionCode>
      <Description>Оплата товаров и услуг - SHOP N 114 "BELMARKET" - MINSK</Description>
      <Currency>BYR</Currency>
      <AmountByCurrency>-66900.00</AmountByCurrency>
      <AmountByAccount>-66900.00</AmountByAccount>
    </TransactionItem>
    <TransactionItem>
      <RegistrationDate>2015-09-07T00:00:00</RegistrationDate>
      <TransactionDate>2015-09-03T00:00:00</TransactionDate>
      <TransactionCode>1150907/3512</TransactionCode>
      <Description>Оплата товаров и услуг - BEROLINA 5 DRUG STORE - MINSK</Description>
      <Currency>BYR</Currency>
      <AmountByCurrency>-117000.00</AmountByCurrency>
      <AmountByAccount>-117000.00</AmountByAccount>
    </TransactionItem>
    <TransactionItem>
      <RegistrationDate>2015-09-07T00:00:00</RegistrationDate>
      <TransactionDate>2015-09-05T00:00:00</TransactionDate>
      <TransactionCode>0732319/3210005</TransactionCode>
      <Description>Оплата товаров и услуг - HYPERM. TC "KORONA-URUCHYE" - MINSK</Description>
      <Currency>BYR</Currency>
      <AmountByCurrency>-785300.00</AmountByCurrency>
      <AmountByAccount>-785300.00</AmountByAccount>
    </TransactionItem>
    <TransactionItem>
      <RegistrationDate>2015-09-07T00:00:00</RegistrationDate>
      <TransactionDate>2015-09-02T00:00:00</TransactionDate>
      <TransactionCode>1150907/3531</TransactionCode>
      <Description>Оплата товаров и услуг - BEROLINA DRUG STORY - MINSK</Description>
      <Currency>BYR</Currency>
      <AmountByCurrency>-584800.00</AmountByCurrency>
      <AmountByAccount>-584800.00</AmountByAccount>
    </TransactionItem>
    <TransactionItem>
      <RegistrationDate>2015-09-08T00:00:00</RegistrationDate>
      <TransactionDate>2015-09-07T00:00:00</TransactionDate>
      <TransactionCode>9999O0I/7443683</TransactionCode>
      <Description>Оплата товаров и услуг - VIRTUAL FOR INTERNET BANKIN - MINSK</Description>
      <Currency>BYR</Currency>
      <AmountByCurrency>-200000.00</AmountByCurrency>
      <AmountByAccount>-200000.00</AmountByAccount>
    </TransactionItem>
    <TransactionItem>
      <RegistrationDate>2015-09-08T00:00:00</RegistrationDate>
      <TransactionDate>2015-09-07T00:00:00</TransactionDate>
      <TransactionCode>9999O09/7463051</TransactionCode>
      <Description>Зачисление перевода / Возврат покупки - VIRTUAL FOR INTERNET BANKIN - MINSK</Description>
      <Currency>USD</Currency>
      <AmountByCurrency>100.00</AmountByCurrency>
      <AmountByAccount>1772000.00</AmountByAccount>
    </TransactionItem>
    <TransactionItem>
      <RegistrationDate>2015-09-08T00:00:00</RegistrationDate>
      <TransactionDate>2015-09-06T00:00:00</TransactionDate>
      <TransactionCode>1150908/5737</TransactionCode>
      <Description>Оплата товаров и услуг - MODA S DOSTAVKOY - MINSK</Description>
      <Currency>BYR</Currency>
      <AmountByCurrency>-1346000.00</AmountByCurrency>
      <AmountByAccount>-1346000.00</AmountByAccount>
    </TransactionItem>
    <TransactionItem>
      <RegistrationDate>2015-09-09T00:00:00</RegistrationDate>
      <TransactionDate>2015-09-07T00:00:00</TransactionDate>
      <TransactionCode>0113177/6818848</TransactionCode>
      <Description>Оплата товаров и услуг - UNIVERSAM "EVROPEISKIY" - MINSK</Description>
      <Currency>BYR</Currency>
      <AmountByCurrency>-394800.00</AmountByCurrency>
      <AmountByAccount>-394800.00</AmountByAccount>
    </TransactionItem>
    <TransactionItem>
      <RegistrationDate>2015-09-10T00:00:00</RegistrationDate>
      <TransactionDate>2015-09-09T00:00:00</TransactionDate>
      <TransactionCode>9999O2K/7808552</TransactionCode>
      <Description>Оплата товаров и услуг - VIRTUAL FOR INTERNET BANKIN - MINSK</Description>
      <Currency>BYR</Currency>
      <AmountByCurrency>-100000.00</AmountByCurrency>
      <AmountByAccount>-100000.00</AmountByAccount>
    </TransactionItem>
    <TransactionItem>
      <RegistrationDate>2015-09-10T00:00:00</RegistrationDate>
      <TransactionDate>2015-09-09T00:00:00</TransactionDate>
      <TransactionCode>0654O21/0380224</TransactionCode>
      <Description>Выдача наличных - "GASPADAR" MGD BR. BAPB ATM - MINSK</Description>
      <Currency>BYR</Currency>
      <AmountByCurrency>-200000.00</AmountByCurrency>
      <AmountByAccount>-200000.00</AmountByAccount>
    </TransactionItem>
    <TransactionItem>
      <RegistrationDate>2015-09-11T00:00:00</RegistrationDate>
      <TransactionDate>2015-09-10T00:00:00</TransactionDate>
      <TransactionCode>9094O31/8167489</TransactionCode>
      <Description>Выдача наличных - ATM N94 METRO VOSTOK BIB - MINSK</Description>
      <Currency>BYR</Currency>
      <AmountByCurrency>-200000.00</AmountByCurrency>
      <AmountByAccount>-200000.00</AmountByAccount>
    </TransactionItem>
    <TransactionItem>
      <RegistrationDate>2015-09-11T00:00:00</RegistrationDate>
      <TransactionDate>2015-09-10T00:00:00</TransactionDate>
      <TransactionCode>6852377/1458045</TransactionCode>
      <Description>Оплата товаров и услуг - PIVBAR BAPB - MINSK</Description>
      <Currency>BYR</Currency>
      <AmountByCurrency>-35600.00</AmountByCurrency>
      <AmountByAccount>-35600.00</AmountByAccount>
    </TransactionItem>
    <TransactionItem>
      <RegistrationDate>2015-09-14T00:00:00</RegistrationDate>
      <TransactionDate>2015-09-13T00:00:00</TransactionDate>
      <TransactionCode>9094O60/8848117</TransactionCode>
      <Description>Выдача наличных - ATM N94 METRO VOSTOK BIB - MINSK</Description>
      <Currency>BYR</Currency>
      <AmountByCurrency>-200000.00</AmountByCurrency>
      <AmountByAccount>-200000.00</AmountByAccount>
    </TransactionItem>
    <TransactionItem>
      <RegistrationDate>2015-09-14T00:00:00</RegistrationDate>
      <TransactionDate>2015-09-12T00:00:00</TransactionDate>
      <TransactionCode>1385229/6403221</TransactionCode>
      <Description>Оплата товаров и услуг - APTEKA N 2 BAPB - MINSK</Description>
      <Currency>BYR</Currency>
      <AmountByCurrency>-171000.00</AmountByCurrency>
      <AmountByAccount>-171000.00</AmountByAccount>
    </TransactionItem>
    <TransactionItem>
      <RegistrationDate>2015-09-14T00:00:00</RegistrationDate>
      <TransactionDate>2015-09-11T00:00:00</TransactionDate>
      <TransactionCode>9999O4C/8556624</TransactionCode>
      <Description>Зачисление перевода / Возврат покупки - VIRTUAL FOR INTERNET BANKIN - MINSK</Description>
      <Currency>USD</Currency>
      <AmountByCurrency>100.00</AmountByCurrency>
      <AmountByAccount>1770000.00</AmountByAccount>
    </TransactionItem>
    <TransactionItem>
      <RegistrationDate>2015-09-14T00:00:00</RegistrationDate>
      <TransactionDate>2015-09-12T00:00:00</TransactionDate>
      <TransactionCode>0113186/7550782</TransactionCode>
      <Description>Оплата товаров и услуг - UNIVERSAM "EVROPEISKIY" - MINSK</Description>
      <Currency>BYR</Currency>
      <AmountByCurrency>-507800.00</AmountByCurrency>
      <AmountByAccount>-507800.00</AmountByAccount>
    </TransactionItem>
    <TransactionItem>
      <RegistrationDate>2015-09-15T00:00:00</RegistrationDate>
      <TransactionDate>2015-09-13T00:00:00</TransactionDate>
      <TransactionCode>0113189/9408173</TransactionCode>
      <Description>Оплата товаров и услуг - UNIVERSAM "EVROPEISKIY" - MINSK</Description>
      <Currency>BYR</Currency>
      <AmountByCurrency>-302000.00</AmountByCurrency>
      <AmountByAccount>-302000.00</AmountByAccount>
    </TransactionItem>
    <TransactionItem>
      <RegistrationDate>2015-09-16T00:00:00</RegistrationDate>
      <TransactionDate>2015-09-13T00:00:00</TransactionDate>
      <TransactionCode>1150916/6586</TransactionCode>
      <Description>Оплата товаров и услуг - COFFEE BOX SHOP - MINSK</Description>
      <Currency>BYR</Currency>
      <AmountByCurrency>-68000.00</AmountByCurrency>
      <AmountByAccount>-68000.00</AmountByAccount>
    </TransactionItem>
    <TransactionItem>
      <RegistrationDate>2015-09-16T00:00:00</RegistrationDate>
      <TransactionDate>2015-09-15T00:00:00</TransactionDate>
      <TransactionCode>9486O81/9263508</TransactionCode>
      <Description>Взнос наличных - POV #32 GOPERY BIB - MINSK</Description>
      <Currency>BYR</Currency>
      <AmountByCurrency>3395500.00</AmountByCurrency>
      <AmountByAccount>3395500.00</AmountByAccount>
    </TransactionItem>
    <TransactionItem>
      <RegistrationDate>2015-09-17T00:00:00</RegistrationDate>
      <TransactionDate>2015-09-16T00:00:00</TransactionDate>
      <TransactionCode>9486O94/9713374</TransactionCode>
      <Description>Взнос наличных - POV #32 GOPERY BIB - MINSK</Description>
      <Currency>BYR</Currency>
      <AmountByCurrency>2000000.00</AmountByCurrency>
      <AmountByAccount>2000000.00</AmountByAccount>
    </TransactionItem>
    <TransactionItem>
      <RegistrationDate>2015-09-21T00:00:00</RegistrationDate>
      <TransactionDate>2015-09-18T00:00:00</TransactionDate>
      <TransactionCode>9997P1G/0034658</TransactionCode>
      <Description>Оплата товаров и услуг - SMS Opoveschenie - MINSK</Description>
      <Currency>BYR</Currency>
      <AmountByCurrency>-3000.00</AmountByCurrency>
      <AmountByAccount>-3000.00</AmountByAccount>
    </TransactionItem>
    <TransactionItem>
      <RegistrationDate>2015-09-21T00:00:00</RegistrationDate>
      <TransactionDate>2015-09-18T00:00:00</TransactionDate>
      <TransactionCode>0115198/1127686</TransactionCode>
      <Description>Оплата товаров и услуг - UNIVERSAM "EVROPEISKIY" - MINSK</Description>
      <Currency>BYR</Currency>
      <AmountByCurrency>-353800.00</AmountByCurrency>
      <AmountByAccount>-353800.00</AmountByAccount>
    </TransactionItem>
    <TransactionItem>
      <RegistrationDate>2015-09-23T00:00:00</RegistrationDate>
      <TransactionDate>2015-09-22T00:00:00</TransactionDate>
      <TransactionCode>9999P5X/1222952</TransactionCode>
      <Description>Оплата товаров и услуг - VIRTUAL FOR INTERNET BANKIN - MINSK</Description>
      <Currency>BYR</Currency>
      <AmountByCurrency>-60000.00</AmountByCurrency>
      <AmountByAccount>-60000.00</AmountByAccount>
    </TransactionItem>
    <TransactionItem>
      <RegistrationDate>2015-09-23T00:00:00</RegistrationDate>
      <TransactionDate>2015-09-22T00:00:00</TransactionDate>
      <TransactionCode>9999P5X/1222909</TransactionCode>
      <Description>Оплата товаров и услуг - VIRTUAL FOR INTERNET BANKIN - MINSK</Description>
      <Currency>BYR</Currency>
      <AmountByCurrency>-100000.00</AmountByCurrency>
      <AmountByAccount>-100000.00</AmountByAccount>
    </TransactionItem>
    <TransactionItem>
      <RegistrationDate>2015-09-23T00:00:00</RegistrationDate>
      <TransactionDate>2015-09-22T00:00:00</TransactionDate>
      <TransactionCode>9999P5X/1222844</TransactionCode>
      <Description>Оплата товаров и услуг - VIRTUAL FOR INTERNET BANKIN - MINSK</Description>
      <Currency>BYR</Currency>
      <AmountByCurrency>-21000.00</AmountByCurrency>
      <AmountByAccount>-21000.00</AmountByAccount>
    </TransactionItem>
    <TransactionItem>
      <RegistrationDate>2015-09-23T00:00:00</RegistrationDate>
      <TransactionDate>2015-09-22T00:00:00</TransactionDate>
      <TransactionCode>9999P5X/1222752</TransactionCode>
      <Description>Оплата товаров и услуг - VIRTUAL FOR INTERNET BANKIN - MINSK</Description>
      <Currency>BYR</Currency>
      <AmountByCurrency>-52696.00</AmountByCurrency>
      <AmountByAccount>-52696.00</AmountByAccount>
    </TransactionItem>
    <TransactionItem>
      <RegistrationDate>2015-09-23T00:00:00</RegistrationDate>
      <TransactionDate>2015-09-22T00:00:00</TransactionDate>
      <TransactionCode>9999P5X/1222677</TransactionCode>
      <Description>Оплата товаров и услуг - VIRTUAL FOR INTERNET BANKIN - MINSK</Description>
      <Currency>BYR</Currency>
      <AmountByCurrency>-173797.00</AmountByCurrency>
      <AmountByAccount>-173797.00</AmountByAccount>
    </TransactionItem>
    <TransactionItem>
      <RegistrationDate>2015-09-28T00:00:00</RegistrationDate>
      <TransactionDate>2015-09-26T00:00:00</TransactionDate>
      <TransactionCode>5262651/8898692</TransactionCode>
      <Description>Выдача наличных - METRO BPSB ATM-45 - MINSK</Description>
      <Currency>BYR</Currency>
      <AmountByCurrency>-700000.00</AmountByCurrency>
      <AmountByAccount>-700000.00</AmountByAccount>
    </TransactionItem>
    <TransactionItem>
      <RegistrationDate>2015-09-28T00:00:00</RegistrationDate>
      <TransactionDate>2015-09-27T00:00:00</TransactionDate>
      <TransactionCode>4346Q00/1656771</TransactionCode>
      <Description>Оплата товаров и услуг - SHOP "EVROOPT" - FANIPOL</Description>
      <Currency>BYR</Currency>
      <AmountByCurrency>-130200.00</AmountByCurrency>
      <AmountByAccount>-130200.00</AmountByAccount>
    </TransactionItem>
    <TransactionItem>
      <RegistrationDate>2015-09-29T00:00:00</RegistrationDate>
      <TransactionDate>2015-09-28T00:00:00</TransactionDate>
      <TransactionCode>9112Q10/2825084</TransactionCode>
      <Description>Выдача наличных - ATM N112 EVROPEYSKI BIB - MINSK</Description>
      <Currency>BYR</Currency>
      <AmountByCurrency>-300000.00</AmountByCurrency>
      <AmountByAccount>-300000.00</AmountByAccount>
    </TransactionItem>
    <TransactionItem>
      <RegistrationDate>2015-10-01T00:00:00</RegistrationDate>
      <TransactionDate>2015-09-30T00:00:00</TransactionDate>
      <TransactionCode>9094Q30/3188925</TransactionCode>
      <Description>Выдача наличных - ATM N94 METRO VOSTOK BIB - MINSK</Description>
      <Currency>BYR</Currency>
      <AmountByCurrency>-500000.00</AmountByCurrency>
      <AmountByAccount>-500000.00</AmountByAccount>
    </TransactionItem>
    <TransactionItem>
      <RegistrationDate>2015-10-01T00:00:00</RegistrationDate>
      <TransactionDate>2015-09-30T00:00:00</TransactionDate>
      <TransactionCode>0115212/7227049</TransactionCode>
      <Description>Оплата товаров и услуг - UNIVERSAM "EVROPEISKIY" - MINSK</Description>
      <Currency>BYR</Currency>
      <AmountByCurrency>-320700.00</AmountByCurrency>
      <AmountByAccount>-320700.00</AmountByAccount>
    </TransactionItem>
    <TransactionItem>
      <RegistrationDate>2015-10-01T00:00:00</RegistrationDate>
      <TransactionDate>2015-09-30T00:00:00</TransactionDate>
      <TransactionCode>4618798/8184905</TransactionCode>
      <Description>Оплата товаров и услуг - VETERINARNAYA APTEKA N 8 - MINSK</Description>
      <Currency>BYR</Currency>
      <AmountByCurrency>-600400.00</AmountByCurrency>
      <AmountByAccount>-600400.00</AmountByAccount>
    </TransactionItem>
  </TransactionItems>
</MontlyReport>