<?xml version="1.0"?>
<MontlyReport xmlns:xsi="http://www.w3.org/2001/XMLSchema-instance" xmlns:xsd="http://www.w3.org/2001/XMLSchema">
  <UserInfo>АЛЕКСАНДР ВАЛЕРЬЕВИЧ КОРЗУН УЛ. СЛОБОДСКАЯ Д.65 КВ.27, Г. МИНСК, Belarus, 220051</UserInfo>
  <BancInfo>Подпадушка банк</BancInfo>
  <ReportInfo />
  <PeriodInfo>Расчетный цикл 31-07-2015по31-08-2015</PeriodInfo>
  <CreationInfo>Сформировано 01-09-2015 08:38:44</CreationInfo>
  <AccountNumber>00000000001</AccountNumber>
  <AccountCurrency>USD</AccountCurrency>
  <ImmutableBalance>0.00</ImmutableBalance>
  <MinBalance>0.00</MinBalance>
  <AvailibleCredit>0.00</AvailibleCredit>
  <PrevBalance>1180</PrevBalance>
  <TransactionItems>
    <TransactionItem>
      <RegistrationDate>2015-08-08T00:00:00</RegistrationDate>
      <TransactionDate>2015-08-08T00:00:00</TransactionDate>
      <Description>Прибыль от аренды гаража</Description>
      <Currency>USD</Currency>
      <AmountByCurrency>50</AmountByCurrency>
      <AmountByAccount>50</AmountByAccount>
    </TransactionItem>
    <TransactionItem>
      <RegistrationDate>2015-08-08T00:00:00</RegistrationDate>
      <TransactionDate>2015-08-08T00:00:00</TransactionDate>
      <Description>Яняша</Description>
      <Currency>USD</Currency>
      <AmountByCurrency>120</AmountByCurrency>
      <AmountByAccount>120</AmountByAccount>
    </TransactionItem>
  </TransactionItems>
</MontlyReport>