﻿<?xml version="1.0"?>
<MontlyReport xmlns:xsi="http://www.w3.org/2001/XMLSchema-instance" xmlns:xsd="http://www.w3.org/2001/XMLSchema">
  <UserInfo>АЛЕКСАНДР ВАЛЕРЬЕВИЧ КОРЗУН УЛ. СЛОБОДСКАЯ Д.65 КВ.27, Г. МИНСК, Belarus, 220051</UserInfo>
  <BancInfo>Подпадушка банк</BancInfo>
  <ReportInfo></ReportInfo>
  <PeriodInfo>Расчетный цикл 30-06-2015по31-07-2015</PeriodInfo>
  <CreationInfo>Сформировано 01-08-2015 08:38:44</CreationInfo>
  <AccountNumber>00000000001</AccountNumber>
  <AccountCurrency>USD</AccountCurrency>
  <ImmutableBalance>0.00</ImmutableBalance>
  <MinBalance>0.00</MinBalance>
  <AvailibleCredit>0.00</AvailibleCredit>
  <PrevBalance>1180</PrevBalance>
  <TransactionItems>
    <TransactionItem>
      <RegistrationDate>2015-07-16T21:47:44</RegistrationDate>
      <TransactionDate>2015-07-16T21:47:44</TransactionDate>
      <TransactionCode></TransactionCode>
      <Description>Продажа наличной валюты за безналичные БР</Description>
      <Currency>BYR</Currency>
      <AmountByCurrency>3090000</AmountByCurrency>
      <AmountByAccount>200</AmountByAccount>
    </TransactionItem>
    <TransactionItem>
      <RegistrationDate>2015-07-15T21:47:44</RegistrationDate>
      <TransactionDate>2015-07-15T21:47:44</TransactionDate>
      <TransactionCode></TransactionCode>
      <Description>Продажа наличной валюты за безналичные БР</Description>
      <Currency>BYR</Currency>
      <AmountByCurrency>4638000</AmountByCurrency>
      <AmountByAccount>300</AmountByAccount>
    </TransactionItem>   
   <TransactionItem>
      <RegistrationDate>2015-07-15T21:47:44</RegistrationDate>
      <TransactionDate>2015-07-15T21:47:44</TransactionDate>
      <TransactionCode></TransactionCode>
      <Description>Плата за аренду квартиры</Description>
      <Currency>USD</Currency>
      <AmountByCurrency>-300</AmountByCurrency>
      <AmountByAccount>-300</AmountByAccount>
    </TransactionItem>
  </TransactionItems>
</MontlyReport>