﻿<?xml version="1.0"?>
<MontlyReport xmlns:xsi="http://www.w3.org/2001/XMLSchema-instance" xmlns:xsd="http://www.w3.org/2001/XMLSchema">
  <UserInfo>АЛЕКСАНДР ВАЛЕРЬЕВИЧ КОРЗУН УЛ. СЛОБОДСКАЯ Д.65 КВ.27, Г. МИНСК, Belarus, 220051</UserInfo>
  <BancInfo>Подпадушка банк</BancInfo>
  <ReportInfo></ReportInfo>
  <PeriodInfo>Расчетный цикл 31-05-2015по30-06-2015</PeriodInfo>
  <CreationInfo>Сформировано 01-07-2015 08:38:44</CreationInfo>
  <AccountNumber>00000000001</AccountNumber>
  <AccountCurrency>USD</AccountCurrency>
  <ImmutableBalance>0.00</ImmutableBalance>
  <MinBalance>0.00</MinBalance>
  <AvailibleCredit>0.00</AvailibleCredit>
  <PrevBalance>1120</PrevBalance>
  <TransactionItems>
    <TransactionItem>
      <RegistrationDate>2015-06-22T00:00:00</RegistrationDate>
      <TransactionDate>2015-06-22T00:00:00</TransactionDate>
      <TransactionCode></TransactionCode>
      <Description>Плата за аренду квартиры</Description>
      <Currency>USD</Currency>
      <AmountByCurrency>-40</AmountByCurrency>
      <AmountByAccount>-40</AmountByAccount>
    </TransactionItem>
    <TransactionItem>
      <RegistrationDate>2015-06-18T00:00:00</RegistrationDate>
      <TransactionDate>2015-06-18T00:00:00</TransactionDate>
      <TransactionCode></TransactionCode>
      <Description>Прибыль от аренды гаража</Description>
      <Currency>USD</Currency>
      <AmountByCurrency>100</AmountByCurrency>
      <AmountByAccount>100</AmountByAccount>
    </TransactionItem>
  </TransactionItems>
</MontlyReport>