<?xml version="1.0"?>
<MontlyReport xmlns:xsi="http://www.w3.org/2001/XMLSchema-instance" xmlns:xsd="http://www.w3.org/2001/XMLSchema">
  <UserInfo>АЛЕКСАНДР ВАЛЕРЬЕВИЧ КОРЗУН СЛОБОДСКАЯ, д.65, кв.27, Минск, Belarus,</UserInfo>
  <BancInfo>БЕЛИНВЕСТБАНК ГОПЕРу пр.Машерова, 29 Минск 220002</BancInfo>
  <ReportInfo>EC/MC Выписка по картам 1399391-2012/1101</ReportInfo>
  <PeriodInfo>Расчетный цикл 02-10-2012по01-11-2012</PeriodInfo>
  <CreationInfo>Сформировано 02-11-2012 12:14:12</CreationInfo>
  <AccountNumber>739001BYR0000746644</AccountNumber>
  <AccountCurrency>BYR</AccountCurrency>
  <ImmutableBalance>0.00</ImmutableBalance>
  <MinBalance>0.00</MinBalance>
  <AvailibleCredit>0.00</AvailibleCredit>
  <PrevBalance>321640.00</PrevBalance>
  <TransactionItems>
    <TransactionItem>
      <RegistrationDate>2012-10-10T00:00:00</RegistrationDate>
      <TransactionDate>2012-10-10T00:00:00</TransactionDate>
      <TransactionCode>2887435/80669232</TransactionCode>
      <Description>Зачисление на счет - зачисл. з/п: КОРЗУН АЛЕКСАНДР ВАЛЕРЬЕВИЧ; 3819250000393-&gt;3114250000115-91kBYR-746644 = 3546560,00 BYR</Description>
      <Currency />
      <AmountByCurrency>0</AmountByCurrency>
      <AmountByAccount>3546560.00</AmountByAccount>
    </TransactionItem>
    <TransactionItem>
      <RegistrationDate>2012-10-25T00:00:00</RegistrationDate>
      <TransactionDate>2012-10-25T00:00:00</TransactionDate>
      <TransactionCode>2905533/84611644</TransactionCode>
      <Description>Зачисление на счет - зачисл. з/п: КОРЗУН АЛЕКСАНДР ВАЛЕРЬЕВИЧ; 3819250000393-&gt;3114250000115-91kBYR-746644 = 804000,00 BYR</Description>
      <Currency />
      <AmountByCurrency>0</AmountByCurrency>
      <AmountByAccount>804000.00</AmountByAccount>
    </TransactionItem>
    <TransactionItem>
      <RegistrationDate>2012-10-31T00:00:00</RegistrationDate>
      <TransactionDate>2012-10-31T00:00:00</TransactionDate>
      <TransactionCode>2911015/86369710</TransactionCode>
      <Description>Зачисление на счет - начисл. проц-в: КОРЗУН АЛЕКСАНДР ВАЛЕРЬЕВИЧ; 9043251010048-&gt;3114250000115-91kBYR-746644 = 20,00 BYR</Description>
      <Currency />
      <AmountByCurrency>0</AmountByCurrency>
      <AmountByAccount>20.00</AmountByAccount>
    </TransactionItem>
    <TransactionItem>
      <RegistrationDate>2012-10-02T00:00:00</RegistrationDate>
      <TransactionDate>2012-10-01T00:00:00</TransactionDate>
      <TransactionCode>9061Q50/3048243</TransactionCode>
      <Description>Выдача наличных - ATM GOPERY BIB - MINSK</Description>
      <Currency>BYR</Currency>
      <AmountByCurrency>-50000.00</AmountByCurrency>
      <AmountByAccount>-50000.00</AmountByAccount>
    </TransactionItem>
    <TransactionItem>
      <RegistrationDate>2012-10-04T00:00:00</RegistrationDate>
      <TransactionDate>2012-10-03T00:00:00</TransactionDate>
      <TransactionCode>9137Q70/4138893</TransactionCode>
      <Description>Выдача наличных - ATM N137 BIB - MINSK</Description>
      <Currency>BYR</Currency>
      <AmountByCurrency>-100000.00</AmountByCurrency>
      <AmountByAccount>-100000.00</AmountByAccount>
    </TransactionItem>
    <TransactionItem>
      <RegistrationDate>2012-10-05T00:00:00</RegistrationDate>
      <TransactionDate>2012-10-04T00:00:00</TransactionDate>
      <TransactionCode>0523Q71/7439753</TransactionCode>
      <Description>Оплата товаров и услуг - UNIVERSAM "ALMI" - MINSK</Description>
      <Currency>BYR</Currency>
      <AmountByCurrency>-25300.00</AmountByCurrency>
      <AmountByAccount>-25300.00</AmountByAccount>
    </TransactionItem>
    <TransactionItem>
      <RegistrationDate>2012-10-16T00:00:00</RegistrationDate>
      <TransactionDate>2012-10-14T00:00:00</TransactionDate>
      <TransactionCode>1121016/3463563</TransactionCode>
      <Description>Оплата товаров и услуг - HYPERMARKET - MINSK</Description>
      <Currency>BYR</Currency>
      <AmountByCurrency>-110210.00</AmountByCurrency>
      <AmountByAccount>-110210.00</AmountByAccount>
    </TransactionItem>
    <TransactionItem>
      <RegistrationDate>2012-10-18T00:00:00</RegistrationDate>
      <TransactionDate>2012-10-17T00:00:00</TransactionDate>
      <TransactionCode>9137S10/9954871</TransactionCode>
      <Description>Выдача наличных - ATM N137 BIB - MINSK</Description>
      <Currency>BYR</Currency>
      <AmountByCurrency>-50000.00</AmountByCurrency>
      <AmountByAccount>-50000.00</AmountByAccount>
    </TransactionItem>
    <TransactionItem>
      <RegistrationDate>2012-10-22T00:00:00</RegistrationDate>
      <TransactionDate>2012-10-20T00:00:00</TransactionDate>
      <TransactionCode>5111454/5173643</TransactionCode>
      <Description>Оплата товаров и услуг - BEST-2 - MINSK</Description>
      <Currency>BYR</Currency>
      <AmountByCurrency>-20000.00</AmountByCurrency>
      <AmountByAccount>-20000.00</AmountByAccount>
    </TransactionItem>
    <TransactionItem>
      <RegistrationDate>2012-10-22T00:00:00</RegistrationDate>
      <TransactionDate>2012-10-20T00:00:00</TransactionDate>
      <TransactionCode>0007S40/5395089</TransactionCode>
      <Description>Оплата товаров и услуг - SHOP "MYASKOMOBINAT" - MINSK</Description>
      <Currency>BYR</Currency>
      <AmountByCurrency>-42730.00</AmountByCurrency>
      <AmountByAccount>-42730.00</AmountByAccount>
    </TransactionItem>
    <TransactionItem>
      <RegistrationDate>2012-10-22T00:00:00</RegistrationDate>
      <TransactionDate>2012-10-20T00:00:00</TransactionDate>
      <TransactionCode>9061S40/1350572</TransactionCode>
      <Description>Выдача наличных - ATM GOPERY BIB - MINSK</Description>
      <Currency>BYR</Currency>
      <AmountByCurrency>-50000.00</AmountByCurrency>
      <AmountByAccount>-50000.00</AmountByAccount>
    </TransactionItem>
    <TransactionItem>
      <RegistrationDate>2012-10-22T00:00:00</RegistrationDate>
      <TransactionDate>2012-10-19T00:00:00</TransactionDate>
      <TransactionCode>4425S33/0508382</TransactionCode>
      <Description>Оплата товаров и услуг - PT SHOP "RUBLEVSKIY-106" - MINSK</Description>
      <Currency>BYR</Currency>
      <AmountByCurrency>-5000.00</AmountByCurrency>
      <AmountByAccount>-5000.00</AmountByAccount>
    </TransactionItem>
    <TransactionItem>
      <RegistrationDate>2012-10-25T00:00:00</RegistrationDate>
      <TransactionDate>2012-10-24T00:00:00</TransactionDate>
      <TransactionCode>9061S80/2793069</TransactionCode>
      <Description>Выдача наличных - ATM GOPERY BIB - MINSK</Description>
      <Currency>BYR</Currency>
      <AmountByCurrency>-50000.00</AmountByCurrency>
      <AmountByAccount>-50000.00</AmountByAccount>
    </TransactionItem>
    <TransactionItem>
      <RegistrationDate>2012-10-26T00:00:00</RegistrationDate>
      <TransactionDate>2012-10-25T00:00:00</TransactionDate>
      <TransactionCode>9137S90/3290902</TransactionCode>
      <Description>Выдача наличных - ATM N137 BIB - MINSK</Description>
      <Currency>BYR</Currency>
      <AmountByCurrency>-100000.00</AmountByCurrency>
      <AmountByAccount>-100000.00</AmountByAccount>
    </TransactionItem>
    <TransactionItem>
      <RegistrationDate>2012-11-01T00:00:00</RegistrationDate>
      <TransactionDate>2012-10-31T00:00:00</TransactionDate>
      <TransactionCode>4250T5F/5730040</TransactionCode>
      <Description>Оплата товаров и услуг - PT SHOP "RUBLEVSKIY-106" - MINSK</Description>
      <Currency>BYR</Currency>
      <AmountByCurrency>-9500.00</AmountByCurrency>
      <AmountByAccount>-9500.00</AmountByAccount>
    </TransactionItem>
  </TransactionItems>
</MontlyReport>