<?xml version="1.0"?>
<MontlyReport xmlns:xsi="http://www.w3.org/2001/XMLSchema-instance" xmlns:xsd="http://www.w3.org/2001/XMLSchema">
  <UserInfo>АЛЕКСАНДР ВАЛЕРЬЕВИЧ КОРЗУН СЛОБОДСКАЯ, д.65, кв.27, Минск, Belarus,</UserInfo>
  <BancInfo>БЕЛИНВЕСТБАНК ГОПЕРу пр.Машерова, 29 Минск 220002</BancInfo>
  <ReportInfo>EC/MC Выписка по картам 1399391-2012/1001</ReportInfo>
  <PeriodInfo>Расчетный цикл 06-09-2012по01-10-2012</PeriodInfo>
  <CreationInfo>Сформировано 02-10-2012 12:20:12</CreationInfo>
  <AccountNumber>739001BYR0000746644</AccountNumber>
  <AccountCurrency>BYR</AccountCurrency>
  <ImmutableBalance>0.00</ImmutableBalance>
  <MinBalance>0.00</MinBalance>
  <AvailibleCredit>0.00</AvailibleCredit>
  <PrevBalance>3329490.00</PrevBalance>
  <TransactionItems>
    <TransactionItem>
      <RegistrationDate>2012-09-10T00:00:00</RegistrationDate>
      <TransactionDate>2012-09-10T00:00:00</TransactionDate>
      <TransactionCode>2850912/72545897</TransactionCode>
      <Description>Зачисление на счет - зачисл. з/п: КОРЗУН АЛЕКСАНДР ВАЛЕРЬЕВИЧ; 3819250000393-&gt;3114250000115-91kBYR-746644 = 2951180,00 BYR</Description>
      <Currency />
      <AmountByCurrency>0</AmountByCurrency>
      <AmountByAccount>2951180.00</AmountByAccount>
    </TransactionItem>
    <TransactionItem>
      <RegistrationDate>2012-09-25T00:00:00</RegistrationDate>
      <TransactionDate>2012-09-25T00:00:00</TransactionDate>
      <TransactionCode>2868919/76679077</TransactionCode>
      <Description>Зачисление на счет - зачисл. з/п: КОРЗУН АЛЕКСАНДР ВАЛЕРЬЕВИЧ; 3819250000393-&gt;3114250000115-91kBYR-746644 = 804000,00 BYR</Description>
      <Currency />
      <AmountByCurrency>0</AmountByCurrency>
      <AmountByAccount>804000.00</AmountByAccount>
    </TransactionItem>
    <TransactionItem>
      <RegistrationDate>2012-09-28T00:00:00</RegistrationDate>
      <TransactionDate>2012-09-28T00:00:00</TransactionDate>
      <TransactionCode>2873197/77793107</TransactionCode>
      <Description>Зачисление на счет - начисл. проц-в: КОРЗУН АЛЕКСАНДР ВАЛЕРЬЕВИЧ; 9043251010048-&gt;3114250000115-91kBYR-746644 = 30,00 BYR</Description>
      <Currency />
      <AmountByCurrency>0</AmountByCurrency>
      <AmountByAccount>30.00</AmountByAccount>
    </TransactionItem>
    <TransactionItem>
      <RegistrationDate>2012-10-01T00:00:00</RegistrationDate>
      <TransactionDate>2012-10-01T00:00:00</TransactionDate>
      <TransactionCode />
      <Description>Комиссия за выдачу нал-х в АТМ</Description>
      <Currency>BYR</Currency>
      <AmountByCurrency>0</AmountByCurrency>
      <AmountByAccount>-26000.00</AmountByAccount>
    </TransactionItem>
    <TransactionItem>
      <RegistrationDate>2012-09-06T00:00:00</RegistrationDate>
      <TransactionDate>2012-09-05T00:00:00</TransactionDate>
      <TransactionCode>9061N90/1781806</TransactionCode>
      <Description>Выдача наличных - ATM GOPERY BIB - MINSK</Description>
      <Currency>BYR</Currency>
      <AmountByCurrency>-50000.00</AmountByCurrency>
      <AmountByAccount>-50000.00</AmountByAccount>
    </TransactionItem>
    <TransactionItem>
      <RegistrationDate>2012-09-07T00:00:00</RegistrationDate>
      <TransactionDate>2012-09-06T00:00:00</TransactionDate>
      <TransactionCode>4425O0O/2196858</TransactionCode>
      <Description>Оплата товаров и услуг - PT SHOP "RUBLEVSKIY-106" - MINSK</Description>
      <Currency>BYR</Currency>
      <AmountByCurrency>-10180.00</AmountByCurrency>
      <AmountByAccount>-10180.00</AmountByAccount>
    </TransactionItem>
    <TransactionItem>
      <RegistrationDate>2012-09-10T00:00:00</RegistrationDate>
      <TransactionDate>2012-09-07T00:00:00</TransactionDate>
      <TransactionCode>9061O10/2588687</TransactionCode>
      <Description>Выдача наличных - ATM GOPERY BIB - MINSK</Description>
      <Currency>BYR</Currency>
      <AmountByCurrency>-50000.00</AmountByCurrency>
      <AmountByAccount>-50000.00</AmountByAccount>
    </TransactionItem>
    <TransactionItem>
      <RegistrationDate>2012-09-10T00:00:00</RegistrationDate>
      <TransactionDate>2012-09-07T00:00:00</TransactionDate>
      <TransactionCode>9061O10/2588535</TransactionCode>
      <Description>Выдача наличных - ATM GOPERY BIB - MINSK</Description>
      <Currency>USD</Currency>
      <AmountByCurrency>-100.00</AmountByCurrency>
      <AmountByAccount>-852000.00</AmountByAccount>
    </TransactionItem>
    <TransactionItem>
      <RegistrationDate>2012-09-11T00:00:00</RegistrationDate>
      <TransactionDate>2012-09-09T00:00:00</TransactionDate>
      <TransactionCode>1120911/3397646</TransactionCode>
      <Description>Оплата товаров и услуг - HYPERMARKET - MINSK</Description>
      <Currency>BYR</Currency>
      <AmountByCurrency>-104880.00</AmountByCurrency>
      <AmountByAccount>-104880.00</AmountByAccount>
    </TransactionItem>
    <TransactionItem>
      <RegistrationDate>2012-09-18T00:00:00</RegistrationDate>
      <TransactionDate>2012-09-16T00:00:00</TransactionDate>
      <TransactionCode>1120918/3410427</TransactionCode>
      <Description>Выдача наличных - ATM 114 - MINSK</Description>
      <Currency>BYR</Currency>
      <AmountByCurrency>-1300000.00</AmountByCurrency>
      <AmountByAccount>-1300000.00</AmountByAccount>
    </TransactionItem>
    <TransactionItem>
      <RegistrationDate>2012-09-20T00:00:00</RegistrationDate>
      <TransactionDate>2012-09-18T00:00:00</TransactionDate>
      <TransactionCode>9061P20/7568889</TransactionCode>
      <Description>Выдача наличных - ATM GOPERY BIB - MINSK</Description>
      <Currency>BYR</Currency>
      <AmountByCurrency>-50000.00</AmountByCurrency>
      <AmountByAccount>-50000.00</AmountByAccount>
    </TransactionItem>
    <TransactionItem>
      <RegistrationDate>2012-09-28T00:00:00</RegistrationDate>
      <TransactionDate>2012-09-27T00:00:00</TransactionDate>
      <TransactionCode>9061Q10/1445473</TransactionCode>
      <Description>Выдача наличных - ATM GOPERY BIB - MINSK</Description>
      <Currency>USD</Currency>
      <AmountByCurrency>-500.00</AmountByCurrency>
      <AmountByAccount>-4320000.00</AmountByAccount>
    </TransactionItem>
  </TransactionItems>
</MontlyReport>