<?xml version="1.0"?>
<MontlyReport xmlns:xsi="http://www.w3.org/2001/XMLSchema-instance" xmlns:xsd="http://www.w3.org/2001/XMLSchema">
  <UserInfo>АЛЕКСАНДР ВАЛЕРЬЕВИЧ КОРЗУН СЛОБОДСКАЯ, д.65, кв.27, Минск, Belarus,</UserInfo>
  <BancInfo>БЕЛИНВЕСТБАНК ГОПЕРу пр.Машерова, 29 Минск 220002</BancInfo>
  <ReportInfo>EC/MC Выписка по картам 1642094-2015/1001</ReportInfo>
  <PeriodInfo>Расчетный цикл 02-09-2015по01-10-2015</PeriodInfo>
  <CreationInfo>Сформировано 02-10-2015 18:03:28</CreationInfo>
  <AccountNumber>739001USD0000A05A15</AccountNumber>
  <AccountCurrency>USD</AccountCurrency>
  <ImmutableBalance>300.00</ImmutableBalance>
  <MinBalance>0.00</MinBalance>
  <AvailibleCredit>0.00</AvailibleCredit>
  <PrevBalance>6072.75</PrevBalance>
  <TransactionItems>
    <TransactionItem>
      <RegistrationDate>2015-09-30T00:00:00</RegistrationDate>
      <TransactionDate>2015-09-30T00:00:00</TransactionDate>
      <TransactionCode>4450082/37466513</TransactionCode>
      <Description>Зачисление на счет - начисл. проц-в: КОРЗУН АЛЕКСАНДР ВАЛЕРЬЕВИЧ; 6901870015019-&gt;3014775405018-91kUSD-A05A15 = 16,41 USD</Description>
      <Currency />
      <AmountByCurrency>0</AmountByCurrency>
      <AmountByAccount>16.41</AmountByAccount>
    </TransactionItem>
    <TransactionItem>
      <RegistrationDate>2015-09-02T00:00:00</RegistrationDate>
      <TransactionDate>2015-09-01T00:00:00</TransactionDate>
      <TransactionCode>9999N43/6347019</TransactionCode>
      <Description>Перевод средств - VIRTUAL FOR INTERNET BANKIN - MINSK</Description>
      <Currency>USD</Currency>
      <AmountByCurrency>-700.00</AmountByCurrency>
      <AmountByAccount>-700.00</AmountByAccount>
    </TransactionItem>
    <TransactionItem>
      <RegistrationDate>2015-09-03T00:00:00</RegistrationDate>
      <TransactionDate>2015-09-02T00:00:00</TransactionDate>
      <TransactionCode>9999N54/6557054</TransactionCode>
      <Description>Перевод средств - VIRTUAL FOR INTERNET BANKIN - MINSK</Description>
      <Currency>USD</Currency>
      <AmountByCurrency>-100.00</AmountByCurrency>
      <AmountByAccount>-100.00</AmountByAccount>
    </TransactionItem>
    <TransactionItem>
      <RegistrationDate>2015-09-08T00:00:00</RegistrationDate>
      <TransactionDate>2015-09-07T00:00:00</TransactionDate>
      <TransactionCode>9999O09/7463052</TransactionCode>
      <Description>Перевод средств - VIRTUAL FOR INTERNET BANKIN - MINSK</Description>
      <Currency>USD</Currency>
      <AmountByCurrency>-100.00</AmountByCurrency>
      <AmountByAccount>-100.00</AmountByAccount>
    </TransactionItem>
    <TransactionItem>
      <RegistrationDate>2015-09-14T00:00:00</RegistrationDate>
      <TransactionDate>2015-09-11T00:00:00</TransactionDate>
      <TransactionCode>9999O4C/8556625</TransactionCode>
      <Description>Перевод средств - VIRTUAL FOR INTERNET BANKIN - MINSK</Description>
      <Currency>USD</Currency>
      <AmountByCurrency>-100.00</AmountByCurrency>
      <AmountByAccount>-100.00</AmountByAccount>
    </TransactionItem>
  </TransactionItems>
</MontlyReport>