<?xml version="1.0"?>
<MontlyReport xmlns:xsi="http://www.w3.org/2001/XMLSchema-instance" xmlns:xsd="http://www.w3.org/2001/XMLSchema">
  <UserInfo>АЛЕКСАНДР ВАЛЕРЬЕВИЧ КОРЗУН УЛ. СЛОБОДСКАЯ Д.65 КВ.27, Г. МИНСК, Belarus, 220051</UserInfo>
  <BancInfo>BELARUSBANK Head Office  </BancInfo>
  <ReportInfo>ECMC Выписка по счету клиента No. 4826182-2014/0101</ReportInfo>
  <PeriodInfo>Расчетный цикл 01-12-2013по01-01-2014</PeriodInfo>
  <CreationInfo>Сформировано 03-01-2014 08:52:21</CreationInfo>
  <AccountNumber>001458000681</AccountNumber>
  <AccountCurrency>BYR</AccountCurrency>
  <ImmutableBalance>0.00</ImmutableBalance>
  <MinBalance>0.00</MinBalance>
  <AvailibleCredit>0.00</AvailibleCredit>
  <PrevBalance>75178.00</PrevBalance>
  <TransactionItems>
    <TransactionItem>
      <RegistrationDate>2013-12-02T00:00:00</RegistrationDate>
      <TransactionDate>2013-11-29T00:00:00</TransactionDate>
      <TransactionCode>464217/79513</TransactionCode>
      <Description>Ежемесячная капитализация</Description>
      <Currency />
      <AmountByCurrency>0</AmountByCurrency>
      <AmountByAccount>31.00</AmountByAccount>
    </TransactionItem>
    <TransactionItem>
      <RegistrationDate>2013-12-31T00:00:00</RegistrationDate>
      <TransactionDate>2013-12-30T00:00:00</TransactionDate>
      <TransactionCode>469346/84484</TransactionCode>
      <Description>Ежемесячная капитализация</Description>
      <Currency />
      <AmountByCurrency>0</AmountByCurrency>
      <AmountByAccount>31.00</AmountByAccount>
    </TransactionItem>
  </TransactionItems>
</MontlyReport>