<?xml version="1.0"?>
<MontlyReport xmlns:xsi="http://www.w3.org/2001/XMLSchema-instance" xmlns:xsd="http://www.w3.org/2001/XMLSchema">
  <UserInfo>АЛЕКСАНДР ВАЛЕРЬЕВИЧ КОРЗУН СЛОБОДСКАЯ, д.65, кв.27, Минск, Belarus,</UserInfo>
  <BancInfo>БЕЛИНВЕСТБАНК ГОПЕРу пр.Машерова, 29 Минск 220002</BancInfo>
  <ReportInfo>EC/MC Выписка по картам 1399391-2013/0101</ReportInfo>
  <PeriodInfo>Расчетный цикл 04-12-2012по01-01-2013</PeriodInfo>
  <CreationInfo>Сформировано 03-01-2013 13:27:47</CreationInfo>
  <AccountNumber>739001BYR0000746644</AccountNumber>
  <AccountCurrency>BYR</AccountCurrency>
  <ImmutableBalance>0.00</ImmutableBalance>
  <MinBalance>0.00</MinBalance>
  <AvailibleCredit>0.00</AvailibleCredit>
  <PrevBalance>5090740.00</PrevBalance>
  <TransactionItems>
    <TransactionItem>
      <RegistrationDate>2012-12-10T00:00:00</RegistrationDate>
      <TransactionDate>2012-12-10T00:00:00</TransactionDate>
      <TransactionCode>2957260/96600318</TransactionCode>
      <Description>Зачисление на счет - зачисл. з/п: КОРЗУН АЛЕКСАНДР ВАЛЕРЬЕВИЧ; 3819250000393-&gt;3114250000115-91kBYR-746644 = 4460000,00 BYR</Description>
      <Currency />
      <AmountByCurrency>0</AmountByCurrency>
      <AmountByAccount>4460000.00</AmountByAccount>
    </TransactionItem>
    <TransactionItem>
      <RegistrationDate>2012-12-21T00:00:00</RegistrationDate>
      <TransactionDate>2012-12-21T00:00:00</TransactionDate>
      <TransactionCode>2972001/99762583</TransactionCode>
      <Description>Зачисление на счет - зачисл. з/п: КОРЗУН АЛЕКСАНДР ВАЛЕРЬЕВИЧ; 3819250000393-&gt;3114250000115-91kBYR-746644 = 804000,00 BYR</Description>
      <Currency />
      <AmountByCurrency>0</AmountByCurrency>
      <AmountByAccount>804000.00</AmountByAccount>
    </TransactionItem>
    <TransactionItem>
      <RegistrationDate>2012-12-29T00:00:00</RegistrationDate>
      <TransactionDate>2012-12-29T00:00:00</TransactionDate>
      <TransactionCode>2979663/02255123</TransactionCode>
      <Description>Списание со счета - начисл. проц-в: КОРЗУН АЛЕКСАНДР ВАЛЕРЬЕВИЧ; 9043251010048-&gt;3114250000115-91kBYR-746644 = 10,00 BYR</Description>
      <Currency />
      <AmountByCurrency>0</AmountByCurrency>
      <AmountByAccount>-10.00</AmountByAccount>
    </TransactionItem>
    <TransactionItem>
      <RegistrationDate>2012-12-29T00:00:00</RegistrationDate>
      <TransactionDate>2012-12-29T00:00:00</TransactionDate>
      <TransactionCode>2981501/02563282</TransactionCode>
      <Description>Зачисление на счет - начисл. проц-в: КОРЗУН АЛЕКСАНДР ВАЛЕРЬЕВИЧ; 9043251010048-&gt;3114250000115-91kBYR-746644 = 60,00 BYR</Description>
      <Currency />
      <AmountByCurrency>0</AmountByCurrency>
      <AmountByAccount>60.00</AmountByAccount>
    </TransactionItem>
    <TransactionItem>
      <RegistrationDate>2012-12-29T00:00:00</RegistrationDate>
      <TransactionDate>2012-12-29T00:00:00</TransactionDate>
      <TransactionCode>2979477/02255123</TransactionCode>
      <Description>Зачисление на счет - начисл. проц-в: КОРЗУН АЛЕКСАНДР ВАЛЕРЬЕВИЧ; 9043251010048-&gt;3114250000115-91kBYR-746644 = 10,00 BYR</Description>
      <Currency />
      <AmountByCurrency>0</AmountByCurrency>
      <AmountByAccount>10.00</AmountByAccount>
    </TransactionItem>
    <TransactionItem>
      <RegistrationDate>2012-12-30T00:00:00</RegistrationDate>
      <TransactionDate>2012-12-29T00:00:00</TransactionDate>
      <TransactionCode>2981793/03153457</TransactionCode>
      <Description>Зачисление на счет - начисл. проц-в: КОРЗУН АЛЕКСАНДР ВАЛЕРЬЕВИЧ; 9043251010048-&gt;3114250000115-91kBYR-746644 = 10,00 BYR</Description>
      <Currency />
      <AmountByCurrency>0</AmountByCurrency>
      <AmountByAccount>10.00</AmountByAccount>
    </TransactionItem>
    <TransactionItem>
      <RegistrationDate>2012-12-05T00:00:00</RegistrationDate>
      <TransactionDate>2012-12-03T00:00:00</TransactionDate>
      <TransactionCode>1121205/3559295</TransactionCode>
      <Description>Оплата товаров и услуг - HYPERMARKET - MINSK</Description>
      <Currency>BYR</Currency>
      <AmountByCurrency>-94730.00</AmountByCurrency>
      <AmountByAccount>-94730.00</AmountByAccount>
    </TransactionItem>
    <TransactionItem>
      <RegistrationDate>2012-12-10T00:00:00</RegistrationDate>
      <TransactionDate>2012-12-08T00:00:00</TransactionDate>
      <TransactionCode>9137X31/2105370</TransactionCode>
      <Description>Выдача наличных - ATM N137 BIB - MINSK</Description>
      <Currency>BYR</Currency>
      <AmountByCurrency>-450000.00</AmountByCurrency>
      <AmountByAccount>-450000.00</AmountByAccount>
    </TransactionItem>
    <TransactionItem>
      <RegistrationDate>2012-12-10T00:00:00</RegistrationDate>
      <TransactionDate>2012-12-08T00:00:00</TransactionDate>
      <TransactionCode>9061X30/1966833</TransactionCode>
      <Description>Выдача наличных - ATM GOPERY BIB - MINSK</Description>
      <Currency>BYR</Currency>
      <AmountByCurrency>-100000.00</AmountByCurrency>
      <AmountByAccount>-100000.00</AmountByAccount>
    </TransactionItem>
    <TransactionItem>
      <RegistrationDate>2012-12-17T00:00:00</RegistrationDate>
      <TransactionDate>2012-12-16T00:00:00</TransactionDate>
      <TransactionCode>9061Y10/5599104</TransactionCode>
      <Description>Выдача наличных - ATM GOPERY BIB - MINSK</Description>
      <Currency>BYR</Currency>
      <AmountByCurrency>-100000.00</AmountByCurrency>
      <AmountByAccount>-100000.00</AmountByAccount>
    </TransactionItem>
    <TransactionItem>
      <RegistrationDate>2012-12-28T00:00:00</RegistrationDate>
      <TransactionDate>2012-12-27T00:00:00</TransactionDate>
      <TransactionCode>9994Z27/0991460</TransactionCode>
      <Description>Оплата товаров и услуг - PAY FOR CARD UNLOCK - MINSK</Description>
      <Currency>BYR</Currency>
      <AmountByCurrency>-2000.00</AmountByCurrency>
      <AmountByAccount>-2000.00</AmountByAccount>
    </TransactionItem>
    <TransactionItem>
      <RegistrationDate>2012-12-28T00:00:00</RegistrationDate>
      <TransactionDate>2012-12-27T00:00:00</TransactionDate>
      <TransactionCode>9137Z21/0984778</TransactionCode>
      <Description>Выдача наличных - ATM N137 BIB - MINSK</Description>
      <Currency>BYR</Currency>
      <AmountByCurrency>-400000.00</AmountByCurrency>
      <AmountByAccount>-400000.00</AmountByAccount>
    </TransactionItem>
    <TransactionItem>
      <RegistrationDate>2012-12-29T00:00:00</RegistrationDate>
      <TransactionDate>2012-12-28T00:00:00</TransactionDate>
      <TransactionCode>9061Z31/1608518</TransactionCode>
      <Description>Выдача наличных - ATM GOPERY BIB - MINSK</Description>
      <Currency>BYR</Currency>
      <AmountByCurrency>-500000.00</AmountByCurrency>
      <AmountByAccount>-500000.00</AmountByAccount>
    </TransactionItem>
    <TransactionItem>
      <RegistrationDate>2012-12-30T00:00:00</RegistrationDate>
      <TransactionDate>2012-12-29T00:00:00</TransactionDate>
      <TransactionCode>9061Z40/2054267</TransactionCode>
      <Description>Выдача наличных - ATM GOPERY BIB - MINSK</Description>
      <Currency>BYR</Currency>
      <AmountByCurrency>-500000.00</AmountByCurrency>
      <AmountByAccount>-500000.00</AmountByAccount>
    </TransactionItem>
    <TransactionItem>
      <RegistrationDate>2013-01-01T00:00:00</RegistrationDate>
      <TransactionDate>2012-12-30T00:00:00</TransactionDate>
      <TransactionCode>1091Z5S/2941061</TransactionCode>
      <Description>Оплата товаров и услуг - PT SHOP "METR" - MINSK</Description>
      <Currency>BYR</Currency>
      <AmountByCurrency>-67730.00</AmountByCurrency>
      <AmountByAccount>-67730.00</AmountByAccount>
    </TransactionItem>
  </TransactionItems>
</MontlyReport>