<?xml version="1.0"?>
<MontlyReport xmlns:xsi="http://www.w3.org/2001/XMLSchema-instance" xmlns:xsd="http://www.w3.org/2001/XMLSchema">
  <UserInfo>АЛЕКСАНДР ВАЛЕРЬЕВИЧ КОРЗУН УЛ. СЛОБОДСКАЯ Д.65 КВ.27, Г. МИНСК, Belarus, 220051</UserInfo>
  <BancInfo>BELARUSBANK Head Office  </BancInfo>
  <ReportInfo>ECMC Выписка по счету клиента No. 4826182-2014/0331</ReportInfo>
  <PeriodInfo>Расчетный цикл 02-03-2014по31-03-2014</PeriodInfo>
  <CreationInfo>Сформировано 01-04-2014 08:46:44</CreationInfo>
  <AccountNumber>001458000681</AccountNumber>
  <AccountCurrency>BYR</AccountCurrency>
  <ImmutableBalance>0.00</ImmutableBalance>
  <MinBalance>0.00</MinBalance>
  <AvailibleCredit>0.00</AvailibleCredit>
  <PrevBalance>75271.00</PrevBalance>
  <TransactionItems>
    <TransactionItem>
      <RegistrationDate>2014-03-03T00:00:00</RegistrationDate>
      <TransactionDate>2014-02-28T00:00:00</TransactionDate>
      <TransactionCode>474772/85732</TransactionCode>
      <Description>Ежемесячная капитализация</Description>
      <Currency />
      <AmountByCurrency>0</AmountByCurrency>
      <AmountByAccount>31.00</AmountByAccount>
    </TransactionItem>
    <TransactionItem>
      <RegistrationDate>2014-03-31T00:00:00</RegistrationDate>
      <TransactionDate>2014-03-31T00:00:00</TransactionDate>
      <TransactionCode>477526/68853</TransactionCode>
      <Description>Ежемесячная капитализация</Description>
      <Currency />
      <AmountByCurrency>0</AmountByCurrency>
      <AmountByAccount>31.00</AmountByAccount>
    </TransactionItem>
  </TransactionItems>
</MontlyReport>