<?xml version="1.0"?>
<MontlyReport xmlns:xsi="http://www.w3.org/2001/XMLSchema-instance" xmlns:xsd="http://www.w3.org/2001/XMLSchema">
  <UserInfo>АЛЕКСАНДР ВАЛЕРЬЕВИЧ КОРЗУН УЛ. СЛОБОДСКАЯ Д.65 КВ.27, Г. МИНСК, Belarus, 220051</UserInfo>
  <BancInfo>BELARUSBANK Head Office  </BancInfo>
  <ReportInfo>ECMC Выписка по счету клиента No. 4826182-2012/0229</ReportInfo>
  <PeriodInfo>Расчетный цикл 01-02-2012по29-02-2012</PeriodInfo>
  <CreationInfo>Сформировано 01-03-2012 08:49:12</CreationInfo>
  <AccountNumber>001458000681</AccountNumber>
  <AccountCurrency>BYR</AccountCurrency>
  <ImmutableBalance>0.00</ImmutableBalance>
  <MinBalance>0.00</MinBalance>
  <AvailibleCredit>0.00</AvailibleCredit>
  <PrevBalance>2034710.00</PrevBalance>
  <TransactionItems>
    <TransactionItem>
      <RegistrationDate>2012-02-29T00:00:00</RegistrationDate>
      <TransactionDate>2012-02-29T00:00:00</TransactionDate>
      <TransactionCode>359151/74140</TransactionCode>
      <Description>Платежи в счет -  -</Description>
      <Currency />
      <AmountByCurrency>0</AmountByCurrency>
      <AmountByAccount>650.00</AmountByAccount>
    </TransactionItem>
    <TransactionItem>
      <RegistrationDate>2012-02-06T00:00:00</RegistrationDate>
      <TransactionDate>2012-02-03T00:00:00</TransactionDate>
      <TransactionCode>3817340/4772390</TransactionCode>
      <Description>Покупка - KAFE "PROSPEKT" - MINSK</Description>
      <Currency>BYR</Currency>
      <AmountByCurrency>-33650.00</AmountByCurrency>
      <AmountByAccount>-33650.00</AmountByAccount>
    </TransactionItem>
    <TransactionItem>
      <RegistrationDate>2012-02-07T00:00:00</RegistrationDate>
      <TransactionDate>2012-02-05T00:00:00</TransactionDate>
      <TransactionCode>1120207/6273465</TransactionCode>
      <Description>Покупка - HYPERMARKET PROSTORE - MINSK</Description>
      <Currency>BYR</Currency>
      <AmountByCurrency>-119280.00</AmountByCurrency>
      <AmountByAccount>-119280.00</AmountByAccount>
    </TransactionItem>
    <TransactionItem>
      <RegistrationDate>2012-02-08T00:00:00</RegistrationDate>
      <TransactionDate>2012-02-06T00:00:00</TransactionDate>
      <TransactionCode>9061374/2824516</TransactionCode>
      <Description>Снятие наличности - ATM GOPERY BIB - MINSK</Description>
      <Currency>BYR</Currency>
      <AmountByCurrency>-200000.00</AmountByCurrency>
      <AmountByAccount>-200000.00</AmountByAccount>
    </TransactionItem>
    <TransactionItem>
      <RegistrationDate>2012-02-21T00:00:00</RegistrationDate>
      <TransactionDate>2012-02-17T00:00:00</TransactionDate>
      <TransactionCode>9061480/7262729</TransactionCode>
      <Description>Снятие наличности - ATM GOPERY BIB - MINSK</Description>
      <Currency>BYR</Currency>
      <AmountByCurrency>-250000.00</AmountByCurrency>
      <AmountByAccount>-250000.00</AmountByAccount>
    </TransactionItem>
    <TransactionItem>
      <RegistrationDate>2012-02-27T00:00:00</RegistrationDate>
      <TransactionDate>2012-02-23T00:00:00</TransactionDate>
      <TransactionCode>9061540/9946046</TransactionCode>
      <Description>Снятие наличности - ATM GOPERY BIB - MINSK</Description>
      <Currency>BYR</Currency>
      <AmountByCurrency>-250000.00</AmountByCurrency>
      <AmountByAccount>-250000.00</AmountByAccount>
    </TransactionItem>
  </TransactionItems>
</MontlyReport>