<?xml version="1.0"?>
<MontlyReport xmlns:xsi="http://www.w3.org/2001/XMLSchema-instance" xmlns:xsd="http://www.w3.org/2001/XMLSchema">
  <UserInfo>АЛЕКСАНДР ВАЛЕРЬЕВИЧ КОРЗУН СЛОБОДСКАЯ, д.65, кв.27, Минск, Belarus,</UserInfo>
  <BancInfo>БЕЛИНВЕСТБАНК ГОПЕРу пр.Машерова, 29 Минск 220002</BancInfo>
  <ReportInfo>EC/MC Выписка по картам 1399391-2014/0203</ReportInfo>
  <PeriodInfo>Расчетный цикл 04-01-2014по03-02-2014</PeriodInfo>
  <CreationInfo>Сформировано 03-02-2014 08:42:45</CreationInfo>
  <AccountNumber>739001BYR0000746644</AccountNumber>
  <AccountCurrency>BYR</AccountCurrency>
  <ImmutableBalance>0.00</ImmutableBalance>
  <MinBalance>0.00</MinBalance>
  <AvailibleCredit>0.00</AvailibleCredit>
  <PrevBalance>6.00</PrevBalance>
  <TransactionItems>
    <TransactionItem>
      <RegistrationDate>2014-01-10T00:00:00</RegistrationDate>
      <TransactionDate>2014-01-10T00:00:00</TransactionDate>
      <TransactionCode>3477644/14935779</TransactionCode>
      <Description>Зачисление на счет - зачисл. з/п: КОРЗУН АЛЕКСАНДР ВАЛЕРЬЕВИЧ; 3819250000393-&gt;3014775400013-91kBYR-746644 = 3900780,00 BYR</Description>
      <Currency />
      <AmountByCurrency>0</AmountByCurrency>
      <AmountByAccount>3900780.00</AmountByAccount>
    </TransactionItem>
    <TransactionItem>
      <RegistrationDate>2014-01-24T00:00:00</RegistrationDate>
      <TransactionDate>2014-01-24T00:00:00</TransactionDate>
      <TransactionCode>3498523/19142746</TransactionCode>
      <Description>Зачисление на счет - зачисл. з/п: КОРЗУН АЛЕКСАНДР ВАЛЕРЬЕВИЧ; 3819250000393-&gt;3014775400013-91kBYR-746644 = 689000,00 BYR</Description>
      <Currency />
      <AmountByCurrency>0</AmountByCurrency>
      <AmountByAccount>689000.00</AmountByAccount>
    </TransactionItem>
    <TransactionItem>
      <RegistrationDate>2014-01-31T00:00:00</RegistrationDate>
      <TransactionDate>2014-01-31T00:00:00</TransactionDate>
      <TransactionCode>3507153/21520640</TransactionCode>
      <Description>Зачисление на счет - начисл. проц-в: КОРЗУН АЛЕКСАНДР ВАЛЕРЬЕВИЧ; 9041251010024-&gt;3014775400013-91kBYR-746644 = 1,00 BYR</Description>
      <Currency />
      <AmountByCurrency>0</AmountByCurrency>
      <AmountByAccount>1.00</AmountByAccount>
    </TransactionItem>
    <TransactionItem>
      <RegistrationDate>2014-01-11T00:00:00</RegistrationDate>
      <TransactionDate>2014-01-10T00:00:00</TransactionDate>
      <TransactionCode>9999100/3908658</TransactionCode>
      <Description>Перевод средств - VIRTUAL FOR INTERNET BANKIN - MINSK</Description>
      <Currency>BYR</Currency>
      <AmountByCurrency>-3900786.00</AmountByCurrency>
      <AmountByAccount>-3900786.00</AmountByAccount>
    </TransactionItem>
    <TransactionItem>
      <RegistrationDate>2014-01-27T00:00:00</RegistrationDate>
      <TransactionDate>2014-01-25T00:00:00</TransactionDate>
      <TransactionCode>999925F/7270694</TransactionCode>
      <Description>Перевод средств - VIRTUAL FOR INTERNET BANKIN - MINSK</Description>
      <Currency>BYR</Currency>
      <AmountByCurrency>-689000.00</AmountByCurrency>
      <AmountByAccount>-689000.00</AmountByAccount>
    </TransactionItem>
  </TransactionItems>
</MontlyReport>