<?xml version="1.0"?>
<MontlyReport xmlns:xsi="http://www.w3.org/2001/XMLSchema-instance" xmlns:xsd="http://www.w3.org/2001/XMLSchema">
  <UserInfo>АЛЕКСАНДР ВАЛЕРЬЕВИЧ КОРЗУН СЛОБОДСКАЯ, д.65, кв.27, Минск, Belarus,</UserInfo>
  <BancInfo>БЕЛИНВЕСТБАНК ГОПЕРу пр.Машерова, 29 Минск 220002</BancInfo>
  <ReportInfo>EC/MC Выписка по картам 1399391-2013/0228</ReportInfo>
  <PeriodInfo>Расчетный цикл 02-02-2013по28-02-2013</PeriodInfo>
  <CreationInfo>Сформировано 01-03-2013 15:37:37</CreationInfo>
  <AccountNumber>739001BYR0000746644</AccountNumber>
  <AccountCurrency>BYR</AccountCurrency>
  <ImmutableBalance>0.00</ImmutableBalance>
  <MinBalance>0.00</MinBalance>
  <AvailibleCredit>0.00</AvailibleCredit>
  <PrevBalance>3495770.00</PrevBalance>
  <TransactionItems>
    <TransactionItem>
      <RegistrationDate>2013-02-08T00:00:00</RegistrationDate>
      <TransactionDate>2013-02-08T00:00:00</TransactionDate>
      <TransactionCode>3023965/13374072</TransactionCode>
      <Description>Зачисление на счет - зачисл. з/п: КОРЗУН АЛЕКСАНДР ВАЛЕРЬЕВИЧ; 3819250000393-&gt;3014775400013-91kBYR-746644 = 4454870,00 BYR</Description>
      <Currency />
      <AmountByCurrency>0</AmountByCurrency>
      <AmountByAccount>4454870.00</AmountByAccount>
    </TransactionItem>
    <TransactionItem>
      <RegistrationDate>2013-02-13T00:00:00</RegistrationDate>
      <TransactionDate>2013-02-13T00:00:00</TransactionDate>
      <TransactionCode>3029104/14551502</TransactionCode>
      <Description>Списание со счета - 200: КОРЗУН АЛЕКСАНДР ВАЛЕРЬЕВИЧ; 3014775400013-91kBYR-746644-&gt;8131251010124 = 37500,00 BYR</Description>
      <Currency />
      <AmountByCurrency>0</AmountByCurrency>
      <AmountByAccount>-37500.00</AmountByAccount>
    </TransactionItem>
    <TransactionItem>
      <RegistrationDate>2013-02-25T00:00:00</RegistrationDate>
      <TransactionDate>2013-02-25T00:00:00</TransactionDate>
      <TransactionCode>3043083/17789810</TransactionCode>
      <Description>Зачисление на счет - зачисл. з/п: КОРЗУН АЛЕКСАНДР ВАЛЕРЬЕВИЧ; 3819250000393-&gt;3014775400013-91kBYR-746644 = 300000,00 BYR</Description>
      <Currency />
      <AmountByCurrency>0</AmountByCurrency>
      <AmountByAccount>300000.00</AmountByAccount>
    </TransactionItem>
    <TransactionItem>
      <RegistrationDate>2013-02-28T00:00:00</RegistrationDate>
      <TransactionDate>2013-02-28T00:00:00</TransactionDate>
      <TransactionCode>3048053/19161801</TransactionCode>
      <Description>Зачисление на счет - начисл. проц-в: КОРЗУН АЛЕКСАНДР ВАЛЕРЬЕВИЧ; 9041251010024-&gt;3014775400013-91kBYR-746644 = 20,00 BYR</Description>
      <Currency />
      <AmountByCurrency>0</AmountByCurrency>
      <AmountByAccount>20.00</AmountByAccount>
    </TransactionItem>
    <TransactionItem>
      <RegistrationDate>2013-02-04T00:00:00</RegistrationDate>
      <TransactionDate>2013-02-02T00:00:00</TransactionDate>
      <TransactionCode>0043330/6980858</TransactionCode>
      <Description>Оплата товаров и услуг - UNIVERSAM "CENTRALNY" - MINSK</Description>
      <Currency>BYR</Currency>
      <AmountByCurrency>-32950.00</AmountByCurrency>
      <AmountByAccount>-32950.00</AmountByAccount>
    </TransactionItem>
    <TransactionItem>
      <RegistrationDate>2013-02-04T00:00:00</RegistrationDate>
      <TransactionDate>2013-02-02T00:00:00</TransactionDate>
      <TransactionCode>7018330/6459767</TransactionCode>
      <Description>Оплата товаров и услуг - SUPERMARKET "VITALUR" - MINSK</Description>
      <Currency>BYR</Currency>
      <AmountByCurrency>-14800.00</AmountByCurrency>
      <AmountByAccount>-14800.00</AmountByAccount>
    </TransactionItem>
    <TransactionItem>
      <RegistrationDate>2013-02-05T00:00:00</RegistrationDate>
      <TransactionDate>2013-02-04T00:00:00</TransactionDate>
      <TransactionCode>999935K/7907567</TransactionCode>
      <Description>Оплата товаров и услуг - VIRTUAL FOR INTERNET BANKIN - MINSK</Description>
      <Currency>BYR</Currency>
      <AmountByCurrency>-10000.00</AmountByCurrency>
      <AmountByAccount>-10000.00</AmountByAccount>
    </TransactionItem>
    <TransactionItem>
      <RegistrationDate>2013-02-06T00:00:00</RegistrationDate>
      <TransactionDate>2013-02-05T00:00:00</TransactionDate>
      <TransactionCode>9204363/8212272</TransactionCode>
      <Description>Оплата товаров и услуг - PT SHOP "METR" - MINSK</Description>
      <Currency>BYR</Currency>
      <AmountByCurrency>-24350.00</AmountByCurrency>
      <AmountByAccount>-24350.00</AmountByAccount>
    </TransactionItem>
    <TransactionItem>
      <RegistrationDate>2013-02-06T00:00:00</RegistrationDate>
      <TransactionDate>2013-02-05T00:00:00</TransactionDate>
      <TransactionCode>999936L/8206712</TransactionCode>
      <Description>Оплата товаров и услуг - VIRTUAL FOR INTERNET BANKIN - MINSK</Description>
      <Currency>BYR</Currency>
      <AmountByCurrency>-20000.00</AmountByCurrency>
      <AmountByAccount>-20000.00</AmountByAccount>
    </TransactionItem>
    <TransactionItem>
      <RegistrationDate>2013-02-06T00:00:00</RegistrationDate>
      <TransactionDate>2013-02-05T00:00:00</TransactionDate>
      <TransactionCode>999936L/8205790</TransactionCode>
      <Description>Оплата товаров и услуг - VIRTUAL FOR INTERNET BANKIN - MINSK</Description>
      <Currency>BYR</Currency>
      <AmountByCurrency>-30000.00</AmountByCurrency>
      <AmountByAccount>-30000.00</AmountByAccount>
    </TransactionItem>
    <TransactionItem>
      <RegistrationDate>2013-02-14T00:00:00</RegistrationDate>
      <TransactionDate>2013-02-13T00:00:00</TransactionDate>
      <TransactionCode>999944F/2102939</TransactionCode>
      <Description>Перевод средств - VIRTUAL FOR INTERNET BANKIN - MINSK</Description>
      <Currency>BYR</Currency>
      <AmountByCurrency>-7000000.00</AmountByCurrency>
      <AmountByAccount>-7000000.00</AmountByAccount>
    </TransactionItem>
    <TransactionItem>
      <RegistrationDate>2013-02-14T00:00:00</RegistrationDate>
      <TransactionDate>2013-02-13T00:00:00</TransactionDate>
      <TransactionCode>9137440/1739031</TransactionCode>
      <Description>Выдача наличных - ATM N137 BIB - MINSK</Description>
      <Currency>BYR</Currency>
      <AmountByCurrency>-150000.00</AmountByCurrency>
      <AmountByAccount>-150000.00</AmountByAccount>
    </TransactionItem>
    <TransactionItem>
      <RegistrationDate>2013-02-15T00:00:00</RegistrationDate>
      <TransactionDate>2013-02-14T00:00:00</TransactionDate>
      <TransactionCode>3875450/1833448</TransactionCode>
      <Description>Оплата товаров и услуг - SHOP N 3 "TREMLYA" - MINSK</Description>
      <Currency>BYR</Currency>
      <AmountByCurrency>-46300.00</AmountByCurrency>
      <AmountByAccount>-46300.00</AmountByAccount>
    </TransactionItem>
    <TransactionItem>
      <RegistrationDate>2013-02-25T00:00:00</RegistrationDate>
      <TransactionDate>2013-02-23T00:00:00</TransactionDate>
      <TransactionCode>9061540/7005088</TransactionCode>
      <Description>Выдача наличных - ATM GOPERY BIB - MINSK</Description>
      <Currency>BYR</Currency>
      <AmountByCurrency>-200000.00</AmountByCurrency>
      <AmountByAccount>-200000.00</AmountByAccount>
    </TransactionItem>
    <TransactionItem>
      <RegistrationDate>2013-02-27T00:00:00</RegistrationDate>
      <TransactionDate>2013-02-26T00:00:00</TransactionDate>
      <TransactionCode>9061570/8128192</TransactionCode>
      <Description>Выдача наличных - ATM GOPERY BIB - MINSK</Description>
      <Currency>BYR</Currency>
      <AmountByCurrency>-50000.00</AmountByCurrency>
      <AmountByAccount>-50000.00</AmountByAccount>
    </TransactionItem>
    <TransactionItem>
      <RegistrationDate>2013-02-27T00:00:00</RegistrationDate>
      <TransactionDate>2013-02-26T00:00:00</TransactionDate>
      <TransactionCode>9999577/8540882</TransactionCode>
      <Description>Оплата товаров и услуг - VIRTUAL FOR INTERNET BANKIN - MINSK</Description>
      <Currency>BYR</Currency>
      <AmountByCurrency>-100000.00</AmountByCurrency>
      <AmountByAccount>-100000.00</AmountByAccount>
    </TransactionItem>
  </TransactionItems>
</MontlyReport>