<?xml version="1.0"?>
<MontlyReport xmlns:xsi="http://www.w3.org/2001/XMLSchema-instance" xmlns:xsd="http://www.w3.org/2001/XMLSchema">
  <UserInfo>АЛЕКСАНДР ВАЛЕРЬЕВИЧ КОРЗУН УЛ. СЛОБОДСКАЯ Д.65 КВ.27, Г. МИНСК, Belarus, 220051</UserInfo>
  <BancInfo>BELARUSBANK Head Office  </BancInfo>
  <ReportInfo>ECMC Выписка по счету клиента No. 4826182-2011/1230</ReportInfo>
  <PeriodInfo>Расчетный цикл 01-12-2011по30-12-2011</PeriodInfo>
  <CreationInfo>Сформировано 02-01-2012 08:38:20</CreationInfo>
  <AccountNumber>001458000681</AccountNumber>
  <AccountCurrency>BYR</AccountCurrency>
  <ImmutableBalance>0.00</ImmutableBalance>
  <MinBalance>0.00</MinBalance>
  <AvailibleCredit>0.00</AvailibleCredit>
  <PrevBalance>3020390.00</PrevBalance>
  <TransactionItems>
    <TransactionItem>
      <RegistrationDate>2011-12-01T00:00:00</RegistrationDate>
      <TransactionDate>2011-11-30T00:00:00</TransactionDate>
      <TransactionCode>347396/67554</TransactionCode>
      <Description>Платежи в счет -  -</Description>
      <Currency />
      <AmountByCurrency>0</AmountByCurrency>
      <AmountByAccount>1010.00</AmountByAccount>
    </TransactionItem>
    <TransactionItem>
      <RegistrationDate>2011-12-02T00:00:00</RegistrationDate>
      <TransactionDate>2011-12-02T00:00:00</TransactionDate>
      <TransactionCode>347651/14861</TransactionCode>
      <Description>Платежи в счет -  -</Description>
      <Currency />
      <AmountByCurrency>0</AmountByCurrency>
      <AmountByAccount>1172000.00</AmountByAccount>
    </TransactionItem>
    <TransactionItem>
      <RegistrationDate>2011-12-30T00:00:00</RegistrationDate>
      <TransactionDate>2011-12-30T00:00:00</TransactionDate>
      <TransactionCode>351475/72555</TransactionCode>
      <Description>Платежи в счет -  -</Description>
      <Currency />
      <AmountByCurrency>0</AmountByCurrency>
      <AmountByAccount>1620.00</AmountByAccount>
    </TransactionItem>
    <TransactionItem>
      <RegistrationDate>2011-12-30T00:00:00</RegistrationDate>
      <TransactionDate>2011-12-30T00:00:00</TransactionDate>
      <TransactionCode />
      <Description>Плата за снятие  за снятие наличности в АТМ -  -</Description>
      <Currency>BYR</Currency>
      <AmountByCurrency>0</AmountByCurrency>
      <AmountByAccount>-400.00</AmountByAccount>
    </TransactionItem>
    <TransactionItem>
      <RegistrationDate>2011-12-01T00:00:00</RegistrationDate>
      <TransactionDate>2011-11-28T00:00:00</TransactionDate>
      <TransactionCode>9089W2X/5175429</TransactionCode>
      <Description>Снятие наличности - ATM N89 BELGIPROGAZ BI - MINSK</Description>
      <Currency>BYR</Currency>
      <AmountByCurrency>-150000.00</AmountByCurrency>
      <AmountByAccount>-150000.00</AmountByAccount>
    </TransactionItem>
    <TransactionItem>
      <RegistrationDate>2011-12-14T00:00:00</RegistrationDate>
      <TransactionDate>2011-12-13T00:00:00</TransactionDate>
      <TransactionCode>1026X70/5476493</TransactionCode>
      <Description>Покупка - SHOP "SOSEDI"-2 - MINSK</Description>
      <Currency>BYR</Currency>
      <AmountByCurrency>-35640.00</AmountByCurrency>
      <AmountByAccount>-35640.00</AmountByAccount>
    </TransactionItem>
    <TransactionItem>
      <RegistrationDate>2011-12-20T00:00:00</RegistrationDate>
      <TransactionDate>2011-12-16T00:00:00</TransactionDate>
      <TransactionCode>9061Y02/1878732</TransactionCode>
      <Description>Снятие наличности - ATM GOPERY BIB - MINSK</Description>
      <Currency>BYR</Currency>
      <AmountByCurrency>-200000.00</AmountByCurrency>
      <AmountByAccount>-200000.00</AmountByAccount>
    </TransactionItem>
    <TransactionItem>
      <RegistrationDate>2011-12-26T00:00:00</RegistrationDate>
      <TransactionDate>2011-12-23T00:00:00</TransactionDate>
      <TransactionCode>2304169/2308290</TransactionCode>
      <Description>Снятие наличности - TRUSTBANK ATM-14 - MINSK</Description>
      <Currency>BYR</Currency>
      <AmountByCurrency>-20000.00</AmountByCurrency>
      <AmountByAccount>-20000.00</AmountByAccount>
    </TransactionItem>
    <TransactionItem>
      <RegistrationDate>2011-12-30T00:00:00</RegistrationDate>
      <TransactionDate>2011-12-28T00:00:00</TransactionDate>
      <TransactionCode>9061Z2H/7473571</TransactionCode>
      <Description>Снятие наличности - ATM GOPERY BIB - MINSK</Description>
      <Currency>BYR</Currency>
      <AmountByCurrency>-270000.00</AmountByCurrency>
      <AmountByAccount>-270000.00</AmountByAccount>
    </TransactionItem>
  </TransactionItems>
</MontlyReport>