<?xml version="1.0"?>
<MontlyReport xmlns:xsi="http://www.w3.org/2001/XMLSchema-instance" xmlns:xsd="http://www.w3.org/2001/XMLSchema">
  <UserInfo>АЛЕКСАНДР ВАЛЕРЬЕВИЧ КОРЗУН СЛОБОДСКАЯ, д.65, кв.27, Минск, Belarus,</UserInfo>
  <BancInfo>БЕЛИНВЕСТБАНК ГОПЕРу пр.Машерова, 29 Минск 220002</BancInfo>
  <ReportInfo>EC/MC Выписка по картам 1399391-2014/0103</ReportInfo>
  <PeriodInfo>Расчетный цикл 03-12-2013по03-01-2014</PeriodInfo>
  <CreationInfo>Сформировано 04-01-2014 09:14:54</CreationInfo>
  <AccountNumber>739001BYR0000746644</AccountNumber>
  <AccountCurrency>BYR</AccountCurrency>
  <ImmutableBalance>0.00</ImmutableBalance>
  <MinBalance>0.00</MinBalance>
  <AvailibleCredit>0.00</AvailibleCredit>
  <PrevBalance>3.00</PrevBalance>
  <TransactionItems>
    <TransactionItem>
      <RegistrationDate>2013-12-24T00:00:00</RegistrationDate>
      <TransactionDate>2013-12-24T00:00:00</TransactionDate>
      <TransactionCode>3457700/08979172</TransactionCode>
      <Description>Зачисление на счет - зачисл. з/п: КОРЗУН АЛЕКСАНДР ВАЛЕРЬЕВИЧ; 3819250000393-&gt;3014775400013-91kBYR-746644 = 11697900,00 BYR</Description>
      <Currency />
      <AmountByCurrency>0</AmountByCurrency>
      <AmountByAccount>11697900.00</AmountByAccount>
    </TransactionItem>
    <TransactionItem>
      <RegistrationDate>2013-12-31T00:00:00</RegistrationDate>
      <TransactionDate>2013-12-31T00:00:00</TransactionDate>
      <TransactionCode>3465679/11684203</TransactionCode>
      <Description>Зачисление на счет - начисл. проц-в: КОРЗУН АЛЕКСАНДР ВАЛЕРЬЕВИЧ; 9041251010024-&gt;3014775400013-91kBYR-746644 = 6,00 BYR</Description>
      <Currency />
      <AmountByCurrency>0</AmountByCurrency>
      <AmountByAccount>6.00</AmountByAccount>
    </TransactionItem>
    <TransactionItem>
      <RegistrationDate>2013-12-26T00:00:00</RegistrationDate>
      <TransactionDate>2013-12-24T00:00:00</TransactionDate>
      <TransactionCode>9999Y8I/0456322</TransactionCode>
      <Description>Перевод средств - VIRTUAL FOR INTERNET BANKIN - MINSK</Description>
      <Currency>BYR</Currency>
      <AmountByCurrency>-11697903.00</AmountByCurrency>
      <AmountByAccount>-11697903.00</AmountByAccount>
    </TransactionItem>
  </TransactionItems>
</MontlyReport>