<?xml version="1.0"?>
<MontlyReport xmlns:xsi="http://www.w3.org/2001/XMLSchema-instance" xmlns:xsd="http://www.w3.org/2001/XMLSchema">
  <UserInfo>АЛЕКСАНДР ВАЛЕРЬЕВИЧ КОРЗУН СЛОБОДСКАЯ, д.65, кв.27, Минск, Belarus,</UserInfo>
  <BancInfo>БЕЛИНВЕСТБАНК ГОПЕРу пр.Машерова, 29 Минск 220002</BancInfo>
  <ReportInfo>EC/MC Выписка по картам 1399391-2014/0602</ReportInfo>
  <PeriodInfo>Расчетный цикл 02-05-2014по02-06-2014</PeriodInfo>
  <CreationInfo>Сформировано 03-06-2014 09:44:12</CreationInfo>
  <AccountNumber>739001BYR0000746644</AccountNumber>
  <AccountCurrency>BYR</AccountCurrency>
  <ImmutableBalance>0.00</ImmutableBalance>
  <MinBalance>0.00</MinBalance>
  <AvailibleCredit>0.00</AvailibleCredit>
  <PrevBalance>0.00</PrevBalance>
  <TransactionItems>
    <TransactionItem>
      <RegistrationDate>2014-05-08T00:00:00</RegistrationDate>
      <TransactionDate>2014-05-08T00:00:00</TransactionDate>
      <TransactionCode>3646213/54537933</TransactionCode>
      <Description>Зачисление на счет - зачисл. з/п: КОРЗУН АЛЕКСАНДР ВАЛЕРЬЕВИЧ; 3819007390487-&gt;3014775400013-91kBYR-746644 = 8628050,00 BYR</Description>
      <Currency />
      <AmountByCurrency>0</AmountByCurrency>
      <AmountByAccount>8628050.00</AmountByAccount>
    </TransactionItem>
    <TransactionItem>
      <RegistrationDate>2014-05-23T00:00:00</RegistrationDate>
      <TransactionDate>2014-05-23T00:00:00</TransactionDate>
      <TransactionCode>3666496/59147950</TransactionCode>
      <Description>Зачисление на счет - зачисл. з/п: КОРЗУН АЛЕКСАНДР ВАЛЕРЬЕВИЧ; 3819007390487-&gt;3014775400013-91kBYR-746644 = 804000,00 BYR</Description>
      <Currency />
      <AmountByCurrency>0</AmountByCurrency>
      <AmountByAccount>804000.00</AmountByAccount>
    </TransactionItem>
    <TransactionItem>
      <RegistrationDate>2014-05-11T00:00:00</RegistrationDate>
      <TransactionDate>2014-05-08T00:00:00</TransactionDate>
      <TransactionCode>9999B8A/9326815</TransactionCode>
      <Description>Перевод средств - VIRTUAL FOR INTERNET BANKIN - MINSK</Description>
      <Currency>BYR</Currency>
      <AmountByCurrency>-8628050.00</AmountByCurrency>
      <AmountByAccount>-8628050.00</AmountByAccount>
    </TransactionItem>
    <TransactionItem>
      <RegistrationDate>2014-05-26T00:00:00</RegistrationDate>
      <TransactionDate>2014-05-24T00:00:00</TransactionDate>
      <TransactionCode>9999D4Q/2898317</TransactionCode>
      <Description>Перевод средств - VIRTUAL FOR INTERNET BANKIN - MINSK</Description>
      <Currency>BYR</Currency>
      <AmountByCurrency>-804000.00</AmountByCurrency>
      <AmountByAccount>-804000.00</AmountByAccount>
    </TransactionItem>
  </TransactionItems>
</MontlyReport>