<?xml version="1.0"?>
<MontlyReport xmlns:xsi="http://www.w3.org/2001/XMLSchema-instance" xmlns:xsd="http://www.w3.org/2001/XMLSchema">
  <UserInfo>АЛЕКСАНДР ВАЛЕРЬЕВИЧ КОРЗУН УЛ. СЛОБОДСКАЯ Д.65 КВ.27, Г. МИНСК, Belarus, 220051</UserInfo>
  <BancInfo>BELARUSBANK Head Office  </BancInfo>
  <ReportInfo>ECMC Выписка по счету клиента No. 4826182-2012/0531</ReportInfo>
  <PeriodInfo>Расчетный цикл 01-05-2012по31-05-2012</PeriodInfo>
  <CreationInfo>Сформировано 01-06-2012 08:25:37</CreationInfo>
  <AccountNumber>001458000681</AccountNumber>
  <AccountCurrency>BYR</AccountCurrency>
  <ImmutableBalance>0.00</ImmutableBalance>
  <MinBalance>0.00</MinBalance>
  <AvailibleCredit>0.00</AvailibleCredit>
  <PrevBalance>124580.00</PrevBalance>
  <TransactionItems>
    <TransactionItem>
      <RegistrationDate>2012-05-02T00:00:00</RegistrationDate>
      <TransactionDate>2012-04-30T00:00:00</TransactionDate>
      <TransactionCode>372827/71701</TransactionCode>
      <Description>Платежи в счет</Description>
      <Currency />
      <AmountByCurrency>0</AmountByCurrency>
      <AmountByAccount>50.00</AmountByAccount>
    </TransactionItem>
    <TransactionItem>
      <RegistrationDate>2012-05-31T00:00:00</RegistrationDate>
      <TransactionDate>2012-05-31T00:00:00</TransactionDate>
      <TransactionCode>382378/62713</TransactionCode>
      <Description>Платежи в счет</Description>
      <Currency />
      <AmountByCurrency>0</AmountByCurrency>
      <AmountByAccount>30.00</AmountByAccount>
    </TransactionItem>
    <TransactionItem>
      <RegistrationDate>2012-05-08T00:00:00</RegistrationDate>
      <TransactionDate>2012-05-05T00:00:00</TransactionDate>
      <TransactionCode>9061B60/0506499</TransactionCode>
      <Description>Снятие наличности - ATM GOPERY BIB - MINSK</Description>
      <Currency>BYR</Currency>
      <AmountByCurrency>-50000.00</AmountByCurrency>
      <AmountByAccount>-50000.00</AmountByAccount>
    </TransactionItem>
  </TransactionItems>
</MontlyReport>