<?xml version="1.0"?>
<MontlyReport xmlns:xsi="http://www.w3.org/2001/XMLSchema-instance" xmlns:xsd="http://www.w3.org/2001/XMLSchema">
  <UserInfo>АЛЕКСАНДР ВАЛЕРЬЕВИЧ КОРЗУН СЛОБОДСКАЯ, д.65, кв.27, Минск, Belarus,</UserInfo>
  <BancInfo>БЕЛИНВЕСТБАНК ГОПЕРу пр.Машерова, 29 Минск 220002</BancInfo>
  <ReportInfo>EC/MC Выписка по счету клиента No. 1399391-2012/0301</ReportInfo>
  <PeriodInfo>Расчетный цикл 10-02-2012по01-03-2012</PeriodInfo>
  <CreationInfo>Сформировано 19-03-2012 18:20:25</CreationInfo>
  <AccountNumber>739001BYR0000746644</AccountNumber>
  <AccountCurrency>BYR</AccountCurrency>
  <ImmutableBalance>0.00</ImmutableBalance>
  <MinBalance>0.00</MinBalance>
  <AvailibleCredit>0.00</AvailibleCredit>
  <PrevBalance>0.00</PrevBalance>
  <TransactionItems>
    <TransactionItem>
      <RegistrationDate>2012-02-24T00:00:00</RegistrationDate>
      <TransactionDate>2012-02-24T00:00:00</TransactionDate>
      <TransactionCode>2550036/30477927</TransactionCode>
      <Description>Зачисление на счет - зачисл. з/п: КОРЗУН АЛЕКСАНДР ВАЛЕРЬЕВИЧ; 3819250000393-&gt;3114250000115-91kBYR-746644 = 689000,00 BYR</Description>
      <Currency />
      <AmountByCurrency>0</AmountByCurrency>
      <AmountByAccount>689000.00</AmountByAccount>
    </TransactionItem>
    <TransactionItem>
      <RegistrationDate>2012-02-29T00:00:00</RegistrationDate>
      <TransactionDate>2012-02-29T00:00:00</TransactionDate>
      <TransactionCode>2558477/31576593</TransactionCode>
      <Description>Зачисление на счет - начисл. проц-в: КОРЗУН АЛЕКСАНДР ВАЛЕРЬЕВИЧ; 9043251010048-&gt;3114250000115-91kBYR-746644 = 10,00 BYR</Description>
      <Currency />
      <AmountByCurrency>0</AmountByCurrency>
      <AmountByAccount>10.00</AmountByAccount>
    </TransactionItem>
  </TransactionItems>
</MontlyReport>