<?xml version="1.0"?>
<MontlyReport xmlns:xsi="http://www.w3.org/2001/XMLSchema-instance" xmlns:xsd="http://www.w3.org/2001/XMLSchema">
  <UserInfo>АЛЕКСАНДР ВАЛЕРЬЕВИЧ КОРЗУН СЛОБОДСКАЯ, д.65, кв.27, Минск, Belarus,</UserInfo>
  <BancInfo>БЕЛИНВЕСТБАНК ГОПЕРу пр.Машерова, 29 Минск 220002</BancInfo>
  <ReportInfo>VISA Выписка по картам 1570384-2013/0301</ReportInfo>
  <PeriodInfo>Расчетный цикл 03-02-2013по01-03-2013</PeriodInfo>
  <CreationInfo>Сформировано 02-03-2013 09:29:43</CreationInfo>
  <AccountNumber>739001BYR00009AFD63</AccountNumber>
  <AccountCurrency>BYR</AccountCurrency>
  <ImmutableBalance>500000.00</ImmutableBalance>
  <MinBalance>0.00</MinBalance>
  <AvailibleCredit>0.00</AvailibleCredit>
  <PrevBalance>0.00</PrevBalance>
  <TransactionItems>
    <TransactionItem>
      <RegistrationDate>2013-02-28T00:00:00</RegistrationDate>
      <TransactionDate>2013-02-28T00:00:00</TransactionDate>
      <TransactionCode>3048317/19145513</TransactionCode>
      <Description>Зачисление на счет - начисл. проц-в: КОРЗУН АЛЕКСАНДР ВАЛЕРЬЕВИЧ; 9041251010024-&gt;3014775400013-91kBYR-9AFD63 = 88600,00 BYR</Description>
      <Currency />
      <AmountByCurrency>0</AmountByCurrency>
      <AmountByAccount>88600.00</AmountByAccount>
    </TransactionItem>
    <TransactionItem>
      <RegistrationDate>2013-02-14T00:00:00</RegistrationDate>
      <TransactionDate>2013-02-13T00:00:00</TransactionDate>
      <TransactionCode>999944F/2102940</TransactionCode>
      <Description>Зачисление перевода / Возврат покупки - VIRTUAL FOR INTERNET BANKIN - MINSK</Description>
      <Currency>BYR</Currency>
      <AmountByCurrency>7000000.00</AmountByCurrency>
      <AmountByAccount>7000000.00</AmountByAccount>
    </TransactionItem>
  </TransactionItems>
</MontlyReport>