<?xml version="1.0"?>
<MontlyReport xmlns:xsi="http://www.w3.org/2001/XMLSchema-instance" xmlns:xsd="http://www.w3.org/2001/XMLSchema">
  <UserInfo>АЛЕКСАНДР ВАЛЕРЬЕВИЧ КОРЗУН СЛОБОДСКАЯ, д.65, кв.27, Минск, Belarus,</UserInfo>
  <BancInfo>БЕЛИНВЕСТБАНК ГОПЕРу пр.Машерова, 29 Минск 220002</BancInfo>
  <ReportInfo>EC/MC Выписка по картам 1399391-2014/0501</ReportInfo>
  <PeriodInfo>Расчетный цикл 02-04-2014по01-05-2014</PeriodInfo>
  <CreationInfo>Сформировано 02-05-2014 10:22:33</CreationInfo>
  <AccountNumber>739001BYR0000746644</AccountNumber>
  <AccountCurrency>BYR</AccountCurrency>
  <ImmutableBalance>0.00</ImmutableBalance>
  <MinBalance>0.00</MinBalance>
  <AvailibleCredit>0.00</AvailibleCredit>
  <PrevBalance>2.00</PrevBalance>
  <TransactionItems>
    <TransactionItem>
      <RegistrationDate>2014-04-10T00:00:00</RegistrationDate>
      <TransactionDate>2014-04-10T00:00:00</TransactionDate>
      <TransactionCode>3607753/43981527</TransactionCode>
      <Description>Зачисление на счет - зачисл. з/п: КОРЗУН АЛЕКСАНДР ВАЛЕРЬЕВИЧ; 3819007390487-&gt;3014775400013-91kBYR-746644 = 7193030,00 BYR</Description>
      <Currency />
      <AmountByCurrency>0</AmountByCurrency>
      <AmountByAccount>7193030.00</AmountByAccount>
    </TransactionItem>
    <TransactionItem>
      <RegistrationDate>2014-04-25T00:00:00</RegistrationDate>
      <TransactionDate>2014-04-25T00:00:00</TransactionDate>
      <TransactionCode>3628995/48873978</TransactionCode>
      <Description>Зачисление на счет - зачисл. з/п: КОРЗУН АЛЕКСАНДР ВАЛЕРЬЕВИЧ; 3819007390487-&gt;3014775400013-91kBYR-746644 = 804000,00 BYR</Description>
      <Currency />
      <AmountByCurrency>0</AmountByCurrency>
      <AmountByAccount>804000.00</AmountByAccount>
    </TransactionItem>
    <TransactionItem>
      <RegistrationDate>2014-04-28T00:00:00</RegistrationDate>
      <TransactionDate>2014-04-28T00:00:00</TransactionDate>
      <TransactionCode>3631474/49891970</TransactionCode>
      <Description>Зачисление на счет - начисл. проц-в: КОРЗУН АЛЕКСАНДР ВАЛЕРЬЕВИЧ; 9041251010024-&gt;3014775400013-91kBYR-746644 = 3,00 BYR</Description>
      <Currency />
      <AmountByCurrency>0</AmountByCurrency>
      <AmountByAccount>3.00</AmountByAccount>
    </TransactionItem>
    <TransactionItem>
      <RegistrationDate>2014-04-11T00:00:00</RegistrationDate>
      <TransactionDate>2014-04-10T00:00:00</TransactionDate>
      <TransactionCode>9999-0I/3073404</TransactionCode>
      <Description>Перевод средств - VIRTUAL FOR INTERNET BANKIN - MINSK</Description>
      <Currency>BYR</Currency>
      <AmountByCurrency>-7193032.00</AmountByCurrency>
      <AmountByAccount>-7193032.00</AmountByAccount>
    </TransactionItem>
    <TransactionItem>
      <RegistrationDate>2014-05-01T00:00:00</RegistrationDate>
      <TransactionDate>2014-04-29T00:00:00</TransactionDate>
      <TransactionCode>9999A92/7528908</TransactionCode>
      <Description>Перевод средств - VIRTUAL FOR INTERNET BANKIN - MINSK</Description>
      <Currency>BYR</Currency>
      <AmountByCurrency>-804003.00</AmountByCurrency>
      <AmountByAccount>-804003.00</AmountByAccount>
    </TransactionItem>
  </TransactionItems>
</MontlyReport>