<?xml version="1.0"?>
<MontlyReport xmlns:xsi="http://www.w3.org/2001/XMLSchema-instance" xmlns:xsd="http://www.w3.org/2001/XMLSchema">
  <UserInfo>АЛЕКСАНДР ВАЛЕРЬЕВИЧ КОРЗУН СЛОБОДСКАЯ, д.65, кв.27, Минск, Belarus,</UserInfo>
  <BancInfo>БЕЛИНВЕСТБАНК ГОПЕРу пр.Машерова, 29 Минск 220002</BancInfo>
  <ReportInfo>EC/MC Выписка по картам 1399391-2013/0701</ReportInfo>
  <PeriodInfo>Расчетный цикл 04-06-2013по01-07-2013</PeriodInfo>
  <CreationInfo>Сформировано 02-07-2013 09:59:15</CreationInfo>
  <AccountNumber>739001BYR0000746644</AccountNumber>
  <AccountCurrency>BYR</AccountCurrency>
  <ImmutableBalance>0.00</ImmutableBalance>
  <MinBalance>0.00</MinBalance>
  <AvailibleCredit>0.00</AvailibleCredit>
  <PrevBalance>6.00</PrevBalance>
  <TransactionItems>
    <TransactionItem>
      <RegistrationDate>2013-06-10T00:00:00</RegistrationDate>
      <TransactionDate>2013-06-10T00:00:00</TransactionDate>
      <TransactionCode>3179063/49374331</TransactionCode>
      <Description>Зачисление на счет - зачисл. з/п: КОРЗУН АЛЕКСАНДР ВАЛЕРЬЕВИЧ; 3819250000393-&gt;3014775400013-91kBYR-746644 = 5185310,00 BYR</Description>
      <Currency />
      <AmountByCurrency>0</AmountByCurrency>
      <AmountByAccount>5185310.00</AmountByAccount>
    </TransactionItem>
    <TransactionItem>
      <RegistrationDate>2013-06-25T00:00:00</RegistrationDate>
      <TransactionDate>2013-06-25T00:00:00</TransactionDate>
      <TransactionCode>3200203/53787913</TransactionCode>
      <Description>Зачисление на счет - зачисл. з/п: КОРЗУН АЛЕКСАНДР ВАЛЕРЬЕВИЧ; 3819250000393-&gt;3014775400013-91kBYR-746644 = 804000,00 BYR</Description>
      <Currency />
      <AmountByCurrency>0</AmountByCurrency>
      <AmountByAccount>804000.00</AmountByAccount>
    </TransactionItem>
    <TransactionItem>
      <RegistrationDate>2013-06-28T00:00:00</RegistrationDate>
      <TransactionDate>2013-06-28T00:00:00</TransactionDate>
      <TransactionCode>3205101/55093126</TransactionCode>
      <Description>Зачисление на счет - начисл. проц-в: КОРЗУН АЛЕКСАНДР ВАЛЕРЬЕВИЧ; 9041251010024-&gt;3014775400013-91kBYR-746644 = 2,00 BYR</Description>
      <Currency />
      <AmountByCurrency>0</AmountByCurrency>
      <AmountByAccount>2.00</AmountByAccount>
    </TransactionItem>
    <TransactionItem>
      <RegistrationDate>2013-06-11T00:00:00</RegistrationDate>
      <TransactionDate>2013-06-10T00:00:00</TransactionDate>
      <TransactionCode>9999F1S/0869023</TransactionCode>
      <Description>Перевод средств - VIRTUAL FOR INTERNET BANKIN - MINSK</Description>
      <Currency>BYR</Currency>
      <AmountByCurrency>-5185316.00</AmountByCurrency>
      <AmountByAccount>-5185316.00</AmountByAccount>
    </TransactionItem>
    <TransactionItem>
      <RegistrationDate>2013-06-26T00:00:00</RegistrationDate>
      <TransactionDate>2013-06-25T00:00:00</TransactionDate>
      <TransactionCode>9999G68/4150898</TransactionCode>
      <Description>Перевод средств - VIRTUAL FOR INTERNET BANKIN - MINSK</Description>
      <Currency>BYR</Currency>
      <AmountByCurrency>-804000.00</AmountByCurrency>
      <AmountByAccount>-804000.00</AmountByAccount>
    </TransactionItem>
  </TransactionItems>
</MontlyReport>