<?xml version="1.0"?>
<MontlyReport xmlns:xsi="http://www.w3.org/2001/XMLSchema-instance" xmlns:xsd="http://www.w3.org/2001/XMLSchema">
  <UserInfo>АЛЕКСАНДР ВАЛЕРЬЕВИЧ КОРЗУН СЛОБОДСКАЯ, д.65, кв.27, Минск, Belarus,</UserInfo>
  <BancInfo>БЕЛИНВЕСТБАНК ГОПЕРу пр.Машерова, 29 Минск 220002</BancInfo>
  <ReportInfo>EC/MC Выписка по картам 1399391-2014/1001</ReportInfo>
  <PeriodInfo>Расчетный цикл 02-09-2014по01-10-2014</PeriodInfo>
  <CreationInfo>Сформировано 01-10-2014 21:07:50</CreationInfo>
  <AccountNumber>739001BYR0000746644</AccountNumber>
  <AccountCurrency>BYR</AccountCurrency>
  <ImmutableBalance>0.00</ImmutableBalance>
  <MinBalance>0.00</MinBalance>
  <AvailibleCredit>0.00</AvailibleCredit>
  <PrevBalance>0.00</PrevBalance>
  <TransactionItems>
    <TransactionItem>
      <RegistrationDate>2014-09-10T00:00:00</RegistrationDate>
      <TransactionDate>2014-09-10T00:00:00</TransactionDate>
      <TransactionCode>3828443/96165303</TransactionCode>
      <Description>Зачисление на счет - зачисл. з/п: КОРЗУН АЛЕКСАНДР ВАЛЕРЬЕВИЧ; 3819007390487-&gt;3014775400013-91kBYR-746644 = 10109600,00 BYR</Description>
      <Currency />
      <AmountByCurrency>0</AmountByCurrency>
      <AmountByAccount>10109600.00</AmountByAccount>
    </TransactionItem>
    <TransactionItem>
      <RegistrationDate>2014-09-25T00:00:00</RegistrationDate>
      <TransactionDate>2014-09-25T00:00:00</TransactionDate>
      <TransactionCode>3851961/01162462</TransactionCode>
      <Description>Зачисление на счет - зачисл. з/п: КОРЗУН АЛЕКСАНДР ВАЛЕРЬЕВИЧ; 3819007390487-&gt;3014775400013-91kBYR-746644 = 439000,00 BYR</Description>
      <Currency />
      <AmountByCurrency>0</AmountByCurrency>
      <AmountByAccount>439000.00</AmountByAccount>
    </TransactionItem>
    <TransactionItem>
      <RegistrationDate>2014-09-30T00:00:00</RegistrationDate>
      <TransactionDate>2014-09-30T00:00:00</TransactionDate>
      <TransactionCode>3858988/02802610</TransactionCode>
      <Description>Зачисление на счет - начисл. проц-в: КОРЗУН АЛЕКСАНДР ВАЛЕРЬЕВИЧ; 9041251010024-&gt;3014775400013-91kBYR-746644 = 17,00 BYR</Description>
      <Currency />
      <AmountByCurrency>0</AmountByCurrency>
      <AmountByAccount>17.00</AmountByAccount>
    </TransactionItem>
    <TransactionItem>
      <RegistrationDate>2014-09-17T00:00:00</RegistrationDate>
      <TransactionDate>2014-09-16T00:00:00</TransactionDate>
      <TransactionCode>9999O9Y/7136848</TransactionCode>
      <Description>Перевод средств - VIRTUAL FOR INTERNET BANKIN - MINSK</Description>
      <Currency>BYR</Currency>
      <AmountByCurrency>-10109600.00</AmountByCurrency>
      <AmountByAccount>-10109600.00</AmountByAccount>
    </TransactionItem>
    <TransactionItem>
      <RegistrationDate>2014-09-29T00:00:00</RegistrationDate>
      <TransactionDate>2014-09-28T00:00:00</TransactionDate>
      <TransactionCode>9999Q1A/9938084</TransactionCode>
      <Description>Перевод средств - VIRTUAL FOR INTERNET BANKIN - MINSK</Description>
      <Currency>BYR</Currency>
      <AmountByCurrency>-439000.00</AmountByCurrency>
      <AmountByAccount>-439000.00</AmountByAccount>
    </TransactionItem>
  </TransactionItems>
</MontlyReport>