<?xml version="1.0"?>
<MontlyReport xmlns:xsi="http://www.w3.org/2001/XMLSchema-instance" xmlns:xsd="http://www.w3.org/2001/XMLSchema">
  <UserInfo>АЛЕКСАНДР ВАЛЕРЬЕВИЧ КОРЗУН СЛОБОДСКАЯ, д.65, кв.27, Минск, Belarus,</UserInfo>
  <BancInfo>БЕЛИНВЕСТБАНК ГОПЕРу пр.Машерова, 29 Минск 220002</BancInfo>
  <ReportInfo>EC/MC Выписка по картам 1399391-2013/0801</ReportInfo>
  <PeriodInfo>Расчетный цикл 02-07-2013по01-08-2013</PeriodInfo>
  <CreationInfo>Сформировано 02-08-2013 10:35:03</CreationInfo>
  <AccountNumber>739001BYR0000746644</AccountNumber>
  <AccountCurrency>BYR</AccountCurrency>
  <ImmutableBalance>0.00</ImmutableBalance>
  <MinBalance>0.00</MinBalance>
  <AvailibleCredit>0.00</AvailibleCredit>
  <PrevBalance>2.00</PrevBalance>
  <TransactionItems>
    <TransactionItem>
      <RegistrationDate>2013-07-10T00:00:00</RegistrationDate>
      <TransactionDate>2013-07-10T00:00:00</TransactionDate>
      <TransactionCode>3220283/58608845</TransactionCode>
      <Description>Зачисление на счет - зачисл. з/п: КОРЗУН АЛЕКСАНДР ВАЛЕРЬЕВИЧ; 3819250000393-&gt;3014775400013-91kBYR-746644 = 5367280,00 BYR</Description>
      <Currency />
      <AmountByCurrency>0</AmountByCurrency>
      <AmountByAccount>5367280.00</AmountByAccount>
    </TransactionItem>
    <TransactionItem>
      <RegistrationDate>2013-07-10T00:00:00</RegistrationDate>
      <TransactionDate>2013-07-10T00:00:00</TransactionDate>
      <TransactionCode>3220157/58598592</TransactionCode>
      <Description>Зачисление на счет - зачисл. з/п: КОРЗУН АЛЕКСАНДР ВАЛЕРЬЕВИЧ; 3819250000393-&gt;3014775400013-91kBYR-746644 = 1797000,00 BYR</Description>
      <Currency />
      <AmountByCurrency>0</AmountByCurrency>
      <AmountByAccount>1797000.00</AmountByAccount>
    </TransactionItem>
    <TransactionItem>
      <RegistrationDate>2013-07-25T00:00:00</RegistrationDate>
      <TransactionDate>2013-07-25T00:00:00</TransactionDate>
      <TransactionCode>3242526/62868944</TransactionCode>
      <Description>Зачисление на счет - зачисл. з/п: КОРЗУН АЛЕКСАНДР ВАЛЕРЬЕВИЧ; 3819250000393-&gt;3014775400013-91kBYR-746644 = 700000,00 BYR</Description>
      <Currency />
      <AmountByCurrency>0</AmountByCurrency>
      <AmountByAccount>700000.00</AmountByAccount>
    </TransactionItem>
    <TransactionItem>
      <RegistrationDate>2013-07-31T00:00:00</RegistrationDate>
      <TransactionDate>2013-07-31T00:00:00</TransactionDate>
      <TransactionCode>3249170/64725117</TransactionCode>
      <Description>Зачисление на счет - начисл. проц-в: КОРЗУН АЛЕКСАНДР ВАЛЕРЬЕВИЧ; 9041251010024-&gt;3014775400013-91kBYR-746644 = 3,00 BYR</Description>
      <Currency />
      <AmountByCurrency>0</AmountByCurrency>
      <AmountByAccount>3.00</AmountByAccount>
    </TransactionItem>
    <TransactionItem>
      <RegistrationDate>2013-07-11T00:00:00</RegistrationDate>
      <TransactionDate>2013-07-10T00:00:00</TransactionDate>
      <TransactionCode>9999I1M/7028764</TransactionCode>
      <Description>Перевод средств - VIRTUAL FOR INTERNET BANKIN - MINSK</Description>
      <Currency>BYR</Currency>
      <AmountByCurrency>-1797002.00</AmountByCurrency>
      <AmountByAccount>-1797002.00</AmountByAccount>
    </TransactionItem>
    <TransactionItem>
      <RegistrationDate>2013-07-11T00:00:00</RegistrationDate>
      <TransactionDate>2013-07-10T00:00:00</TransactionDate>
      <TransactionCode>9999I1M/7029281</TransactionCode>
      <Description>Перевод средств - VIRTUAL FOR INTERNET BANKIN - MINSK</Description>
      <Currency>BYR</Currency>
      <AmountByCurrency>-5367280.00</AmountByCurrency>
      <AmountByAccount>-5367280.00</AmountByAccount>
    </TransactionItem>
  </TransactionItems>
</MontlyReport>