<?xml version="1.0"?>
<MontlyReport xmlns:xsi="http://www.w3.org/2001/XMLSchema-instance" xmlns:xsd="http://www.w3.org/2001/XMLSchema">
  <UserInfo>АЛЕКСАНДР ВАЛЕРЬЕВИЧ КОРЗУН УЛ. СЛОБОДСКАЯ Д.65 КВ.27, Г. МИНСК, Belarus, 220051</UserInfo>
  <BancInfo>BELARUSBANK Head Office  </BancInfo>
  <ReportInfo>ECMC Выписка по счету клиента No. 4826182-2012/0430</ReportInfo>
  <PeriodInfo>Расчетный цикл 31-03-2012по30-04-2012</PeriodInfo>
  <CreationInfo>Сформировано 02-05-2012 08:38:16</CreationInfo>
  <AccountNumber>001458000681</AccountNumber>
  <AccountCurrency>BYR</AccountCurrency>
  <ImmutableBalance>0.00</ImmutableBalance>
  <MinBalance>0.00</MinBalance>
  <AvailibleCredit>0.00</AvailibleCredit>
  <PrevBalance>776460.00</PrevBalance>
  <TransactionItems>
    <TransactionItem>
      <RegistrationDate>2012-04-02T00:00:00</RegistrationDate>
      <TransactionDate>2012-03-30T00:00:00</TransactionDate>
      <TransactionCode>362727/75281</TransactionCode>
      <Description>Платежи в счет</Description>
      <Currency />
      <AmountByCurrency>0</AmountByCurrency>
      <AmountByAccount>360.00</AmountByAccount>
    </TransactionItem>
    <TransactionItem>
      <RegistrationDate>2012-04-02T00:00:00</RegistrationDate>
      <TransactionDate>2012-03-30T00:00:00</TransactionDate>
      <TransactionCode>1028900/4264081</TransactionCode>
      <Description>Покупка - SHOP "SOSEDI"-2 - MINSK</Description>
      <Currency>BYR</Currency>
      <AmountByCurrency>-34300.00</AmountByCurrency>
      <AmountByAccount>-34300.00</AmountByAccount>
    </TransactionItem>
    <TransactionItem>
      <RegistrationDate>2012-04-03T00:00:00</RegistrationDate>
      <TransactionDate>2012-03-31T00:00:00</TransactionDate>
      <TransactionCode>464691S/6117183</TransactionCode>
      <Description>Покупка - PT SHOP #1 "DOM MEBELI - MINSK</Description>
      <Currency>BYR</Currency>
      <AmountByCurrency>-617940.00</AmountByCurrency>
      <AmountByAccount>-617940.00</AmountByAccount>
    </TransactionItem>
  </TransactionItems>
</MontlyReport>