<?xml version="1.0"?>
<MontlyReport xmlns:xsi="http://www.w3.org/2001/XMLSchema-instance" xmlns:xsd="http://www.w3.org/2001/XMLSchema">
  <UserInfo>АЛЕКСАНДР ВАЛЕРЬЕВИЧ КОРЗУН СЛОБОДСКАЯ, д.65, кв.27, Минск, Belarus,</UserInfo>
  <BancInfo>БЕЛИНВЕСТБАНК ГОПЕРу пр.Машерова, 29 Минск 220002</BancInfo>
  <ReportInfo>VISA Выписка по картам 1570384-2013/0402</ReportInfo>
  <PeriodInfo>Расчетный цикл 02-03-2013по02-04-2013</PeriodInfo>
  <CreationInfo>Сформировано 04-04-2013 09:51:18</CreationInfo>
  <AccountNumber>739001BYR00009AFD63</AccountNumber>
  <AccountCurrency>BYR</AccountCurrency>
  <ImmutableBalance>500000.00</ImmutableBalance>
  <MinBalance>0.00</MinBalance>
  <AvailibleCredit>0.00</AvailibleCredit>
  <PrevBalance>7088600.00</PrevBalance>
  <TransactionItems>
    <TransactionItem>
      <RegistrationDate>2013-03-29T00:00:00</RegistrationDate>
      <TransactionDate>2013-03-29T00:00:00</TransactionDate>
      <TransactionCode>3086187/27829961</TransactionCode>
      <Description>Зачисление на счет - начисл. проц-в: КОРЗУН АЛЕКСАНДР ВАЛЕРЬЕВИЧ; 9041251010024-&gt;3014775400013-91kBYR-9AFD63 = 238342,00 BYR</Description>
      <Currency />
      <AmountByCurrency>0</AmountByCurrency>
      <AmountByAccount>238342.00</AmountByAccount>
    </TransactionItem>
    <TransactionItem>
      <RegistrationDate>2013-03-11T00:00:00</RegistrationDate>
      <TransactionDate>2013-03-08T00:00:00</TransactionDate>
      <TransactionCode>1440427/2903610</TransactionCode>
      <Description>Выдача наличных - "MAKSIMUS" BR.519 ATM - MINSK</Description>
      <Currency>BYR</Currency>
      <AmountByCurrency>-150000.00</AmountByCurrency>
      <AmountByAccount>-150000.00</AmountByAccount>
    </TransactionItem>
    <TransactionItem>
      <RegistrationDate>2013-03-11T00:00:00</RegistrationDate>
      <TransactionDate>2013-03-09T00:00:00</TransactionDate>
      <TransactionCode>999968H/3812617</TransactionCode>
      <Description>Оплата товаров и услуг - VIRTUAL FOR INTERNET BANKIN - MINSK</Description>
      <Currency>BYR</Currency>
      <AmountByCurrency>-50000.00</AmountByCurrency>
      <AmountByAccount>-50000.00</AmountByAccount>
    </TransactionItem>
    <TransactionItem>
      <RegistrationDate>2013-03-11T00:00:00</RegistrationDate>
      <TransactionDate>2013-03-07T00:00:00</TransactionDate>
      <TransactionCode>9999662/3110763</TransactionCode>
      <Description>Зачисление перевода / Возврат покупки - VIRTUAL FOR INTERNET BANKIN - MINSK</Description>
      <Currency>BYR</Currency>
      <AmountByCurrency>3900000.00</AmountByCurrency>
      <AmountByAccount>3900000.00</AmountByAccount>
    </TransactionItem>
    <TransactionItem>
      <RegistrationDate>2013-03-11T00:00:00</RegistrationDate>
      <TransactionDate>2013-03-08T00:00:00</TransactionDate>
      <TransactionCode>1026670/2761482</TransactionCode>
      <Description>Оплата товаров и услуг - SHOP "SOSEDI"-2 - MINSK</Description>
      <Currency>BYR</Currency>
      <AmountByCurrency>-95300.00</AmountByCurrency>
      <AmountByAccount>-95300.00</AmountByAccount>
    </TransactionItem>
    <TransactionItem>
      <RegistrationDate>2013-03-15T00:00:00</RegistrationDate>
      <TransactionDate>2013-03-14T00:00:00</TransactionDate>
      <TransactionCode>999973M/5672694</TransactionCode>
      <Description>Оплата товаров и услуг - VIRTUAL FOR INTERNET BANKIN - MINSK</Description>
      <Currency>BYR</Currency>
      <AmountByCurrency>-10000.00</AmountByCurrency>
      <AmountByAccount>-10000.00</AmountByAccount>
    </TransactionItem>
    <TransactionItem>
      <RegistrationDate>2013-03-18T00:00:00</RegistrationDate>
      <TransactionDate>2013-03-14T00:00:00</TransactionDate>
      <TransactionCode>1130318/3093</TransactionCode>
      <Description>Оплата товаров и услуг - SALODKI FALVARAK CAFE - MINSK</Description>
      <Currency>BYR</Currency>
      <AmountByCurrency>-115500.00</AmountByCurrency>
      <AmountByAccount>-115500.00</AmountByAccount>
    </TransactionItem>
    <TransactionItem>
      <RegistrationDate>2013-03-26T00:00:00</RegistrationDate>
      <TransactionDate>2013-03-25T00:00:00</TransactionDate>
      <TransactionCode>999984J/1369089</TransactionCode>
      <Description>Зачисление перевода / Возврат покупки - VIRTUAL FOR INTERNET BANKIN - MINSK</Description>
      <Currency>BYR</Currency>
      <AmountByCurrency>800000.00</AmountByCurrency>
      <AmountByAccount>800000.00</AmountByAccount>
    </TransactionItem>
    <TransactionItem>
      <RegistrationDate>2013-04-01T00:00:00</RegistrationDate>
      <TransactionDate>2013-03-30T00:00:00</TransactionDate>
      <TransactionCode>109389I/3570364</TransactionCode>
      <Description>Оплата товаров и услуг - PT SHOP "METR" - MINSK</Description>
      <Currency>BYR</Currency>
      <AmountByCurrency>-55850.00</AmountByCurrency>
      <AmountByAccount>-55850.00</AmountByAccount>
    </TransactionItem>
  </TransactionItems>
</MontlyReport>