<?xml version="1.0"?>
<MontlyReport xmlns:xsi="http://www.w3.org/2001/XMLSchema-instance" xmlns:xsd="http://www.w3.org/2001/XMLSchema">
  <UserInfo>АЛЕКСАНДР ВАЛЕРЬЕВИЧ КОРЗУН СЛОБОДСКАЯ, д.65, кв.27, Минск, Belarus,</UserInfo>
  <BancInfo>БЕЛИНВЕСТБАНК ГОПЕРу пр.Машерова, 29 Минск 220002</BancInfo>
  <ReportInfo>EC/MC Выписка по картам 1570384-2014/0203</ReportInfo>
  <PeriodInfo>Расчетный цикл 04-01-2014по03-02-2014</PeriodInfo>
  <CreationInfo>Сформировано 03-02-2014 08:42:45</CreationInfo>
  <AccountNumber>739001BYR00009AFD63</AccountNumber>
  <AccountCurrency>BYR</AccountCurrency>
  <ImmutableBalance>500000.00</ImmutableBalance>
  <MinBalance>0.00</MinBalance>
  <AvailibleCredit>0.00</AvailibleCredit>
  <PrevBalance>20817036.00</PrevBalance>
  <TransactionItems>
    <TransactionItem>
      <RegistrationDate>2014-01-31T00:00:00</RegistrationDate>
      <TransactionDate>2014-01-31T00:00:00</TransactionDate>
      <TransactionCode>3507159/21417084</TransactionCode>
      <Description>Зачисление на счет - начисл. проц-в: КОРЗУН АЛЕКСАНДР ВАЛЕРЬЕВИЧ; 9041251010024-&gt;3014775400013-91kBYR-9AFD63 = 804067,00 BYR</Description>
      <Currency />
      <AmountByCurrency>0</AmountByCurrency>
      <AmountByAccount>804067.00</AmountByAccount>
    </TransactionItem>
    <TransactionItem>
      <RegistrationDate>2014-01-10T00:00:00</RegistrationDate>
      <TransactionDate>2014-01-09T00:00:00</TransactionDate>
      <TransactionCode>9061081/3625874</TransactionCode>
      <Description>Выдача наличных - ATM GOPERY BIB - MINSK</Description>
      <Currency>BYR</Currency>
      <AmountByCurrency>-100000.00</AmountByCurrency>
      <AmountByAccount>-100000.00</AmountByAccount>
    </TransactionItem>
    <TransactionItem>
      <RegistrationDate>2014-01-11T00:00:00</RegistrationDate>
      <TransactionDate>2014-01-10T00:00:00</TransactionDate>
      <TransactionCode>9999100/3908657</TransactionCode>
      <Description>Зачисление перевода / Возврат покупки - VIRTUAL FOR INTERNET BANKIN - MINSK</Description>
      <Currency>BYR</Currency>
      <AmountByCurrency>3900786.00</AmountByCurrency>
      <AmountByAccount>3900786.00</AmountByAccount>
    </TransactionItem>
    <TransactionItem>
      <RegistrationDate>2014-01-13T00:00:00</RegistrationDate>
      <TransactionDate>2014-01-11T00:00:00</TransactionDate>
      <TransactionCode>9999119/4111887</TransactionCode>
      <Description>Оплата товаров и услуг - VIRTUAL FOR INTERNET BANKIN - MINSK</Description>
      <Currency>BYR</Currency>
      <AmountByCurrency>-100000.00</AmountByCurrency>
      <AmountByAccount>-100000.00</AmountByAccount>
    </TransactionItem>
    <TransactionItem>
      <RegistrationDate>2014-01-15T00:00:00</RegistrationDate>
      <TransactionDate>2014-01-14T00:00:00</TransactionDate>
      <TransactionCode>1308140/2326665</TransactionCode>
      <Description>Оплата товаров и услуг - SHOP N 11 "GUM" - MINSK</Description>
      <Currency>BYR</Currency>
      <AmountByCurrency>-25300.00</AmountByCurrency>
      <AmountByAccount>-25300.00</AmountByAccount>
    </TransactionItem>
    <TransactionItem>
      <RegistrationDate>2014-01-16T00:00:00</RegistrationDate>
      <TransactionDate>2014-01-15T00:00:00</TransactionDate>
      <TransactionCode>999915C/5037858</TransactionCode>
      <Description>Оплата товаров и услуг - VIRTUAL FOR INTERNET BANKIN - MINSK</Description>
      <Currency>BYR</Currency>
      <AmountByCurrency>-20000.00</AmountByCurrency>
      <AmountByAccount>-20000.00</AmountByAccount>
    </TransactionItem>
    <TransactionItem>
      <RegistrationDate>2014-01-16T00:00:00</RegistrationDate>
      <TransactionDate>2014-01-15T00:00:00</TransactionDate>
      <TransactionCode>9061150/4969288</TransactionCode>
      <Description>Выдача наличных - ATM GOPERY BIB - MINSK</Description>
      <Currency>BYR</Currency>
      <AmountByCurrency>-100000.00</AmountByCurrency>
      <AmountByAccount>-100000.00</AmountByAccount>
    </TransactionItem>
    <TransactionItem>
      <RegistrationDate>2014-01-17T00:00:00</RegistrationDate>
      <TransactionDate>2014-01-15T00:00:00</TransactionDate>
      <TransactionCode>1140117/6706</TransactionCode>
      <Description>Оплата товаров и услуг - HYPERMARKET - MINSK</Description>
      <Currency>BYR</Currency>
      <AmountByCurrency>-627250.00</AmountByCurrency>
      <AmountByAccount>-627250.00</AmountByAccount>
    </TransactionItem>
    <TransactionItem>
      <RegistrationDate>2014-01-20T00:00:00</RegistrationDate>
      <TransactionDate>2014-01-19T00:00:00</TransactionDate>
      <TransactionCode>9061190/5852312</TransactionCode>
      <Description>Выдача наличных - ATM GOPERY BIB - MINSK</Description>
      <Currency>BYR</Currency>
      <AmountByCurrency>-100000.00</AmountByCurrency>
      <AmountByAccount>-100000.00</AmountByAccount>
    </TransactionItem>
    <TransactionItem>
      <RegistrationDate>2014-01-21T00:00:00</RegistrationDate>
      <TransactionDate>2014-01-19T00:00:00</TransactionDate>
      <TransactionCode>1140121/13047</TransactionCode>
      <Description>Оплата товаров и услуг - HYPERMARKET - MINSK</Description>
      <Currency>BYR</Currency>
      <AmountByCurrency>-140000.00</AmountByCurrency>
      <AmountByAccount>-140000.00</AmountByAccount>
    </TransactionItem>
    <TransactionItem>
      <RegistrationDate>2014-01-23T00:00:00</RegistrationDate>
      <TransactionDate>2014-01-22T00:00:00</TransactionDate>
      <TransactionCode>9061220/6510783</TransactionCode>
      <Description>Выдача наличных - ATM GOPERY BIB - MINSK</Description>
      <Currency>BYR</Currency>
      <AmountByCurrency>-200000.00</AmountByCurrency>
      <AmountByAccount>-200000.00</AmountByAccount>
    </TransactionItem>
    <TransactionItem>
      <RegistrationDate>2014-01-23T00:00:00</RegistrationDate>
      <TransactionDate>2014-01-22T00:00:00</TransactionDate>
      <TransactionCode>9061220/6510782</TransactionCode>
      <Description>Выдача наличных - ATM GOPERY BIB - MINSK</Description>
      <Currency>BYR</Currency>
      <AmountByCurrency>-2000000.00</AmountByCurrency>
      <AmountByAccount>-2000000.00</AmountByAccount>
    </TransactionItem>
    <TransactionItem>
      <RegistrationDate>2014-01-27T00:00:00</RegistrationDate>
      <TransactionDate>2014-01-25T00:00:00</TransactionDate>
      <TransactionCode>999925M/7154127</TransactionCode>
      <Description>Оплата товаров и услуг - VIRTUAL FOR INTERNET BANKIN - MINSK</Description>
      <Currency>BYR</Currency>
      <AmountByCurrency>-333760.00</AmountByCurrency>
      <AmountByAccount>-333760.00</AmountByAccount>
    </TransactionItem>
    <TransactionItem>
      <RegistrationDate>2014-01-27T00:00:00</RegistrationDate>
      <TransactionDate>2014-01-25T00:00:00</TransactionDate>
      <TransactionCode>999925M/7158542</TransactionCode>
      <Description>Оплата товаров и услуг - VIRTUAL FOR INTERNET BANKIN - MINSK</Description>
      <Currency>BYR</Currency>
      <AmountByCurrency>-25000.00</AmountByCurrency>
      <AmountByAccount>-25000.00</AmountByAccount>
    </TransactionItem>
    <TransactionItem>
      <RegistrationDate>2014-01-27T00:00:00</RegistrationDate>
      <TransactionDate>2014-01-26T00:00:00</TransactionDate>
      <TransactionCode>9087260/7426761</TransactionCode>
      <Description>Выдача наличных - ATM N87 MALINOVKA BIB - MINSK</Description>
      <Currency>BYR</Currency>
      <AmountByCurrency>-1800000.00</AmountByCurrency>
      <AmountByAccount>-1800000.00</AmountByAccount>
    </TransactionItem>
    <TransactionItem>
      <RegistrationDate>2014-01-27T00:00:00</RegistrationDate>
      <TransactionDate>2014-01-25T00:00:00</TransactionDate>
      <TransactionCode>999925F/7270693</TransactionCode>
      <Description>Зачисление перевода / Возврат покупки - VIRTUAL FOR INTERNET BANKIN - MINSK</Description>
      <Currency>BYR</Currency>
      <AmountByCurrency>689000.00</AmountByCurrency>
      <AmountByAccount>689000.00</AmountByAccount>
    </TransactionItem>
    <TransactionItem>
      <RegistrationDate>2014-01-27T00:00:00</RegistrationDate>
      <TransactionDate>2014-01-26T00:00:00</TransactionDate>
      <TransactionCode>9087260/7426729</TransactionCode>
      <Description>Выдача наличных - ATM N87 MALINOVKA BIB - MINSK</Description>
      <Currency>BYR</Currency>
      <AmountByCurrency>-2000000.00</AmountByCurrency>
      <AmountByAccount>-2000000.00</AmountByAccount>
    </TransactionItem>
    <TransactionItem>
      <RegistrationDate>2014-01-27T00:00:00</RegistrationDate>
      <TransactionDate>2014-01-25T00:00:00</TransactionDate>
      <TransactionCode>999925M/7154198</TransactionCode>
      <Description>Оплата товаров и услуг - VIRTUAL FOR INTERNET BANKIN - MINSK</Description>
      <Currency>BYR</Currency>
      <AmountByCurrency>-139217.00</AmountByCurrency>
      <AmountByAccount>-139217.00</AmountByAccount>
    </TransactionItem>
    <TransactionItem>
      <RegistrationDate>2014-01-27T00:00:00</RegistrationDate>
      <TransactionDate>2014-01-25T00:00:00</TransactionDate>
      <TransactionCode>999925M/7154148</TransactionCode>
      <Description>Оплата товаров и услуг - VIRTUAL FOR INTERNET BANKIN - MINSK</Description>
      <Currency>BYR</Currency>
      <AmountByCurrency>-9700.00</AmountByCurrency>
      <AmountByAccount>-9700.00</AmountByAccount>
    </TransactionItem>
    <TransactionItem>
      <RegistrationDate>2014-01-31T00:00:00</RegistrationDate>
      <TransactionDate>2014-01-30T00:00:00</TransactionDate>
      <TransactionCode>9061300/8096711</TransactionCode>
      <Description>Выдача наличных - ATM GOPERY BIB - MINSK</Description>
      <Currency>BYR</Currency>
      <AmountByCurrency>-200000.00</AmountByCurrency>
      <AmountByAccount>-200000.00</AmountByAccount>
    </TransactionItem>
  </TransactionItems>
</MontlyReport>