<?xml version="1.0"?>
<MontlyReport xmlns:xsi="http://www.w3.org/2001/XMLSchema-instance" xmlns:xsd="http://www.w3.org/2001/XMLSchema">
  <UserInfo>АЛЕКСАНДР ВАЛЕРЬЕВИЧ КОРЗУН СЛОБОДСКАЯ, д.65, кв.27, Минск, Belarus,</UserInfo>
  <BancInfo>БЕЛИНВЕСТБАНК ГОПЕРу пр.Машерова, 29 Минск 220002</BancInfo>
  <ReportInfo>EC/MC Выписка по картам 1570384-2014/0103</ReportInfo>
  <PeriodInfo>Расчетный цикл 03-12-2013по03-01-2014</PeriodInfo>
  <CreationInfo>Сформировано 04-01-2014 09:14:54</CreationInfo>
  <AccountNumber>739001BYR00009AFD63</AccountNumber>
  <AccountCurrency>BYR</AccountCurrency>
  <ImmutableBalance>500000.00</ImmutableBalance>
  <MinBalance>0.00</MinBalance>
  <AvailibleCredit>0.00</AvailibleCredit>
  <PrevBalance>9659912.00</PrevBalance>
  <TransactionItems>
    <TransactionItem>
      <RegistrationDate>2013-12-31T00:00:00</RegistrationDate>
      <TransactionDate>2013-12-31T00:00:00</TransactionDate>
      <TransactionCode>3467940/12742982</TransactionCode>
      <Description>Зачисление на счет - начисл. проц-в: КОРЗУН АЛЕКСАНДР ВАЛЕРЬЕВИЧ; 9041251010024-&gt;3014775400013-91kBYR-9AFD63 = 25768,00 BYR</Description>
      <Currency />
      <AmountByCurrency>0</AmountByCurrency>
      <AmountByAccount>25768.00</AmountByAccount>
    </TransactionItem>
    <TransactionItem>
      <RegistrationDate>2013-12-31T00:00:00</RegistrationDate>
      <TransactionDate>2013-12-31T00:00:00</TransactionDate>
      <TransactionCode>3465677/11685851</TransactionCode>
      <Description>Зачисление на счет - начисл. проц-в: КОРЗУН АЛЕКСАНДР ВАЛЕРЬЕВИЧ; 9041251010024-&gt;3014775400013-91kBYR-9AFD63 = 423222,00 BYR</Description>
      <Currency />
      <AmountByCurrency>0</AmountByCurrency>
      <AmountByAccount>423222.00</AmountByAccount>
    </TransactionItem>
    <TransactionItem>
      <RegistrationDate>2013-12-09T00:00:00</RegistrationDate>
      <TransactionDate>2013-12-06T00:00:00</TransactionDate>
      <TransactionCode>9999X09/6456291</TransactionCode>
      <Description>Оплата товаров и услуг - VIRTUAL FOR INTERNET BANKIN - MINSK</Description>
      <Currency>BYR</Currency>
      <AmountByCurrency>-45000.00</AmountByCurrency>
      <AmountByAccount>-45000.00</AmountByAccount>
    </TransactionItem>
    <TransactionItem>
      <RegistrationDate>2013-12-10T00:00:00</RegistrationDate>
      <TransactionDate>2013-12-09T00:00:00</TransactionDate>
      <TransactionCode>7751X3K/7048952</TransactionCode>
      <Description>Оплата товаров и услуг - PT SHOP RUBLEVSKIJ-144 - MINSK</Description>
      <Currency>BYR</Currency>
      <AmountByCurrency>-90100.00</AmountByCurrency>
      <AmountByAccount>-90100.00</AmountByAccount>
    </TransactionItem>
    <TransactionItem>
      <RegistrationDate>2013-12-19T00:00:00</RegistrationDate>
      <TransactionDate>2013-12-18T00:00:00</TransactionDate>
      <TransactionCode>9999Y2K/9044010</TransactionCode>
      <Description>Оплата товаров и услуг - VIRTUAL FOR INTERNET BANKIN - MINSK</Description>
      <Currency>BYR</Currency>
      <AmountByCurrency>-10000.00</AmountByCurrency>
      <AmountByAccount>-10000.00</AmountByAccount>
    </TransactionItem>
    <TransactionItem>
      <RegistrationDate>2013-12-23T00:00:00</RegistrationDate>
      <TransactionDate>2013-12-22T00:00:00</TransactionDate>
      <TransactionCode>9999Y6O/0049135</TransactionCode>
      <Description>Оплата товаров и услуг - VIRTUAL FOR INTERNET BANKIN - MINSK</Description>
      <Currency>BYR</Currency>
      <AmountByCurrency>-30000.00</AmountByCurrency>
      <AmountByAccount>-30000.00</AmountByAccount>
    </TransactionItem>
    <TransactionItem>
      <RegistrationDate>2013-12-23T00:00:00</RegistrationDate>
      <TransactionDate>2013-12-20T00:00:00</TransactionDate>
      <TransactionCode>9061Y40/9637283</TransactionCode>
      <Description>Выдача наличных - ATM GOPERY BIB - MINSK</Description>
      <Currency>BYR</Currency>
      <AmountByCurrency>-100000.00</AmountByCurrency>
      <AmountByAccount>-100000.00</AmountByAccount>
    </TransactionItem>
    <TransactionItem>
      <RegistrationDate>2013-12-26T00:00:00</RegistrationDate>
      <TransactionDate>2013-12-24T00:00:00</TransactionDate>
      <TransactionCode>9999Y8Q/0669814</TransactionCode>
      <Description>Оплата товаров и услуг - VIRTUAL FOR INTERNET BANKIN - MINSK</Description>
      <Currency>BYR</Currency>
      <AmountByCurrency>-139217.00</AmountByCurrency>
      <AmountByAccount>-139217.00</AmountByAccount>
    </TransactionItem>
    <TransactionItem>
      <RegistrationDate>2013-12-26T00:00:00</RegistrationDate>
      <TransactionDate>2013-12-24T00:00:00</TransactionDate>
      <TransactionCode>9999Y8Q/0669851</TransactionCode>
      <Description>Оплата товаров и услуг - VIRTUAL FOR INTERNET BANKIN - MINSK</Description>
      <Currency>BYR</Currency>
      <AmountByCurrency>-47400.00</AmountByCurrency>
      <AmountByAccount>-47400.00</AmountByAccount>
    </TransactionItem>
    <TransactionItem>
      <RegistrationDate>2013-12-26T00:00:00</RegistrationDate>
      <TransactionDate>2013-12-24T00:00:00</TransactionDate>
      <TransactionCode>9999Y8Q/0669770</TransactionCode>
      <Description>Оплата товаров и услуг - VIRTUAL FOR INTERNET BANKIN - MINSK</Description>
      <Currency>BYR</Currency>
      <AmountByCurrency>-304552.00</AmountByCurrency>
      <AmountByAccount>-304552.00</AmountByAccount>
    </TransactionItem>
    <TransactionItem>
      <RegistrationDate>2013-12-26T00:00:00</RegistrationDate>
      <TransactionDate>2013-12-24T00:00:00</TransactionDate>
      <TransactionCode>9999Y8I/0456321</TransactionCode>
      <Description>Зачисление перевода / Возврат покупки - VIRTUAL FOR INTERNET BANKIN - MINSK</Description>
      <Currency>BYR</Currency>
      <AmountByCurrency>11697903.00</AmountByCurrency>
      <AmountByAccount>11697903.00</AmountByAccount>
    </TransactionItem>
    <TransactionItem>
      <RegistrationDate>2013-12-26T00:00:00</RegistrationDate>
      <TransactionDate>2013-12-25T00:00:00</TransactionDate>
      <TransactionCode>9999Y9R/0806561</TransactionCode>
      <Description>Оплата товаров и услуг - VIRTUAL FOR INTERNET BANKIN - MINSK</Description>
      <Currency>BYR</Currency>
      <AmountByCurrency>-6700.00</AmountByCurrency>
      <AmountByAccount>-6700.00</AmountByAccount>
    </TransactionItem>
    <TransactionItem>
      <RegistrationDate>2013-12-30T00:00:00</RegistrationDate>
      <TransactionDate>2013-12-27T00:00:00</TransactionDate>
      <TransactionCode>0121249/4441637</TransactionCode>
      <Description>Оплата товаров и услуг - UNIVERSAM "RODNY KUT" - MINSK</Description>
      <Currency>BYR</Currency>
      <AmountByCurrency>-7350.00</AmountByCurrency>
      <AmountByAccount>-7350.00</AmountByAccount>
    </TransactionItem>
    <TransactionItem>
      <RegistrationDate>2013-12-30T00:00:00</RegistrationDate>
      <TransactionDate>2013-12-27T00:00:00</TransactionDate>
      <TransactionCode>9061Z11/1338900</TransactionCode>
      <Description>Выдача наличных - ATM GOPERY BIB - MINSK</Description>
      <Currency>BYR</Currency>
      <AmountByCurrency>-100000.00</AmountByCurrency>
      <AmountByAccount>-100000.00</AmountByAccount>
    </TransactionItem>
    <TransactionItem>
      <RegistrationDate>2014-01-03T00:00:00</RegistrationDate>
      <TransactionDate>2013-12-30T00:00:00</TransactionDate>
      <TransactionCode>1140103/10172</TransactionCode>
      <Description>Оплата товаров и услуг - HYPERMARKET - MINSK</Description>
      <Currency>BYR</Currency>
      <AmountByCurrency>-109450.00</AmountByCurrency>
      <AmountByAccount>-109450.00</AmountByAccount>
    </TransactionItem>
  </TransactionItems>
</MontlyReport>