<?xml version="1.0"?>
<MontlyReport xmlns:xsi="http://www.w3.org/2001/XMLSchema-instance" xmlns:xsd="http://www.w3.org/2001/XMLSchema">
  <UserInfo>АЛЕКСАНДР ВАЛЕРЬЕВИЧ КОРЗУН СЛОБОДСКАЯ, д.65, кв.27, Минск, Belarus,</UserInfo>
  <BancInfo>БЕЛИНВЕСТБАНК ГОПЕРу пр.Машерова, 29 Минск 220002</BancInfo>
  <ReportInfo>EC/MC Выписка по картам 1570384-2014/0602</ReportInfo>
  <PeriodInfo>Расчетный цикл 02-05-2014по02-06-2014</PeriodInfo>
  <CreationInfo>Сформировано 03-06-2014 09:44:12</CreationInfo>
  <AccountNumber>739001BYR00009AFD63</AccountNumber>
  <AccountCurrency>BYR</AccountCurrency>
  <ImmutableBalance>500000.00</ImmutableBalance>
  <MinBalance>0.00</MinBalance>
  <AvailibleCredit>0.00</AvailibleCredit>
  <PrevBalance>33873876.00</PrevBalance>
  <TransactionItems>
    <TransactionItem>
      <RegistrationDate>2014-05-30T00:00:00</RegistrationDate>
      <TransactionDate>2014-05-30T00:00:00</TransactionDate>
      <TransactionCode>3675951/61676821</TransactionCode>
      <Description>Зачисление на счет - начисл. проц-в: КОРЗУН АЛЕКСАНДР ВАЛЕРЬЕВИЧ; 9041251010024-&gt;3014775400013-91kBYR-9AFD63 = 1091190,00 BYR</Description>
      <Currency />
      <AmountByCurrency>0</AmountByCurrency>
      <AmountByAccount>1091190.00</AmountByAccount>
    </TransactionItem>
    <TransactionItem>
      <RegistrationDate>2014-05-02T00:00:00</RegistrationDate>
      <TransactionDate>2014-05-01T00:00:00</TransactionDate>
      <TransactionCode>9999B1A/7935193</TransactionCode>
      <Description>Оплата товаров и услуг - VIRTUAL FOR INTERNET BANKIN - MINSK</Description>
      <Currency>BYR</Currency>
      <AmountByCurrency>-100000.00</AmountByCurrency>
      <AmountByAccount>-100000.00</AmountByAccount>
    </TransactionItem>
    <TransactionItem>
      <RegistrationDate>2014-05-03T00:00:00</RegistrationDate>
      <TransactionDate>2014-05-02T00:00:00</TransactionDate>
      <TransactionCode>8579B20/6401242</TransactionCode>
      <Description>Оплата товаров и услуг - SHOP "EVROOPT" - MINSK</Description>
      <Currency>BYR</Currency>
      <AmountByCurrency>-25900.00</AmountByCurrency>
      <AmountByAccount>-25900.00</AmountByAccount>
    </TransactionItem>
    <TransactionItem>
      <RegistrationDate>2014-05-06T00:00:00</RegistrationDate>
      <TransactionDate>2014-05-04T00:00:00</TransactionDate>
      <TransactionCode>1140506/7265</TransactionCode>
      <Description>Оплата товаров и услуг - GIPPO TRADE CENTRE - MINSK</Description>
      <Currency>BYR</Currency>
      <AmountByCurrency>-271100.00</AmountByCurrency>
      <AmountByAccount>-271100.00</AmountByAccount>
    </TransactionItem>
    <TransactionItem>
      <RegistrationDate>2014-05-06T00:00:00</RegistrationDate>
      <TransactionDate>2014-05-04T00:00:00</TransactionDate>
      <TransactionCode>1140506/7079</TransactionCode>
      <Description>Оплата товаров и услуг - HYPERMARKET - MINSK</Description>
      <Currency>BYR</Currency>
      <AmountByCurrency>-58400.00</AmountByCurrency>
      <AmountByAccount>-58400.00</AmountByAccount>
    </TransactionItem>
    <TransactionItem>
      <RegistrationDate>2014-05-11T00:00:00</RegistrationDate>
      <TransactionDate>2014-05-08T00:00:00</TransactionDate>
      <TransactionCode>9999B8A/9326814</TransactionCode>
      <Description>Зачисление перевода / Возврат покупки - VIRTUAL FOR INTERNET BANKIN - MINSK</Description>
      <Currency>BYR</Currency>
      <AmountByCurrency>8628050.00</AmountByCurrency>
      <AmountByAccount>8628050.00</AmountByAccount>
    </TransactionItem>
    <TransactionItem>
      <RegistrationDate>2014-05-11T00:00:00</RegistrationDate>
      <TransactionDate>2014-05-08T00:00:00</TransactionDate>
      <TransactionCode>9061B80/9168336</TransactionCode>
      <Description>Выдача наличных - ATM GOPERY BIB - MINSK</Description>
      <Currency>BYR</Currency>
      <AmountByCurrency>-100000.00</AmountByCurrency>
      <AmountByAccount>-100000.00</AmountByAccount>
    </TransactionItem>
    <TransactionItem>
      <RegistrationDate>2014-05-12T00:00:00</RegistrationDate>
      <TransactionDate>2014-05-11T00:00:00</TransactionDate>
      <TransactionCode>4057910/2510354</TransactionCode>
      <Description>Выдача наличных - "MAKSIMUS" BR.519 ATM - MINSK</Description>
      <Currency>BYR</Currency>
      <AmountByCurrency>-2000000.00</AmountByCurrency>
      <AmountByAccount>-2000000.00</AmountByAccount>
    </TransactionItem>
    <TransactionItem>
      <RegistrationDate>2014-05-12T00:00:00</RegistrationDate>
      <TransactionDate>2014-05-11T00:00:00</TransactionDate>
      <TransactionCode>9087C10/9921325</TransactionCode>
      <Description>Выдача наличных - ATM N87 MALINOVKA BIB - MINSK</Description>
      <Currency>BYR</Currency>
      <AmountByCurrency>-1000000.00</AmountByCurrency>
      <AmountByAccount>-1000000.00</AmountByAccount>
    </TransactionItem>
    <TransactionItem>
      <RegistrationDate>2014-05-14T00:00:00</RegistrationDate>
      <TransactionDate>2014-05-13T00:00:00</TransactionDate>
      <TransactionCode>9061C30/0271264</TransactionCode>
      <Description>Выдача наличных - ATM GOPERY BIB - MINSK</Description>
      <Currency>BYR</Currency>
      <AmountByCurrency>-500000.00</AmountByCurrency>
      <AmountByAccount>-500000.00</AmountByAccount>
    </TransactionItem>
    <TransactionItem>
      <RegistrationDate>2014-05-19T00:00:00</RegistrationDate>
      <TransactionDate>2014-05-15T00:00:00</TransactionDate>
      <TransactionCode>9061C50/0861781</TransactionCode>
      <Description>Выдача наличных - ATM GOPERY BIB - MINSK</Description>
      <Currency>BYR</Currency>
      <AmountByCurrency>-200000.00</AmountByCurrency>
      <AmountByAccount>-200000.00</AmountByAccount>
    </TransactionItem>
    <TransactionItem>
      <RegistrationDate>2014-05-19T00:00:00</RegistrationDate>
      <TransactionDate>2014-05-18T00:00:00</TransactionDate>
      <TransactionCode>8703190/6410341</TransactionCode>
      <Description>Выдача наличных - "MAKSIMUS" BR.519 ATM - MINSK</Description>
      <Currency>BYR</Currency>
      <AmountByCurrency>-500000.00</AmountByCurrency>
      <AmountByAccount>-500000.00</AmountByAccount>
    </TransactionItem>
    <TransactionItem>
      <RegistrationDate>2014-05-19T00:00:00</RegistrationDate>
      <TransactionDate>2014-05-18T00:00:00</TransactionDate>
      <TransactionCode>0481124/6516362</TransactionCode>
      <Description>Оплата товаров и услуг - SHOP "SOSEDI" - MINSK</Description>
      <Currency>BYR</Currency>
      <AmountByCurrency>-41400.00</AmountByCurrency>
      <AmountByAccount>-41400.00</AmountByAccount>
    </TransactionItem>
    <TransactionItem>
      <RegistrationDate>2014-05-21T00:00:00</RegistrationDate>
      <TransactionDate>2014-05-20T00:00:00</TransactionDate>
      <TransactionCode>9999D0T/1825512</TransactionCode>
      <Description>Оплата товаров и услуг - VIRTUAL FOR INTERNET BANKIN - MINSK</Description>
      <Currency>BYR</Currency>
      <AmountByCurrency>-40000.00</AmountByCurrency>
      <AmountByAccount>-40000.00</AmountByAccount>
    </TransactionItem>
    <TransactionItem>
      <RegistrationDate>2014-05-21T00:00:00</RegistrationDate>
      <TransactionDate>2014-05-20T00:00:00</TransactionDate>
      <TransactionCode>9999D0T/1825533</TransactionCode>
      <Description>Оплата товаров и услуг - VIRTUAL FOR INTERNET BANKIN - MINSK</Description>
      <Currency>BYR</Currency>
      <AmountByCurrency>-20000.00</AmountByCurrency>
      <AmountByAccount>-20000.00</AmountByAccount>
    </TransactionItem>
    <TransactionItem>
      <RegistrationDate>2014-05-26T00:00:00</RegistrationDate>
      <TransactionDate>2014-05-24T00:00:00</TransactionDate>
      <TransactionCode>9999D4Q/2898316</TransactionCode>
      <Description>Зачисление перевода / Возврат покупки - VIRTUAL FOR INTERNET BANKIN - MINSK</Description>
      <Currency>BYR</Currency>
      <AmountByCurrency>804000.00</AmountByCurrency>
      <AmountByAccount>804000.00</AmountByAccount>
    </TransactionItem>
    <TransactionItem>
      <RegistrationDate>2014-05-26T00:00:00</RegistrationDate>
      <TransactionDate>2014-05-24T00:00:00</TransactionDate>
      <TransactionCode>0874163/8848762</TransactionCode>
      <Description>Оплата товаров и услуг - TORGOVY CENTR "KORONA-1" - MINSK</Description>
      <Currency>BYR</Currency>
      <AmountByCurrency>-117850.00</AmountByCurrency>
      <AmountByAccount>-117850.00</AmountByAccount>
    </TransactionItem>
    <TransactionItem>
      <RegistrationDate>2014-05-26T00:00:00</RegistrationDate>
      <TransactionDate>2014-05-25T00:00:00</TransactionDate>
      <TransactionCode>7751D50/3118594</TransactionCode>
      <Description>Оплата товаров и услуг - PT SHOP RUBLEVSKIJ-144 - MINSK</Description>
      <Currency>BYR</Currency>
      <AmountByCurrency>-30500.00</AmountByCurrency>
      <AmountByAccount>-30500.00</AmountByAccount>
    </TransactionItem>
    <TransactionItem>
      <RegistrationDate>2014-05-27T00:00:00</RegistrationDate>
      <TransactionDate>2014-05-26T00:00:00</TransactionDate>
      <TransactionCode>7749D68/3433236</TransactionCode>
      <Description>Оплата товаров и услуг - PT SHOP RUBLEVSKIJ-144 - MINSK</Description>
      <Currency>BYR</Currency>
      <AmountByCurrency>-26000.00</AmountByCurrency>
      <AmountByAccount>-26000.00</AmountByAccount>
    </TransactionItem>
    <TransactionItem>
      <RegistrationDate>2014-05-28T00:00:00</RegistrationDate>
      <TransactionDate>2014-05-27T00:00:00</TransactionDate>
      <TransactionCode>9999D71/3617505</TransactionCode>
      <Description>Оплата товаров и услуг - VIRTUAL FOR INTERNET BANKIN - MINSK</Description>
      <Currency>BYR</Currency>
      <AmountByCurrency>-131010.00</AmountByCurrency>
      <AmountByAccount>-131010.00</AmountByAccount>
    </TransactionItem>
    <TransactionItem>
      <RegistrationDate>2014-05-28T00:00:00</RegistrationDate>
      <TransactionDate>2014-05-27T00:00:00</TransactionDate>
      <TransactionCode>9999D71/3617491</TransactionCode>
      <Description>Оплата товаров и услуг - VIRTUAL FOR INTERNET BANKIN - MINSK</Description>
      <Currency>BYR</Currency>
      <AmountByCurrency>-311593.00</AmountByCurrency>
      <AmountByAccount>-311593.00</AmountByAccount>
    </TransactionItem>
    <TransactionItem>
      <RegistrationDate>2014-05-28T00:00:00</RegistrationDate>
      <TransactionDate>2014-05-27T00:00:00</TransactionDate>
      <TransactionCode>9999D71/3617514</TransactionCode>
      <Description>Оплата товаров и услуг - VIRTUAL FOR INTERNET BANKIN - MINSK</Description>
      <Currency>BYR</Currency>
      <AmountByCurrency>-20000.00</AmountByCurrency>
      <AmountByAccount>-20000.00</AmountByAccount>
    </TransactionItem>
    <TransactionItem>
      <RegistrationDate>2014-05-28T00:00:00</RegistrationDate>
      <TransactionDate>2014-05-27T00:00:00</TransactionDate>
      <TransactionCode>9999D71/3617512</TransactionCode>
      <Description>Оплата товаров и услуг - VIRTUAL FOR INTERNET BANKIN - MINSK</Description>
      <Currency>BYR</Currency>
      <AmountByCurrency>-10200.00</AmountByCurrency>
      <AmountByAccount>-10200.00</AmountByAccount>
    </TransactionItem>
    <TransactionItem>
      <RegistrationDate>2014-05-28T00:00:00</RegistrationDate>
      <TransactionDate>2014-05-27T00:00:00</TransactionDate>
      <TransactionCode>4958D7C/3678750</TransactionCode>
      <Description>Оплата товаров и услуг - PT SHOP RUBLEVSKIY 106 - MINSK</Description>
      <Currency>BYR</Currency>
      <AmountByCurrency>-28250.00</AmountByCurrency>
      <AmountByAccount>-28250.00</AmountByAccount>
    </TransactionItem>
    <TransactionItem>
      <RegistrationDate>2014-05-29T00:00:00</RegistrationDate>
      <TransactionDate>2014-05-28T00:00:00</TransactionDate>
      <TransactionCode>9999D82/3842727</TransactionCode>
      <Description>Оплата товаров и услуг - VIRTUAL FOR INTERNET BANKIN - MINSK</Description>
      <Currency>BYR</Currency>
      <AmountByCurrency>-250000.00</AmountByCurrency>
      <AmountByAccount>-250000.00</AmountByAccount>
    </TransactionItem>
    <TransactionItem>
      <RegistrationDate>2014-05-30T00:00:00</RegistrationDate>
      <TransactionDate>2014-05-29T00:00:00</TransactionDate>
      <TransactionCode>9061D90/4044856</TransactionCode>
      <Description>Выдача наличных - ATM GOPERY BIB - MINSK</Description>
      <Currency>BYR</Currency>
      <AmountByCurrency>-100000.00</AmountByCurrency>
      <AmountByAccount>-100000.00</AmountByAccount>
    </TransactionItem>
    <TransactionItem>
      <RegistrationDate>2014-06-02T00:00:00</RegistrationDate>
      <TransactionDate>2014-05-30T00:00:00</TransactionDate>
      <TransactionCode>8582E00/0126316</TransactionCode>
      <Description>Оплата товаров и услуг - SHOP "EVROOPT" - MINSK</Description>
      <Currency>BYR</Currency>
      <AmountByCurrency>-32950.00</AmountByCurrency>
      <AmountByAccount>-32950.00</AmountByAccount>
    </TransactionItem>
    <TransactionItem>
      <RegistrationDate>2014-06-02T00:00:00</RegistrationDate>
      <TransactionDate>2014-05-31T00:00:00</TransactionDate>
      <TransactionCode>9061E10/4462596</TransactionCode>
      <Description>Выдача наличных - ATM GOPERY BIB - MINSK</Description>
      <Currency>BYR</Currency>
      <AmountByCurrency>-200000.00</AmountByCurrency>
      <AmountByAccount>-200000.00</AmountByAccount>
    </TransactionItem>
  </TransactionItems>
</MontlyReport>