<?xml version="1.0"?>
<MontlyReport xmlns:xsi="http://www.w3.org/2001/XMLSchema-instance" xmlns:xsd="http://www.w3.org/2001/XMLSchema">
  <UserInfo>АЛЕКСАНДР ВАЛЕРЬЕВИЧ КОРЗУН СЛОБОДСКАЯ, д.65, кв.27, Минск, Belarus,</UserInfo>
  <BancInfo>БЕЛИНВЕСТБАНК ГОПЕРу пр.Машерова, 29 Минск 220002</BancInfo>
  <ReportInfo>EC/MC Выписка по картам 1399391-2015/0105</ReportInfo>
  <PeriodInfo>Расчетный цикл 02-12-2014по05-01-2015</PeriodInfo>
  <CreationInfo>Сформировано 05-01-2015 21:44:24</CreationInfo>
  <AccountNumber>739001BYR0000746644</AccountNumber>
  <AccountCurrency>BYR</AccountCurrency>
  <ImmutableBalance>0.00</ImmutableBalance>
  <MinBalance>0.00</MinBalance>
  <AvailibleCredit>0.00</AvailibleCredit>
  <PrevBalance>0.00</PrevBalance>
  <TransactionItems>
    <TransactionItem>
      <RegistrationDate>2014-12-10T00:00:00</RegistrationDate>
      <TransactionDate>2014-12-10T00:00:00</TransactionDate>
      <TransactionCode>3978168/27545765</TransactionCode>
      <Description>Зачисление на счет - зачисл. з/п: КОРЗУН АЛЕКСАНДР ВАЛЕРЬЕВИЧ; 3819007390487-&gt;3014775400013-91kBYR-746644 = 9012750,00 BYR</Description>
      <Currency />
      <AmountByCurrency>0</AmountByCurrency>
      <AmountByAccount>9012750.00</AmountByAccount>
    </TransactionItem>
    <TransactionItem>
      <RegistrationDate>2014-12-20T00:00:00</RegistrationDate>
      <TransactionDate>2014-12-20T00:00:00</TransactionDate>
      <TransactionCode>3997452/31085273</TransactionCode>
      <Description>Зачисление на счет - зачисл. з/п: КОРЗУН АЛЕКСАНДР ВАЛЕРЬЕВИЧ; 3819007390487-&gt;3014775400013-91kBYR-746644 = 3166000,00 BYR</Description>
      <Currency />
      <AmountByCurrency>0</AmountByCurrency>
      <AmountByAccount>3166000.00</AmountByAccount>
    </TransactionItem>
    <TransactionItem>
      <RegistrationDate>2014-12-24T00:00:00</RegistrationDate>
      <TransactionDate>2014-12-24T00:00:00</TransactionDate>
      <TransactionCode>4004203/32829898</TransactionCode>
      <Description>Зачисление на счет - зачисл. з/п: КОРЗУН АЛЕКСАНДР ВАЛЕРЬЕВИЧ; 3819007390487-&gt;3014775400013-91kBYR-746644 = 804000,00 BYR</Description>
      <Currency />
      <AmountByCurrency>0</AmountByCurrency>
      <AmountByAccount>804000.00</AmountByAccount>
    </TransactionItem>
    <TransactionItem>
      <RegistrationDate>2014-12-31T00:00:00</RegistrationDate>
      <TransactionDate>2014-12-31T00:00:00</TransactionDate>
      <TransactionCode>4012205/35627434</TransactionCode>
      <Description>Зачисление на счет - начисл. проц-в: КОРЗУН АЛЕКСАНДР ВАЛЕРЬЕВИЧ; 9041251010024-&gt;3014775400013-91kBYR-746644 = 2,00 BYR</Description>
      <Currency />
      <AmountByCurrency>0</AmountByCurrency>
      <AmountByAccount>2.00</AmountByAccount>
    </TransactionItem>
    <TransactionItem>
      <RegistrationDate>2014-12-11T00:00:00</RegistrationDate>
      <TransactionDate>2014-12-10T00:00:00</TransactionDate>
      <TransactionCode>9999X4D/5870380</TransactionCode>
      <Description>Перевод средств - VIRTUAL FOR INTERNET BANKIN - MINSK</Description>
      <Currency>BYR</Currency>
      <AmountByCurrency>-9012750.00</AmountByCurrency>
      <AmountByAccount>-9012750.00</AmountByAccount>
    </TransactionItem>
    <TransactionItem>
      <RegistrationDate>2014-12-22T00:00:00</RegistrationDate>
      <TransactionDate>2014-12-21T00:00:00</TransactionDate>
      <TransactionCode>9999Y5O/8597168</TransactionCode>
      <Description>Перевод средств - VIRTUAL FOR INTERNET BANKIN - MINSK</Description>
      <Currency>BYR</Currency>
      <AmountByCurrency>-3166000.00</AmountByCurrency>
      <AmountByAccount>-3166000.00</AmountByAccount>
    </TransactionItem>
  </TransactionItems>
</MontlyReport>