<?xml version="1.0"?>
<MontlyReport xmlns:xsi="http://www.w3.org/2001/XMLSchema-instance" xmlns:xsd="http://www.w3.org/2001/XMLSchema">
  <UserInfo>АЛЕКСАНДР ВАЛЕРЬЕВИЧ КОРЗУН СЛОБОДСКАЯ, д.65, кв.27, Минск, Belarus,</UserInfo>
  <BancInfo>БЕЛИНВЕСТБАНК ГОПЕРу пр.Машерова, 29 Минск 220002</BancInfo>
  <ReportInfo>EC/MC Выписка по картам 1570384-2014/0501</ReportInfo>
  <PeriodInfo>Расчетный цикл 02-04-2014по01-05-2014</PeriodInfo>
  <CreationInfo>Сформировано 02-05-2014 10:22:33</CreationInfo>
  <AccountNumber>739001BYR00009AFD63</AccountNumber>
  <AccountCurrency>BYR</AccountCurrency>
  <ImmutableBalance>500000.00</ImmutableBalance>
  <MinBalance>0.00</MinBalance>
  <AvailibleCredit>0.00</AvailibleCredit>
  <PrevBalance>27093337.00</PrevBalance>
  <TransactionItems>
    <TransactionItem>
      <RegistrationDate>2014-04-28T00:00:00</RegistrationDate>
      <TransactionDate>2014-04-28T00:00:00</TransactionDate>
      <TransactionCode>3631472/49858008</TransactionCode>
      <Description>Зачисление на счет - начисл. проц-в: КОРЗУН АЛЕКСАНДР ВАЛЕРЬЕВИЧ; 9041251010024-&gt;3014775400013-91kBYR-9AFD63 = 858877,00 BYR</Description>
      <Currency />
      <AmountByCurrency>0</AmountByCurrency>
      <AmountByAccount>858877.00</AmountByAccount>
    </TransactionItem>
    <TransactionItem>
      <RegistrationDate>2014-05-01T00:00:00</RegistrationDate>
      <TransactionDate>2014-04-29T00:00:00</TransactionDate>
      <TransactionCode>3633848/51008456</TransactionCode>
      <Description>Зачисление на счет - начисл. проц-в: КОРЗУН АЛЕКСАНДР ВАЛЕРЬЕВИЧ; 9041251010024-&gt;3014775400013-91kBYR-9AFD63 = 32645,00 BYR</Description>
      <Currency />
      <AmountByCurrency>0</AmountByCurrency>
      <AmountByAccount>32645.00</AmountByAccount>
    </TransactionItem>
    <TransactionItem>
      <RegistrationDate>2014-05-01T00:00:00</RegistrationDate>
      <TransactionDate>2014-04-30T00:00:00</TransactionDate>
      <TransactionCode>3634703/51442468</TransactionCode>
      <Description>Зачисление на счет - начисл. проц-в: КОРЗУН АЛЕКСАНДР ВАЛЕРЬЕВИЧ; 9041251010024-&gt;3014775400013-91kBYR-9AFD63 = 32677,00 BYR</Description>
      <Currency />
      <AmountByCurrency>0</AmountByCurrency>
      <AmountByAccount>32677.00</AmountByAccount>
    </TransactionItem>
    <TransactionItem>
      <RegistrationDate>2014-04-03T00:00:00</RegistrationDate>
      <TransactionDate>2014-04-02T00:00:00</TransactionDate>
      <TransactionCode>999992H/1608766</TransactionCode>
      <Description>Оплата товаров и услуг - VIRTUAL FOR INTERNET BANKIN - MINSK</Description>
      <Currency>BYR</Currency>
      <AmountByCurrency>-300000.00</AmountByCurrency>
      <AmountByAccount>-300000.00</AmountByAccount>
    </TransactionItem>
    <TransactionItem>
      <RegistrationDate>2014-04-04T00:00:00</RegistrationDate>
      <TransactionDate>2014-04-03T00:00:00</TransactionDate>
      <TransactionCode>999993I/1793802</TransactionCode>
      <Description>Оплата товаров и услуг - VIRTUAL FOR INTERNET BANKIN - MINSK</Description>
      <Currency>BYR</Currency>
      <AmountByCurrency>-100000.00</AmountByCurrency>
      <AmountByAccount>-100000.00</AmountByAccount>
    </TransactionItem>
    <TransactionItem>
      <RegistrationDate>2014-04-10T00:00:00</RegistrationDate>
      <TransactionDate>2014-04-09T00:00:00</TransactionDate>
      <TransactionCode>9061990/2867065</TransactionCode>
      <Description>Выдача наличных - ATM GOPERY BIB - MINSK</Description>
      <Currency>BYR</Currency>
      <AmountByCurrency>-500000.00</AmountByCurrency>
      <AmountByAccount>-500000.00</AmountByAccount>
    </TransactionItem>
    <TransactionItem>
      <RegistrationDate>2014-04-11T00:00:00</RegistrationDate>
      <TransactionDate>2014-04-10T00:00:00</TransactionDate>
      <TransactionCode>9999-0P/3052334</TransactionCode>
      <Description>Оплата товаров и услуг - VIRTUAL FOR INTERNET BANKIN - MINSK</Description>
      <Currency>BYR</Currency>
      <AmountByCurrency>-20000.00</AmountByCurrency>
      <AmountByAccount>-20000.00</AmountByAccount>
    </TransactionItem>
    <TransactionItem>
      <RegistrationDate>2014-04-11T00:00:00</RegistrationDate>
      <TransactionDate>2014-04-10T00:00:00</TransactionDate>
      <TransactionCode>9999-0I/3073405</TransactionCode>
      <Description>Зачисление перевода / Возврат покупки - VIRTUAL FOR INTERNET BANKIN - MINSK</Description>
      <Currency>BYR</Currency>
      <AmountByCurrency>7193032.00</AmountByCurrency>
      <AmountByAccount>7193032.00</AmountByAccount>
    </TransactionItem>
    <TransactionItem>
      <RegistrationDate>2014-04-17T00:00:00</RegistrationDate>
      <TransactionDate>2014-04-16T00:00:00</TransactionDate>
      <TransactionCode>9061-60/4484814</TransactionCode>
      <Description>Выдача наличных - ATM GOPERY BIB - MINSK</Description>
      <Currency>BYR</Currency>
      <AmountByCurrency>-100000.00</AmountByCurrency>
      <AmountByAccount>-100000.00</AmountByAccount>
    </TransactionItem>
    <TransactionItem>
      <RegistrationDate>2014-04-21T00:00:00</RegistrationDate>
      <TransactionDate>2014-04-20T00:00:00</TransactionDate>
      <TransactionCode>9061A00/5509717</TransactionCode>
      <Description>Выдача наличных - ATM GOPERY BIB - MINSK</Description>
      <Currency>BYR</Currency>
      <AmountByCurrency>-100000.00</AmountByCurrency>
      <AmountByAccount>-100000.00</AmountByAccount>
    </TransactionItem>
    <TransactionItem>
      <RegistrationDate>2014-04-21T00:00:00</RegistrationDate>
      <TransactionDate>2014-04-20T00:00:00</TransactionDate>
      <TransactionCode>9061A00/5509716</TransactionCode>
      <Description>Отмена выдачи наличных - ATM GOPERY BIB - MINSK</Description>
      <Currency>BYR</Currency>
      <AmountByCurrency>100000.00</AmountByCurrency>
      <AmountByAccount>100000.00</AmountByAccount>
    </TransactionItem>
    <TransactionItem>
      <RegistrationDate>2014-04-21T00:00:00</RegistrationDate>
      <TransactionDate>2014-04-20T00:00:00</TransactionDate>
      <TransactionCode>9061A00/5509718</TransactionCode>
      <Description>Отмена выдачи наличных - ATM GOPERY BIB - MINSK</Description>
      <Currency>BYR</Currency>
      <AmountByCurrency>100000.00</AmountByCurrency>
      <AmountByAccount>100000.00</AmountByAccount>
    </TransactionItem>
    <TransactionItem>
      <RegistrationDate>2014-04-21T00:00:00</RegistrationDate>
      <TransactionDate>2014-04-20T00:00:00</TransactionDate>
      <TransactionCode>9061A00/5509715</TransactionCode>
      <Description>Выдача наличных - ATM GOPERY BIB - MINSK</Description>
      <Currency>BYR</Currency>
      <AmountByCurrency>-100000.00</AmountByCurrency>
      <AmountByAccount>-100000.00</AmountByAccount>
    </TransactionItem>
    <TransactionItem>
      <RegistrationDate>2014-04-22T00:00:00</RegistrationDate>
      <TransactionDate>2014-04-21T00:00:00</TransactionDate>
      <TransactionCode>9137A11/5786800</TransactionCode>
      <Description>Выдача наличных - ATM N137 BIB - MINSK</Description>
      <Currency>BYR</Currency>
      <AmountByCurrency>-100000.00</AmountByCurrency>
      <AmountByAccount>-100000.00</AmountByAccount>
    </TransactionItem>
    <TransactionItem>
      <RegistrationDate>2014-04-23T00:00:00</RegistrationDate>
      <TransactionDate>2014-04-22T00:00:00</TransactionDate>
      <TransactionCode>4286A2T/5872120</TransactionCode>
      <Description>Оплата товаров и услуг - PT SHOP RUBLEVSKIY N119 - MINSK</Description>
      <Currency>BYR</Currency>
      <AmountByCurrency>-87950.00</AmountByCurrency>
      <AmountByAccount>-87950.00</AmountByAccount>
    </TransactionItem>
    <TransactionItem>
      <RegistrationDate>2014-04-25T00:00:00</RegistrationDate>
      <TransactionDate>2014-04-24T00:00:00</TransactionDate>
      <TransactionCode>9999A44/6393269</TransactionCode>
      <Description>Оплата товаров и услуг - VIRTUAL FOR INTERNET BANKIN - MINSK</Description>
      <Currency>BYR</Currency>
      <AmountByCurrency>-116471.00</AmountByCurrency>
      <AmountByAccount>-116471.00</AmountByAccount>
    </TransactionItem>
    <TransactionItem>
      <RegistrationDate>2014-04-25T00:00:00</RegistrationDate>
      <TransactionDate>2014-04-24T00:00:00</TransactionDate>
      <TransactionCode>9999A44/6393103</TransactionCode>
      <Description>Оплата товаров и услуг - VIRTUAL FOR INTERNET BANKIN - MINSK</Description>
      <Currency>BYR</Currency>
      <AmountByCurrency>-30000.00</AmountByCurrency>
      <AmountByAccount>-30000.00</AmountByAccount>
    </TransactionItem>
    <TransactionItem>
      <RegistrationDate>2014-04-25T00:00:00</RegistrationDate>
      <TransactionDate>2014-04-24T00:00:00</TransactionDate>
      <TransactionCode>9999A44/6393173</TransactionCode>
      <Description>Оплата товаров и услуг - VIRTUAL FOR INTERNET BANKIN - MINSK</Description>
      <Currency>BYR</Currency>
      <AmountByCurrency>-13300.00</AmountByCurrency>
      <AmountByAccount>-13300.00</AmountByAccount>
    </TransactionItem>
    <TransactionItem>
      <RegistrationDate>2014-04-25T00:00:00</RegistrationDate>
      <TransactionDate>2014-04-24T00:00:00</TransactionDate>
      <TransactionCode>9999A44/6393183</TransactionCode>
      <Description>Оплата товаров и услуг - VIRTUAL FOR INTERNET BANKIN - MINSK</Description>
      <Currency>BYR</Currency>
      <AmountByCurrency>-327424.00</AmountByCurrency>
      <AmountByAccount>-327424.00</AmountByAccount>
    </TransactionItem>
    <TransactionItem>
      <RegistrationDate>2014-04-25T00:00:00</RegistrationDate>
      <TransactionDate>2014-04-24T00:00:00</TransactionDate>
      <TransactionCode>9999A44/6393207</TransactionCode>
      <Description>Оплата товаров и услуг - VIRTUAL FOR INTERNET BANKIN - MINSK</Description>
      <Currency>BYR</Currency>
      <AmountByCurrency>-20000.00</AmountByCurrency>
      <AmountByAccount>-20000.00</AmountByAccount>
    </TransactionItem>
    <TransactionItem>
      <RegistrationDate>2014-04-28T00:00:00</RegistrationDate>
      <TransactionDate>2014-04-27T00:00:00</TransactionDate>
      <TransactionCode>7752A7I/7126776</TransactionCode>
      <Description>Оплата товаров и услуг - PT SHOP RUBLEVSKIJ-144 - MINSK</Description>
      <Currency>BYR</Currency>
      <AmountByCurrency>-31650.00</AmountByCurrency>
      <AmountByAccount>-31650.00</AmountByAccount>
    </TransactionItem>
    <TransactionItem>
      <RegistrationDate>2014-04-28T00:00:00</RegistrationDate>
      <TransactionDate>2014-04-27T00:00:00</TransactionDate>
      <TransactionCode>9061A70/7219372</TransactionCode>
      <Description>Выдача наличных - ATM GOPERY BIB - MINSK</Description>
      <Currency>BYR</Currency>
      <AmountByCurrency>-300000.00</AmountByCurrency>
      <AmountByAccount>-300000.00</AmountByAccount>
    </TransactionItem>
    <TransactionItem>
      <RegistrationDate>2014-05-01T00:00:00</RegistrationDate>
      <TransactionDate>2014-04-29T00:00:00</TransactionDate>
      <TransactionCode>9999A92/7528909</TransactionCode>
      <Description>Зачисление перевода / Возврат покупки - VIRTUAL FOR INTERNET BANKIN - MINSK</Description>
      <Currency>BYR</Currency>
      <AmountByCurrency>804003.00</AmountByCurrency>
      <AmountByAccount>804003.00</AmountByAccount>
    </TransactionItem>
    <TransactionItem>
      <RegistrationDate>2014-05-01T00:00:00</RegistrationDate>
      <TransactionDate>2014-04-29T00:00:00</TransactionDate>
      <TransactionCode>2808A90/2689694</TransactionCode>
      <Description>Оплата товаров и услуг - SHOP "MILA-53" - MINSK</Description>
      <Currency>BYR</Currency>
      <AmountByCurrency>-69300.00</AmountByCurrency>
      <AmountByAccount>-69300.00</AmountByAccount>
    </TransactionItem>
    <TransactionItem>
      <RegistrationDate>2014-05-01T00:00:00</RegistrationDate>
      <TransactionDate>2014-04-29T00:00:00</TransactionDate>
      <TransactionCode>6381A90/2985002</TransactionCode>
      <Description>Оплата товаров и услуг - SHOP "PIVGRAD" - MINSK</Description>
      <Currency>BYR</Currency>
      <AmountByCurrency>-24600.00</AmountByCurrency>
      <AmountByAccount>-24600.00</AmountByAccount>
    </TransactionItem>
  </TransactionItems>
</MontlyReport>