<?xml version="1.0"?>
<MontlyReport xmlns:xsi="http://www.w3.org/2001/XMLSchema-instance" xmlns:xsd="http://www.w3.org/2001/XMLSchema">
  <UserInfo>АЛЕКСАНДР ВАЛЕРЬЕВИЧ КОРЗУН СЛОБОДСКАЯ, д.65, кв.27, Минск, Belarus,</UserInfo>
  <BancInfo>БЕЛИНВЕСТБАНК ГОПЕРу пр.Машерова, 29 Минск 220002</BancInfo>
  <ReportInfo>EC/MC Выписка по картам 1570384-2014/1201</ReportInfo>
  <PeriodInfo>Расчетный цикл 02-11-2014по01-12-2014</PeriodInfo>
  <CreationInfo>Сформировано 01-12-2014 20:52:42</CreationInfo>
  <AccountNumber>739001BYR00009AFD63</AccountNumber>
  <AccountCurrency>BYR</AccountCurrency>
  <ImmutableBalance>500000.00</ImmutableBalance>
  <MinBalance>0.00</MinBalance>
  <AvailibleCredit>0.00</AvailibleCredit>
  <PrevBalance>74277376.00</PrevBalance>
  <TransactionItems>
    <TransactionItem>
      <RegistrationDate>2014-11-28T00:00:00</RegistrationDate>
      <TransactionDate>2014-11-28T00:00:00</TransactionDate>
      <TransactionCode>3958832/23421371</TransactionCode>
      <Description>Зачисление на счет - начисл. проц-в: КОРЗУН АЛЕКСАНДР ВАЛЕРЬЕВИЧ; 9041251010024-&gt;3014775400013-91kBYR-9AFD63 = 1761773,00 BYR</Description>
      <Currency />
      <AmountByCurrency>0</AmountByCurrency>
      <AmountByAccount>1761773.00</AmountByAccount>
    </TransactionItem>
    <TransactionItem>
      <RegistrationDate>2014-11-02T00:00:00</RegistrationDate>
      <TransactionDate>2014-11-02T00:00:00</TransactionDate>
      <TransactionCode>0173470/1804652</TransactionCode>
      <Description>Оплата товаров и услуг - SHOP "SOSEDI" - MINSK</Description>
      <Currency>BYR</Currency>
      <AmountByCurrency>-139850.00</AmountByCurrency>
      <AmountByAccount>-139850.00</AmountByAccount>
    </TransactionItem>
    <TransactionItem>
      <RegistrationDate>2014-11-10T00:00:00</RegistrationDate>
      <TransactionDate>2014-11-09T00:00:00</TransactionDate>
      <TransactionCode>9999U3N/8923423</TransactionCode>
      <Description>Оплата товаров и услуг - VIRTUAL FOR INTERNET BANKIN - MINSK</Description>
      <Currency>BYR</Currency>
      <AmountByCurrency>-180000.00</AmountByCurrency>
      <AmountByAccount>-180000.00</AmountByAccount>
    </TransactionItem>
    <TransactionItem>
      <RegistrationDate>2014-11-11T00:00:00</RegistrationDate>
      <TransactionDate>2014-11-10T00:00:00</TransactionDate>
      <TransactionCode>9999U4H/9013526</TransactionCode>
      <Description>Зачисление перевода / Возврат покупки - VIRTUAL FOR INTERNET BANKIN - MINSK</Description>
      <Currency>BYR</Currency>
      <AmountByCurrency>8647350.00</AmountByCurrency>
      <AmountByAccount>8647350.00</AmountByAccount>
    </TransactionItem>
    <TransactionItem>
      <RegistrationDate>2014-11-17T00:00:00</RegistrationDate>
      <TransactionDate>2014-11-14T00:00:00</TransactionDate>
      <TransactionCode>1141117/1400</TransactionCode>
      <Description>Оплата товаров и услуг - KAFE SHTOLLE - MINSK</Description>
      <Currency>BYR</Currency>
      <AmountByCurrency>-50000.00</AmountByCurrency>
      <AmountByAccount>-50000.00</AmountByAccount>
    </TransactionItem>
    <TransactionItem>
      <RegistrationDate>2014-11-17T00:00:00</RegistrationDate>
      <TransactionDate>2014-11-16T00:00:00</TransactionDate>
      <TransactionCode>9999V0U/0482006</TransactionCode>
      <Description>Оплата товаров и услуг - VIRTUAL FOR INTERNET BANKIN - MINSK</Description>
      <Currency>BYR</Currency>
      <AmountByCurrency>-100000.00</AmountByCurrency>
      <AmountByAccount>-100000.00</AmountByAccount>
    </TransactionItem>
    <TransactionItem>
      <RegistrationDate>2014-11-19T00:00:00</RegistrationDate>
      <TransactionDate>2014-11-18T00:00:00</TransactionDate>
      <TransactionCode>9999V2W/0915748</TransactionCode>
      <Description>Оплата товаров и услуг - VIRTUAL FOR INTERNET BANKIN - MINSK</Description>
      <Currency>BYR</Currency>
      <AmountByCurrency>-1002700.00</AmountByCurrency>
      <AmountByAccount>-1002700.00</AmountByAccount>
    </TransactionItem>
    <TransactionItem>
      <RegistrationDate>2014-11-21T00:00:00</RegistrationDate>
      <TransactionDate>2014-11-20T00:00:00</TransactionDate>
      <TransactionCode>9999V4Y/1419880</TransactionCode>
      <Description>Оплата товаров и услуг - VIRTUAL FOR INTERNET BANKIN - MINSK</Description>
      <Currency>BYR</Currency>
      <AmountByCurrency>-50000.00</AmountByCurrency>
      <AmountByAccount>-50000.00</AmountByAccount>
    </TransactionItem>
    <TransactionItem>
      <RegistrationDate>2014-11-24T00:00:00</RegistrationDate>
      <TransactionDate>2014-11-23T00:00:00</TransactionDate>
      <TransactionCode>9061V70/2133397</TransactionCode>
      <Description>Выдача наличных - ATM GOPERY BIB - MINSK</Description>
      <Currency>BYR</Currency>
      <AmountByCurrency>-200000.00</AmountByCurrency>
      <AmountByAccount>-200000.00</AmountByAccount>
    </TransactionItem>
    <TransactionItem>
      <RegistrationDate>2014-11-24T00:00:00</RegistrationDate>
      <TransactionDate>2014-11-22T00:00:00</TransactionDate>
      <TransactionCode>9999V61/2064792</TransactionCode>
      <Description>Оплата товаров и услуг - VIRTUAL FOR INTERNET BANKIN - MINSK</Description>
      <Currency>BYR</Currency>
      <AmountByCurrency>-55000.00</AmountByCurrency>
      <AmountByAccount>-55000.00</AmountByAccount>
    </TransactionItem>
    <TransactionItem>
      <RegistrationDate>2014-11-24T00:00:00</RegistrationDate>
      <TransactionDate>2014-11-21T00:00:00</TransactionDate>
      <TransactionCode>9999V50/1584531</TransactionCode>
      <Description>Перевод средств - VIRTUAL FOR INTERNET BANKIN - MINSK</Description>
      <Currency>BYR</Currency>
      <AmountByCurrency>-285000.00</AmountByCurrency>
      <AmountByAccount>-285000.00</AmountByAccount>
    </TransactionItem>
    <TransactionItem>
      <RegistrationDate>2014-11-24T00:00:00</RegistrationDate>
      <TransactionDate>2014-11-22T00:00:00</TransactionDate>
      <TransactionCode>9999V61/2070349</TransactionCode>
      <Description>Оплата товаров и услуг - VIRTUAL FOR INTERNET BANKIN - MINSK</Description>
      <Currency>BYR</Currency>
      <AmountByCurrency>-50000.00</AmountByCurrency>
      <AmountByAccount>-50000.00</AmountByAccount>
    </TransactionItem>
    <TransactionItem>
      <RegistrationDate>2014-11-24T00:00:00</RegistrationDate>
      <TransactionDate>2014-11-22T00:00:00</TransactionDate>
      <TransactionCode>9999V61/2068933</TransactionCode>
      <Description>Оплата товаров и услуг - VIRTUAL FOR INTERNET BANKIN - MINSK</Description>
      <Currency>BYR</Currency>
      <AmountByCurrency>-24250.00</AmountByCurrency>
      <AmountByAccount>-24250.00</AmountByAccount>
    </TransactionItem>
    <TransactionItem>
      <RegistrationDate>2014-11-26T00:00:00</RegistrationDate>
      <TransactionDate>2014-11-25T00:00:00</TransactionDate>
      <TransactionCode>9999V94/2652841</TransactionCode>
      <Description>Оплата товаров и услуг - VIRTUAL FOR INTERNET BANKIN - MINSK</Description>
      <Currency>BYR</Currency>
      <AmountByCurrency>-122835.00</AmountByCurrency>
      <AmountByAccount>-122835.00</AmountByAccount>
    </TransactionItem>
    <TransactionItem>
      <RegistrationDate>2014-11-26T00:00:00</RegistrationDate>
      <TransactionDate>2014-11-25T00:00:00</TransactionDate>
      <TransactionCode>9999V94/2652822</TransactionCode>
      <Description>Оплата товаров и услуг - VIRTUAL FOR INTERNET BANKIN - MINSK</Description>
      <Currency>BYR</Currency>
      <AmountByCurrency>-356893.00</AmountByCurrency>
      <AmountByAccount>-356893.00</AmountByAccount>
    </TransactionItem>
    <TransactionItem>
      <RegistrationDate>2014-11-26T00:00:00</RegistrationDate>
      <TransactionDate>2014-11-25T00:00:00</TransactionDate>
      <TransactionCode>9999V94/2652819</TransactionCode>
      <Description>Оплата товаров и услуг - VIRTUAL FOR INTERNET BANKIN - MINSK</Description>
      <Currency>BYR</Currency>
      <AmountByCurrency>-49500.00</AmountByCurrency>
      <AmountByAccount>-49500.00</AmountByAccount>
    </TransactionItem>
    <TransactionItem>
      <RegistrationDate>2014-11-27T00:00:00</RegistrationDate>
      <TransactionDate>2014-11-26T00:00:00</TransactionDate>
      <TransactionCode>9999W0Y/3014265</TransactionCode>
      <Description>Зачисление перевода / Возврат покупки - VIRTUAL FOR INTERNET BANKIN - MINSK</Description>
      <Currency>BYR</Currency>
      <AmountByCurrency>804000.00</AmountByCurrency>
      <AmountByAccount>804000.00</AmountByAccount>
    </TransactionItem>
    <TransactionItem>
      <RegistrationDate>2014-11-28T00:00:00</RegistrationDate>
      <TransactionDate>2014-11-27T00:00:00</TransactionDate>
      <TransactionCode>9999W16/3228503</TransactionCode>
      <Description>Оплата товаров и услуг - VIRTUAL FOR INTERNET BANKIN - MINSK</Description>
      <Currency>BYR</Currency>
      <AmountByCurrency>-1040600.00</AmountByCurrency>
      <AmountByAccount>-1040600.00</AmountByAccount>
    </TransactionItem>
    <TransactionItem>
      <RegistrationDate>2014-12-01T00:00:00</RegistrationDate>
      <TransactionDate>2014-11-28T00:00:00</TransactionDate>
      <TransactionCode>9999W27/3410531</TransactionCode>
      <Description>Оплата товаров и услуг - VIRTUAL FOR INTERNET BANKIN - MINSK</Description>
      <Currency>BYR</Currency>
      <AmountByCurrency>-50000.00</AmountByCurrency>
      <AmountByAccount>-50000.00</AmountByAccount>
    </TransactionItem>
    <TransactionItem>
      <RegistrationDate>2014-12-01T00:00:00</RegistrationDate>
      <TransactionDate>2014-11-28T00:00:00</TransactionDate>
      <TransactionCode>1141201/1721</TransactionCode>
      <Description>Оплата товаров и услуг - KAFE SHTOLLE - MINSK</Description>
      <Currency>BYR</Currency>
      <AmountByCurrency>-30000.00</AmountByCurrency>
      <AmountByAccount>-30000.00</AmountByAccount>
    </TransactionItem>
    <TransactionItem>
      <RegistrationDate>2014-12-01T00:00:00</RegistrationDate>
      <TransactionDate>2014-11-28T00:00:00</TransactionDate>
      <TransactionCode>9061W20/3311445</TransactionCode>
      <Description>Выдача наличных - ATM GOPERY BIB - MINSK</Description>
      <Currency>BYR</Currency>
      <AmountByCurrency>-300000.00</AmountByCurrency>
      <AmountByAccount>-300000.00</AmountByAccount>
    </TransactionItem>
  </TransactionItems>
</MontlyReport>