<?xml version="1.0"?>
<MontlyReport xmlns:xsi="http://www.w3.org/2001/XMLSchema-instance" xmlns:xsd="http://www.w3.org/2001/XMLSchema">
  <UserInfo>АЛЕКСАНДР ВАЛЕРЬЕВИЧ КОРЗУН СЛОБОДСКАЯ, д.65, кв.27, Минск, Belarus,</UserInfo>
  <BancInfo>БЕЛИНВЕСТБАНК ГОПЕРу пр.Машерова, 29 Минск 220002</BancInfo>
  <ReportInfo>EC/MC Выписка по картам 1642095-2014/0203</ReportInfo>
  <PeriodInfo>Расчетный цикл 04-01-2014по03-02-2014</PeriodInfo>
  <CreationInfo>Сформировано 03-02-2014 08:42:45</CreationInfo>
  <AccountNumber>739001RUB0000A05A1A</AccountNumber>
  <AccountCurrency>RUB</AccountCurrency>
  <ImmutableBalance>10000.00</ImmutableBalance>
  <MinBalance>0.00</MinBalance>
  <AvailibleCredit>0.00</AvailibleCredit>
  <PrevBalance>115472.24</PrevBalance>
  <TransactionItems>
    <TransactionItem>
      <RegistrationDate>2014-01-31T00:00:00</RegistrationDate>
      <TransactionDate>2014-01-31T00:00:00</TransactionDate>
      <TransactionCode>3507163/21516591</TransactionCode>
      <Description>Зачисление на счет - начисл. проц-в: КОРЗУН АЛЕКСАНДР ВАЛЕРЬЕВИЧ; 6901540006433-&gt;3014775405034-91kRUB-A05A1A = 664,36 RUB</Description>
      <Currency />
      <AmountByCurrency>0</AmountByCurrency>
      <AmountByAccount>664.36</AmountByAccount>
    </TransactionItem>
  </TransactionItems>
</MontlyReport>