<?xml version="1.0"?>
<MontlyReport xmlns:xsi="http://www.w3.org/2001/XMLSchema-instance" xmlns:xsd="http://www.w3.org/2001/XMLSchema">
  <UserInfo>АЛЕКСАНДР ВАЛЕРЬЕВИЧ КОРЗУН СЛОБОДСКАЯ, д.65, кв.27, Минск, Belarus,</UserInfo>
  <BancInfo>БЕЛИНВЕСТБАНК ГОПЕРу пр.Машерова, 29 Минск 220002</BancInfo>
  <ReportInfo>EC/MC Выписка по картам 1570384-2014/1001</ReportInfo>
  <PeriodInfo>Расчетный цикл 02-09-2014по01-10-2014</PeriodInfo>
  <CreationInfo>Сформировано 01-10-2014 21:07:50</CreationInfo>
  <AccountNumber>739001BYR00009AFD63</AccountNumber>
  <AccountCurrency>BYR</AccountCurrency>
  <ImmutableBalance>500000.00</ImmutableBalance>
  <MinBalance>0.00</MinBalance>
  <AvailibleCredit>0.00</AvailibleCredit>
  <PrevBalance>54802255.00</PrevBalance>
  <TransactionItems>
    <TransactionItem>
      <RegistrationDate>2014-09-30T00:00:00</RegistrationDate>
      <TransactionDate>2014-09-30T00:00:00</TransactionDate>
      <TransactionCode>3859002/03030091</TransactionCode>
      <Description>Зачисление на счет - начисл. проц-в: КОРЗУН АЛЕКСАНДР ВАЛЕРЬЕВИЧ; 9041251010024-&gt;3014775400013-91kBYR-9AFD63 = 1573532,00 BYR</Description>
      <Currency />
      <AmountByCurrency>0</AmountByCurrency>
      <AmountByAccount>1573532.00</AmountByAccount>
    </TransactionItem>
    <TransactionItem>
      <RegistrationDate>2014-09-16T00:00:00</RegistrationDate>
      <TransactionDate>2014-09-15T00:00:00</TransactionDate>
      <TransactionCode>0563327/9179280</TransactionCode>
      <Description>Оплата товаров и услуг - BTC "KORONA" - BREST</Description>
      <Currency>BYR</Currency>
      <AmountByCurrency>-89050.00</AmountByCurrency>
      <AmountByAccount>-89050.00</AmountByAccount>
    </TransactionItem>
    <TransactionItem>
      <RegistrationDate>2014-09-16T00:00:00</RegistrationDate>
      <TransactionDate>2014-09-14T00:00:00</TransactionDate>
      <TransactionCode>1140916/11095</TransactionCode>
      <Description>Оплата товаров и услуг - TRANS KINETIK - WARSZAWA</Description>
      <Currency>PLN</Currency>
      <AmountByCurrency>-33.00</AmountByCurrency>
      <AmountByAccount>-107096.00</AmountByAccount>
    </TransactionItem>
    <TransactionItem>
      <RegistrationDate>2014-09-17T00:00:00</RegistrationDate>
      <TransactionDate>2014-09-16T00:00:00</TransactionDate>
      <TransactionCode>9999O9Y/7136847</TransactionCode>
      <Description>Зачисление перевода / Возврат покупки - VIRTUAL FOR INTERNET BANKIN - MINSK</Description>
      <Currency>BYR</Currency>
      <AmountByCurrency>10109600.00</AmountByCurrency>
      <AmountByAccount>10109600.00</AmountByAccount>
    </TransactionItem>
    <TransactionItem>
      <RegistrationDate>2014-09-18T00:00:00</RegistrationDate>
      <TransactionDate>2014-09-17T00:00:00</TransactionDate>
      <TransactionCode>9061P00/7218413</TransactionCode>
      <Description>Выдача наличных - ATM GOPERY BIB - MINSK</Description>
      <Currency>BYR</Currency>
      <AmountByCurrency>-100000.00</AmountByCurrency>
      <AmountByAccount>-100000.00</AmountByAccount>
    </TransactionItem>
    <TransactionItem>
      <RegistrationDate>2014-09-18T00:00:00</RegistrationDate>
      <TransactionDate>2014-09-17T00:00:00</TransactionDate>
      <TransactionCode>9999P06/7326840</TransactionCode>
      <Description>Оплата товаров и услуг - VIRTUAL FOR INTERNET BANKIN - MINSK</Description>
      <Currency>BYR</Currency>
      <AmountByCurrency>-23600.00</AmountByCurrency>
      <AmountByAccount>-23600.00</AmountByAccount>
    </TransactionItem>
    <TransactionItem>
      <RegistrationDate>2014-09-22T00:00:00</RegistrationDate>
      <TransactionDate>2014-09-19T00:00:00</TransactionDate>
      <TransactionCode>9999P28/7929230</TransactionCode>
      <Description>Оплата товаров и услуг - VIRTUAL FOR INTERNET BANKIN - MINSK</Description>
      <Currency>BYR</Currency>
      <AmountByCurrency>-200000.00</AmountByCurrency>
      <AmountByAccount>-200000.00</AmountByAccount>
    </TransactionItem>
    <TransactionItem>
      <RegistrationDate>2014-09-24T00:00:00</RegistrationDate>
      <TransactionDate>2014-09-23T00:00:00</TransactionDate>
      <TransactionCode>3820267/7064346</TransactionCode>
      <Description>Оплата товаров и услуг - KAFE "PROSPEKT" - MINSK</Description>
      <Currency>BYR</Currency>
      <AmountByCurrency>-37150.00</AmountByCurrency>
      <AmountByAccount>-37150.00</AmountByAccount>
    </TransactionItem>
    <TransactionItem>
      <RegistrationDate>2014-09-25T00:00:00</RegistrationDate>
      <TransactionDate>2014-09-24T00:00:00</TransactionDate>
      <TransactionCode>9061P70/8882885</TransactionCode>
      <Description>Выдача наличных - ATM GOPERY BIB - MINSK</Description>
      <Currency>BYR</Currency>
      <AmountByCurrency>-200000.00</AmountByCurrency>
      <AmountByAccount>-200000.00</AmountByAccount>
    </TransactionItem>
    <TransactionItem>
      <RegistrationDate>2014-09-25T00:00:00</RegistrationDate>
      <TransactionDate>2014-09-24T00:00:00</TransactionDate>
      <TransactionCode>9999P7C/8993876</TransactionCode>
      <Description>Оплата товаров и услуг - VIRTUAL FOR INTERNET BANKIN - MINSK</Description>
      <Currency>BYR</Currency>
      <AmountByCurrency>-50000.00</AmountByCurrency>
      <AmountByAccount>-50000.00</AmountByAccount>
    </TransactionItem>
    <TransactionItem>
      <RegistrationDate>2014-09-26T00:00:00</RegistrationDate>
      <TransactionDate>2014-09-25T00:00:00</TransactionDate>
      <TransactionCode>9137P80/9141400</TransactionCode>
      <Description>Выдача наличных - ATM N137 BIB - MINSK</Description>
      <Currency>BYR</Currency>
      <AmountByCurrency>-200000.00</AmountByCurrency>
      <AmountByAccount>-200000.00</AmountByAccount>
    </TransactionItem>
    <TransactionItem>
      <RegistrationDate>2014-09-29T00:00:00</RegistrationDate>
      <TransactionDate>2014-09-25T00:00:00</TransactionDate>
      <TransactionCode>9999P8D/9303084</TransactionCode>
      <Description>Оплата товаров и услуг - VIRTUAL FOR INTERNET BANKIN - MINSK</Description>
      <Currency>BYR</Currency>
      <AmountByCurrency>-49500.00</AmountByCurrency>
      <AmountByAccount>-49500.00</AmountByAccount>
    </TransactionItem>
    <TransactionItem>
      <RegistrationDate>2014-09-29T00:00:00</RegistrationDate>
      <TransactionDate>2014-09-28T00:00:00</TransactionDate>
      <TransactionCode>9999Q1A/9938085</TransactionCode>
      <Description>Зачисление перевода / Возврат покупки - VIRTUAL FOR INTERNET BANKIN - MINSK</Description>
      <Currency>BYR</Currency>
      <AmountByCurrency>439000.00</AmountByCurrency>
      <AmountByAccount>439000.00</AmountByAccount>
    </TransactionItem>
    <TransactionItem>
      <RegistrationDate>2014-09-29T00:00:00</RegistrationDate>
      <TransactionDate>2014-09-28T00:00:00</TransactionDate>
      <TransactionCode>9999Q1G/9931176</TransactionCode>
      <Description>Оплата товаров и услуг - VIRTUAL FOR INTERNET BANKIN - MINSK</Description>
      <Currency>BYR</Currency>
      <AmountByCurrency>-60000.00</AmountByCurrency>
      <AmountByAccount>-60000.00</AmountByAccount>
    </TransactionItem>
    <TransactionItem>
      <RegistrationDate>2014-09-29T00:00:00</RegistrationDate>
      <TransactionDate>2014-09-27T00:00:00</TransactionDate>
      <TransactionCode>9061Q00/9605544</TransactionCode>
      <Description>Выдача наличных - ATM GOPERY BIB - MINSK</Description>
      <Currency>BYR</Currency>
      <AmountByCurrency>-200000.00</AmountByCurrency>
      <AmountByAccount>-200000.00</AmountByAccount>
    </TransactionItem>
    <TransactionItem>
      <RegistrationDate>2014-09-29T00:00:00</RegistrationDate>
      <TransactionDate>2014-09-26T00:00:00</TransactionDate>
      <TransactionCode>4956P9H/9509939</TransactionCode>
      <Description>Оплата товаров и услуг - PT SHOP RUBLEVSKIY 106 - MINSK</Description>
      <Currency>BYR</Currency>
      <AmountByCurrency>-74300.00</AmountByCurrency>
      <AmountByAccount>-74300.00</AmountByAccount>
    </TransactionItem>
    <TransactionItem>
      <RegistrationDate>2014-09-29T00:00:00</RegistrationDate>
      <TransactionDate>2014-09-25T00:00:00</TransactionDate>
      <TransactionCode>9999P8D/9303075</TransactionCode>
      <Description>Оплата товаров и услуг - VIRTUAL FOR INTERNET BANKIN - MINSK</Description>
      <Currency>BYR</Currency>
      <AmountByCurrency>-301127.00</AmountByCurrency>
      <AmountByAccount>-301127.00</AmountByAccount>
    </TransactionItem>
    <TransactionItem>
      <RegistrationDate>2014-09-29T00:00:00</RegistrationDate>
      <TransactionDate>2014-09-25T00:00:00</TransactionDate>
      <TransactionCode>9999P8D/9303242</TransactionCode>
      <Description>Оплата товаров и услуг - VIRTUAL FOR INTERNET BANKIN - MINSK</Description>
      <Currency>BYR</Currency>
      <AmountByCurrency>-123809.00</AmountByCurrency>
      <AmountByAccount>-123809.00</AmountByAccount>
    </TransactionItem>
    <TransactionItem>
      <RegistrationDate>2014-09-29T00:00:00</RegistrationDate>
      <TransactionDate>2014-09-28T00:00:00</TransactionDate>
      <TransactionCode>9999Q1G/9931159</TransactionCode>
      <Description>Оплата товаров и услуг - VIRTUAL FOR INTERNET BANKIN - MINSK</Description>
      <Currency>BYR</Currency>
      <AmountByCurrency>-50000.00</AmountByCurrency>
      <AmountByAccount>-50000.00</AmountByAccount>
    </TransactionItem>
    <TransactionItem>
      <RegistrationDate>2014-10-01T00:00:00</RegistrationDate>
      <TransactionDate>2014-09-30T00:00:00</TransactionDate>
      <TransactionCode>3817256/9292337</TransactionCode>
      <Description>Оплата товаров и услуг - KAFE "PROSPEKT" - MINSK</Description>
      <Currency>BYR</Currency>
      <AmountByCurrency>-48800.00</AmountByCurrency>
      <AmountByAccount>-48800.00</AmountByAccount>
    </TransactionItem>
  </TransactionItems>
</MontlyReport>