<?xml version="1.0"?>
<MontlyReport xmlns:xsi="http://www.w3.org/2001/XMLSchema-instance" xmlns:xsd="http://www.w3.org/2001/XMLSchema">
  <UserInfo>АЛЕКСАНДР ВАЛЕРЬЕВИЧ КОРЗУН СЛОБОДСКАЯ, д.65, кв.27, Минск, Belarus,</UserInfo>
  <BancInfo>БЕЛИНВЕСТБАНК ГОПЕРу пр.Машерова, 29 Минск 220002</BancInfo>
  <ReportInfo>EC/MC Выписка по картам 1642095-2014/0103</ReportInfo>
  <PeriodInfo>Расчетный цикл 03-12-2013по03-01-2014</PeriodInfo>
  <CreationInfo>Сформировано 04-01-2014 09:14:54</CreationInfo>
  <AccountNumber>739001RUB0000A05A1A</AccountNumber>
  <AccountCurrency>RUB</AccountCurrency>
  <ImmutableBalance>10000.00</ImmutableBalance>
  <MinBalance>0.00</MinBalance>
  <AvailibleCredit>0.00</AvailibleCredit>
  <PrevBalance>115052.93</PrevBalance>
  <TransactionItems>
    <TransactionItem>
      <RegistrationDate>2013-12-31T00:00:00</RegistrationDate>
      <TransactionDate>2013-12-31T00:00:00</TransactionDate>
      <TransactionCode>3467904/12734465</TransactionCode>
      <Description>Зачисление на счет - начисл. проц-в: КОРЗУН АЛЕКСАНДР ВАЛЕРЬЕВИЧ; 6901540006433-&gt;3014775405034-91kRUB-A05A1A = 22,14 RUB</Description>
      <Currency />
      <AmountByCurrency>0</AmountByCurrency>
      <AmountByAccount>22.14</AmountByAccount>
    </TransactionItem>
    <TransactionItem>
      <RegistrationDate>2013-12-31T00:00:00</RegistrationDate>
      <TransactionDate>2013-12-31T00:00:00</TransactionDate>
      <TransactionCode>3465669/11679851</TransactionCode>
      <Description>Зачисление на счет - начисл. проц-в: КОРЗУН АЛЕКСАНДР ВАЛЕРЬЕВИЧ; 6901540006433-&gt;3014775405034-91kRUB-A05A1A = 397,17 RUB</Description>
      <Currency />
      <AmountByCurrency>0</AmountByCurrency>
      <AmountByAccount>397.17</AmountByAccount>
    </TransactionItem>
  </TransactionItems>
</MontlyReport>