<?xml version="1.0"?>
<MontlyReport xmlns:xsi="http://www.w3.org/2001/XMLSchema-instance" xmlns:xsd="http://www.w3.org/2001/XMLSchema">
  <UserInfo>АЛЕКСАНДР ВАЛЕРЬЕВИЧ КОРЗУН СЛОБОДСКАЯ, д.65, кв.27, Минск, Belarus,</UserInfo>
  <BancInfo>БЕЛИНВЕСТБАНК ГОПЕРу пр.Машерова, 29 Минск 220002</BancInfo>
  <ReportInfo>EC/MC Выписка по картам 1570384-2013/0701</ReportInfo>
  <PeriodInfo>Расчетный цикл 04-06-2013по01-07-2013</PeriodInfo>
  <CreationInfo>Сформировано 02-07-2013 09:59:15</CreationInfo>
  <AccountNumber>739001BYR00009AFD63</AccountNumber>
  <AccountCurrency>BYR</AccountCurrency>
  <ImmutableBalance>500000.00</ImmutableBalance>
  <MinBalance>0.00</MinBalance>
  <AvailibleCredit>0.00</AvailibleCredit>
  <PrevBalance>22492445.00</PrevBalance>
  <TransactionItems>
    <TransactionItem>
      <RegistrationDate>2013-06-28T00:00:00</RegistrationDate>
      <TransactionDate>2013-06-28T00:00:00</TransactionDate>
      <TransactionCode>3205115/55095226</TransactionCode>
      <Description>Зачисление на счет - начисл. проц-в: КОРЗУН АЛЕКСАНДР ВАЛЕРЬЕВИЧ; 9041251010024-&gt;3014775400013-91kBYR-9AFD63 = 462224,00 BYR</Description>
      <Currency />
      <AmountByCurrency>0</AmountByCurrency>
      <AmountByAccount>462224.00</AmountByAccount>
    </TransactionItem>
    <TransactionItem>
      <RegistrationDate>2013-07-01T00:00:00</RegistrationDate>
      <TransactionDate>2013-07-01T00:00:00</TransactionDate>
      <TransactionCode />
      <Description>Комиссия за выдачу нал-х в АТМ</Description>
      <Currency>BYR</Currency>
      <AmountByCurrency>0</AmountByCurrency>
      <AmountByAccount>-20000.00</AmountByAccount>
    </TransactionItem>
    <TransactionItem>
      <RegistrationDate>2013-06-04T00:00:00</RegistrationDate>
      <TransactionDate>2013-06-03T00:00:00</TransactionDate>
      <TransactionCode>9999E41/9467803</TransactionCode>
      <Description>Оплата товаров и услуг - VIRTUAL FOR INTERNET BANKIN - MINSK</Description>
      <Currency>BYR</Currency>
      <AmountByCurrency>-100000.00</AmountByCurrency>
      <AmountByAccount>-100000.00</AmountByAccount>
    </TransactionItem>
    <TransactionItem>
      <RegistrationDate>2013-06-04T00:00:00</RegistrationDate>
      <TransactionDate>2013-06-03T00:00:00</TransactionDate>
      <TransactionCode>9137E40/9515036</TransactionCode>
      <Description>Выдача наличных - ATM N137 BIB - MINSK</Description>
      <Currency>BYR</Currency>
      <AmountByCurrency>-200000.00</AmountByCurrency>
      <AmountByAccount>-200000.00</AmountByAccount>
    </TransactionItem>
    <TransactionItem>
      <RegistrationDate>2013-06-05T00:00:00</RegistrationDate>
      <TransactionDate>2013-05-31T00:00:00</TransactionDate>
      <TransactionCode>1130605/1831</TransactionCode>
      <Description>Оплата товаров и услуг - ATELIE CAFE - MINSK</Description>
      <Currency>BYR</Currency>
      <AmountByCurrency>-371000.00</AmountByCurrency>
      <AmountByAccount>-371000.00</AmountByAccount>
    </TransactionItem>
    <TransactionItem>
      <RegistrationDate>2013-06-05T00:00:00</RegistrationDate>
      <TransactionDate>2013-06-04T00:00:00</TransactionDate>
      <TransactionCode>4376E50/7893286</TransactionCode>
      <Description>Оплата товаров и услуг - SHOP "GORYACHI KHLEB" - MINSK</Description>
      <Currency>BYR</Currency>
      <AmountByCurrency>-38000.00</AmountByCurrency>
      <AmountByAccount>-38000.00</AmountByAccount>
    </TransactionItem>
    <TransactionItem>
      <RegistrationDate>2013-06-07T00:00:00</RegistrationDate>
      <TransactionDate>2013-06-06T00:00:00</TransactionDate>
      <TransactionCode>9137E71/0095083</TransactionCode>
      <Description>Выдача наличных - ATM N137 BIB - MINSK</Description>
      <Currency>BYR</Currency>
      <AmountByCurrency>-100000.00</AmountByCurrency>
      <AmountByAccount>-100000.00</AmountByAccount>
    </TransactionItem>
    <TransactionItem>
      <RegistrationDate>2013-06-10T00:00:00</RegistrationDate>
      <TransactionDate>2013-06-08T00:00:00</TransactionDate>
      <TransactionCode>7749E9U/0532743</TransactionCode>
      <Description>Оплата товаров и услуг - PT SHOP RUBLEVSKIJ-144 - MINSK</Description>
      <Currency>BYR</Currency>
      <AmountByCurrency>-44450.00</AmountByCurrency>
      <AmountByAccount>-44450.00</AmountByAccount>
    </TransactionItem>
    <TransactionItem>
      <RegistrationDate>2013-06-10T00:00:00</RegistrationDate>
      <TransactionDate>2013-06-09T00:00:00</TransactionDate>
      <TransactionCode>6357F00/6069254</TransactionCode>
      <Description>Оплата товаров и услуг - SHOP "EVROOPT" - MINSKIY R-N</Description>
      <Currency>BYR</Currency>
      <AmountByCurrency>-187350.00</AmountByCurrency>
      <AmountByAccount>-187350.00</AmountByAccount>
    </TransactionItem>
    <TransactionItem>
      <RegistrationDate>2013-06-10T00:00:00</RegistrationDate>
      <TransactionDate>2013-06-05T00:00:00</TransactionDate>
      <TransactionCode>1130610/1691</TransactionCode>
      <Description>Оплата товаров и услуг - SHTOLLE KAFE RAKOVSK - MINSK</Description>
      <Currency>BYR</Currency>
      <AmountByCurrency>-56000.00</AmountByCurrency>
      <AmountByAccount>-56000.00</AmountByAccount>
    </TransactionItem>
    <TransactionItem>
      <RegistrationDate>2013-06-10T00:00:00</RegistrationDate>
      <TransactionDate>2013-06-07T00:00:00</TransactionDate>
      <TransactionCode>9137E80/0254763</TransactionCode>
      <Description>Выдача наличных - ATM N137 BIB - MINSK</Description>
      <Currency>BYR</Currency>
      <AmountByCurrency>-100000.00</AmountByCurrency>
      <AmountByAccount>-100000.00</AmountByAccount>
    </TransactionItem>
    <TransactionItem>
      <RegistrationDate>2013-06-11T00:00:00</RegistrationDate>
      <TransactionDate>2013-06-10T00:00:00</TransactionDate>
      <TransactionCode>2830F11/7012169</TransactionCode>
      <Description>Оплата товаров и услуг - "MINSK-PASSAZHIRSKIY" - MINSK</Description>
      <Currency>BYR</Currency>
      <AmountByCurrency>-1591900.00</AmountByCurrency>
      <AmountByAccount>-1591900.00</AmountByAccount>
    </TransactionItem>
    <TransactionItem>
      <RegistrationDate>2013-06-11T00:00:00</RegistrationDate>
      <TransactionDate>2013-06-10T00:00:00</TransactionDate>
      <TransactionCode>9999F1S/0869024</TransactionCode>
      <Description>Зачисление перевода / Возврат покупки - VIRTUAL FOR INTERNET BANKIN - MINSK</Description>
      <Currency>BYR</Currency>
      <AmountByCurrency>5185316.00</AmountByCurrency>
      <AmountByAccount>5185316.00</AmountByAccount>
    </TransactionItem>
    <TransactionItem>
      <RegistrationDate>2013-06-14T00:00:00</RegistrationDate>
      <TransactionDate>2013-06-13T00:00:00</TransactionDate>
      <TransactionCode>6357F40/2840832</TransactionCode>
      <Description>Оплата товаров и услуг - SHOP "EVROOPT" - MINSKIY R-N</Description>
      <Currency>BYR</Currency>
      <AmountByCurrency>-78350.00</AmountByCurrency>
      <AmountByAccount>-78350.00</AmountByAccount>
    </TransactionItem>
    <TransactionItem>
      <RegistrationDate>2013-06-14T00:00:00</RegistrationDate>
      <TransactionDate>2013-06-13T00:00:00</TransactionDate>
      <TransactionCode>9137F40/1519671</TransactionCode>
      <Description>Выдача наличных - ATM N137 BIB - MINSK</Description>
      <Currency>BYR</Currency>
      <AmountByCurrency>-100000.00</AmountByCurrency>
      <AmountByAccount>-100000.00</AmountByAccount>
    </TransactionItem>
    <TransactionItem>
      <RegistrationDate>2013-06-19T00:00:00</RegistrationDate>
      <TransactionDate>2013-06-18T00:00:00</TransactionDate>
      <TransactionCode>4426F9P/2564028</TransactionCode>
      <Description>Оплата товаров и услуг - PT SHOP "RUBLEVSKIY-106" - MINSK</Description>
      <Currency>BYR</Currency>
      <AmountByCurrency>-15200.00</AmountByCurrency>
      <AmountByAccount>-15200.00</AmountByAccount>
    </TransactionItem>
    <TransactionItem>
      <RegistrationDate>2013-06-20T00:00:00</RegistrationDate>
      <TransactionDate>2013-06-19T00:00:00</TransactionDate>
      <TransactionCode>9137G00/2787252</TransactionCode>
      <Description>Выдача наличных - ATM N137 BIB - MINSK</Description>
      <Currency>BYR</Currency>
      <AmountByCurrency>-100000.00</AmountByCurrency>
      <AmountByAccount>-100000.00</AmountByAccount>
    </TransactionItem>
    <TransactionItem>
      <RegistrationDate>2013-06-24T00:00:00</RegistrationDate>
      <TransactionDate>2013-06-23T00:00:00</TransactionDate>
      <TransactionCode>9061G40/3638884</TransactionCode>
      <Description>Выдача наличных - ATM GOPERY BIB - MINSK</Description>
      <Currency>BYR</Currency>
      <AmountByCurrency>-500000.00</AmountByCurrency>
      <AmountByAccount>-500000.00</AmountByAccount>
    </TransactionItem>
    <TransactionItem>
      <RegistrationDate>2013-06-26T00:00:00</RegistrationDate>
      <TransactionDate>2013-06-25T00:00:00</TransactionDate>
      <TransactionCode>9999G68/4150899</TransactionCode>
      <Description>Зачисление перевода / Возврат покупки - VIRTUAL FOR INTERNET BANKIN - MINSK</Description>
      <Currency>BYR</Currency>
      <AmountByCurrency>804000.00</AmountByCurrency>
      <AmountByAccount>804000.00</AmountByAccount>
    </TransactionItem>
    <TransactionItem>
      <RegistrationDate>2013-06-26T00:00:00</RegistrationDate>
      <TransactionDate>2013-06-25T00:00:00</TransactionDate>
      <TransactionCode>9061G60/4006200</TransactionCode>
      <Description>Выдача наличных - ATM GOPERY BIB - MINSK</Description>
      <Currency>BYR</Currency>
      <AmountByCurrency>-100000.00</AmountByCurrency>
      <AmountByAccount>-100000.00</AmountByAccount>
    </TransactionItem>
    <TransactionItem>
      <RegistrationDate>2013-07-01T00:00:00</RegistrationDate>
      <TransactionDate>2013-06-28T00:00:00</TransactionDate>
      <TransactionCode>1117891/0058962</TransactionCode>
      <Description>Выдача наличных - METRO BPSB ATM-29 - MINSK</Description>
      <Currency>BYR</Currency>
      <AmountByCurrency>-100000.00</AmountByCurrency>
      <AmountByAccount>-100000.00</AmountByAccount>
    </TransactionItem>
    <TransactionItem>
      <RegistrationDate>2013-07-01T00:00:00</RegistrationDate>
      <TransactionDate>2013-06-28T00:00:00</TransactionDate>
      <TransactionCode>1130701/1127</TransactionCode>
      <Description>Выдача наличных - BELGAZPROMBANK/UL.ROMAN.S - MINSK 4</Description>
      <Currency>BYR</Currency>
      <AmountByCurrency>-200000.00</AmountByCurrency>
      <AmountByAccount>-200000.00</AmountByAccount>
    </TransactionItem>
  </TransactionItems>
</MontlyReport>