<?xml version="1.0"?>
<MontlyReport xmlns:xsi="http://www.w3.org/2001/XMLSchema-instance" xmlns:xsd="http://www.w3.org/2001/XMLSchema">
  <UserInfo>АЛЕКСАНДР ВАЛЕРЬЕВИЧ КОРЗУН СЛОБОДСКАЯ, д.65, кв.27, Минск, Belarus,</UserInfo>
  <BancInfo>БЕЛИНВЕСТБАНК ГОПЕРу пр.Машерова, 29 Минск 220002</BancInfo>
  <ReportInfo>EC/MC Выписка по картам 1570384-2013/0801</ReportInfo>
  <PeriodInfo>Расчетный цикл 02-07-2013по01-08-2013</PeriodInfo>
  <CreationInfo>Сформировано 02-08-2013 10:35:03</CreationInfo>
  <AccountNumber>739001BYR00009AFD63</AccountNumber>
  <AccountCurrency>BYR</AccountCurrency>
  <ImmutableBalance>500000.00</ImmutableBalance>
  <MinBalance>0.00</MinBalance>
  <AvailibleCredit>0.00</AvailibleCredit>
  <PrevBalance>24941735.00</PrevBalance>
  <TransactionItems>
    <TransactionItem>
      <RegistrationDate>2013-07-31T00:00:00</RegistrationDate>
      <TransactionDate>2013-07-31T00:00:00</TransactionDate>
      <TransactionCode>3249178/64803683</TransactionCode>
      <Description>Зачисление на счет - начисл. проц-в: КОРЗУН АЛЕКСАНДР ВАЛЕРЬЕВИЧ; 9041251010024-&gt;3014775400013-91kBYR-9AFD63 = 438433,00 BYR</Description>
      <Currency />
      <AmountByCurrency>0</AmountByCurrency>
      <AmountByAccount>438433.00</AmountByAccount>
    </TransactionItem>
    <TransactionItem>
      <RegistrationDate>2013-07-02T00:00:00</RegistrationDate>
      <TransactionDate>2013-07-01T00:00:00</TransactionDate>
      <TransactionCode>3821H20/5074906</TransactionCode>
      <Description>Оплата товаров и услуг - KAFE "PROSPEKT" - MINSK</Description>
      <Currency>BYR</Currency>
      <AmountByCurrency>-22550.00</AmountByCurrency>
      <AmountByAccount>-22550.00</AmountByAccount>
    </TransactionItem>
    <TransactionItem>
      <RegistrationDate>2013-07-04T00:00:00</RegistrationDate>
      <TransactionDate>2013-07-02T00:00:00</TransactionDate>
      <TransactionCode>9999H3U/5607561</TransactionCode>
      <Description>Оплата товаров и услуг - VIRTUAL FOR INTERNET BANKIN - MINSK</Description>
      <Currency>BYR</Currency>
      <AmountByCurrency>-50000.00</AmountByCurrency>
      <AmountByAccount>-50000.00</AmountByAccount>
    </TransactionItem>
    <TransactionItem>
      <RegistrationDate>2013-07-04T00:00:00</RegistrationDate>
      <TransactionDate>2013-07-02T00:00:00</TransactionDate>
      <TransactionCode>9999H3U/5607567</TransactionCode>
      <Description>Оплата товаров и услуг - VIRTUAL FOR INTERNET BANKIN - MINSK</Description>
      <Currency>BYR</Currency>
      <AmountByCurrency>-10000.00</AmountByCurrency>
      <AmountByAccount>-10000.00</AmountByAccount>
    </TransactionItem>
    <TransactionItem>
      <RegistrationDate>2013-07-05T00:00:00</RegistrationDate>
      <TransactionDate>2013-07-04T00:00:00</TransactionDate>
      <TransactionCode>2413H50/9513911</TransactionCode>
      <Description>Оплата товаров и услуг - KAFE "BUVETTE" - MINSK</Description>
      <Currency>BYR</Currency>
      <AmountByCurrency>-53900.00</AmountByCurrency>
      <AmountByAccount>-53900.00</AmountByAccount>
    </TransactionItem>
    <TransactionItem>
      <RegistrationDate>2013-07-08T00:00:00</RegistrationDate>
      <TransactionDate>2013-07-05T00:00:00</TransactionDate>
      <TransactionCode>3820H60/0926987</TransactionCode>
      <Description>Оплата товаров и услуг - KAFE "PROSPEKT" - MINSK</Description>
      <Currency>BYR</Currency>
      <AmountByCurrency>-31500.00</AmountByCurrency>
      <AmountByAccount>-31500.00</AmountByAccount>
    </TransactionItem>
    <TransactionItem>
      <RegistrationDate>2013-07-10T00:00:00</RegistrationDate>
      <TransactionDate>2013-07-09T00:00:00</TransactionDate>
      <TransactionCode>3820I00/7760118</TransactionCode>
      <Description>Оплата товаров и услуг - KAFE "PROSPEKT" - MINSK</Description>
      <Currency>BYR</Currency>
      <AmountByCurrency>-29300.00</AmountByCurrency>
      <AmountByAccount>-29300.00</AmountByAccount>
    </TransactionItem>
    <TransactionItem>
      <RegistrationDate>2013-07-10T00:00:00</RegistrationDate>
      <TransactionDate>2013-07-09T00:00:00</TransactionDate>
      <TransactionCode>9137I00/6659171</TransactionCode>
      <Description>Выдача наличных - ATM N137 BIB - MINSK</Description>
      <Currency>BYR</Currency>
      <AmountByCurrency>-100000.00</AmountByCurrency>
      <AmountByAccount>-100000.00</AmountByAccount>
    </TransactionItem>
    <TransactionItem>
      <RegistrationDate>2013-07-11T00:00:00</RegistrationDate>
      <TransactionDate>2013-07-10T00:00:00</TransactionDate>
      <TransactionCode>9999I1M/7029280</TransactionCode>
      <Description>Зачисление перевода / Возврат покупки - VIRTUAL FOR INTERNET BANKIN - MINSK</Description>
      <Currency>BYR</Currency>
      <AmountByCurrency>5367280.00</AmountByCurrency>
      <AmountByAccount>5367280.00</AmountByAccount>
    </TransactionItem>
    <TransactionItem>
      <RegistrationDate>2013-07-11T00:00:00</RegistrationDate>
      <TransactionDate>2013-07-10T00:00:00</TransactionDate>
      <TransactionCode>9999I1M/7028765</TransactionCode>
      <Description>Зачисление перевода / Возврат покупки - VIRTUAL FOR INTERNET BANKIN - MINSK</Description>
      <Currency>BYR</Currency>
      <AmountByCurrency>1797002.00</AmountByCurrency>
      <AmountByAccount>1797002.00</AmountByAccount>
    </TransactionItem>
    <TransactionItem>
      <RegistrationDate>2013-07-11T00:00:00</RegistrationDate>
      <TransactionDate>2013-07-10T00:00:00</TransactionDate>
      <TransactionCode>3820I10/8273623</TransactionCode>
      <Description>Оплата товаров и услуг - KAFE "PROSPEKT" - MINSK</Description>
      <Currency>BYR</Currency>
      <AmountByCurrency>-47750.00</AmountByCurrency>
      <AmountByAccount>-47750.00</AmountByAccount>
    </TransactionItem>
    <TransactionItem>
      <RegistrationDate>2013-07-12T00:00:00</RegistrationDate>
      <TransactionDate>2013-07-11T00:00:00</TransactionDate>
      <TransactionCode>3820I20/1295540</TransactionCode>
      <Description>Оплата товаров и услуг - KAFE "PROSPEKT" - MINSK</Description>
      <Currency>BYR</Currency>
      <AmountByCurrency>-31350.00</AmountByCurrency>
      <AmountByAccount>-31350.00</AmountByAccount>
    </TransactionItem>
    <TransactionItem>
      <RegistrationDate>2013-07-15T00:00:00</RegistrationDate>
      <TransactionDate>2013-07-12T00:00:00</TransactionDate>
      <TransactionCode>7751I3K/7283459</TransactionCode>
      <Description>Оплата товаров и услуг - PT SHOP RUBLEVSKIJ-144 - MINSK</Description>
      <Currency>BYR</Currency>
      <AmountByCurrency>-30100.00</AmountByCurrency>
      <AmountByAccount>-30100.00</AmountByAccount>
    </TransactionItem>
    <TransactionItem>
      <RegistrationDate>2013-07-15T00:00:00</RegistrationDate>
      <TransactionDate>2013-07-13T00:00:00</TransactionDate>
      <TransactionCode>3529I40/4929337</TransactionCode>
      <Description>Оплата товаров и услуг - SHOP "GORYACHI KHLEB" - MINSK</Description>
      <Currency>BYR</Currency>
      <AmountByCurrency>-41850.00</AmountByCurrency>
      <AmountByAccount>-41850.00</AmountByAccount>
    </TransactionItem>
    <TransactionItem>
      <RegistrationDate>2013-07-16T00:00:00</RegistrationDate>
      <TransactionDate>2013-07-15T00:00:00</TransactionDate>
      <TransactionCode>3820I60/7657573</TransactionCode>
      <Description>Оплата товаров и услуг - KAFE "PROSPEKT" - MINSK</Description>
      <Currency>BYR</Currency>
      <AmountByCurrency>-38150.00</AmountByCurrency>
      <AmountByAccount>-38150.00</AmountByAccount>
    </TransactionItem>
    <TransactionItem>
      <RegistrationDate>2013-07-16T00:00:00</RegistrationDate>
      <TransactionDate>2013-07-15T00:00:00</TransactionDate>
      <TransactionCode>9999I68/7965803</TransactionCode>
      <Description>Оплата товаров и услуг - VIRTUAL FOR INTERNET BANKIN - MINSK</Description>
      <Currency>BYR</Currency>
      <AmountByCurrency>-100000.00</AmountByCurrency>
      <AmountByAccount>-100000.00</AmountByAccount>
    </TransactionItem>
    <TransactionItem>
      <RegistrationDate>2013-07-17T00:00:00</RegistrationDate>
      <TransactionDate>2013-07-16T00:00:00</TransactionDate>
      <TransactionCode>3821I70/8178268</TransactionCode>
      <Description>Оплата товаров и услуг - KAFE "PROSPEKT" - MINSK</Description>
      <Currency>BYR</Currency>
      <AmountByCurrency>-40300.00</AmountByCurrency>
      <AmountByAccount>-40300.00</AmountByAccount>
    </TransactionItem>
    <TransactionItem>
      <RegistrationDate>2013-07-19T00:00:00</RegistrationDate>
      <TransactionDate>2013-07-18T00:00:00</TransactionDate>
      <TransactionCode>9999I9U/8505058</TransactionCode>
      <Description>Перевод средств - VIRTUAL FOR INTERNET BANKIN - MINSK</Description>
      <Currency>BYR</Currency>
      <AmountByCurrency>-2712000.00</AmountByCurrency>
      <AmountByAccount>-2712000.00</AmountByAccount>
    </TransactionItem>
    <TransactionItem>
      <RegistrationDate>2013-07-19T00:00:00</RegistrationDate>
      <TransactionDate>2013-07-18T00:00:00</TransactionDate>
      <TransactionCode>9999I9U/8505338</TransactionCode>
      <Description>Перевод средств - VIRTUAL FOR INTERNET BANKIN - MINSK</Description>
      <Currency>BYR</Currency>
      <AmountByCurrency>-13900000.00</AmountByCurrency>
      <AmountByAccount>-13900000.00</AmountByAccount>
    </TransactionItem>
    <TransactionItem>
      <RegistrationDate>2013-07-19T00:00:00</RegistrationDate>
      <TransactionDate>2013-07-18T00:00:00</TransactionDate>
      <TransactionCode>3821I90/2866532</TransactionCode>
      <Description>Оплата товаров и услуг - KAFE "PROSPEKT" - MINSK</Description>
      <Currency>BYR</Currency>
      <AmountByCurrency>-25800.00</AmountByCurrency>
      <AmountByAccount>-25800.00</AmountByAccount>
    </TransactionItem>
    <TransactionItem>
      <RegistrationDate>2013-07-19T00:00:00</RegistrationDate>
      <TransactionDate>2013-07-18T00:00:00</TransactionDate>
      <TransactionCode>9999I9U/8505043</TransactionCode>
      <Description>Перевод средств - VIRTUAL FOR INTERNET BANKIN - MINSK</Description>
      <Currency>BYR</Currency>
      <AmountByCurrency>-2780000.00</AmountByCurrency>
      <AmountByAccount>-2780000.00</AmountByAccount>
    </TransactionItem>
    <TransactionItem>
      <RegistrationDate>2013-07-19T00:00:00</RegistrationDate>
      <TransactionDate>2013-07-18T00:00:00</TransactionDate>
      <TransactionCode>9137I91/8559998</TransactionCode>
      <Description>Выдача наличных - ATM N137 BIB - MINSK</Description>
      <Currency>BYR</Currency>
      <AmountByCurrency>-100000.00</AmountByCurrency>
      <AmountByAccount>-100000.00</AmountByAccount>
    </TransactionItem>
    <TransactionItem>
      <RegistrationDate>2013-07-22T00:00:00</RegistrationDate>
      <TransactionDate>2013-07-21T00:00:00</TransactionDate>
      <TransactionCode>7751J2S/9114467</TransactionCode>
      <Description>Оплата товаров и услуг - PT SHOP RUBLEVSKIJ-144 - MINSK</Description>
      <Currency>BYR</Currency>
      <AmountByCurrency>-70950.00</AmountByCurrency>
      <AmountByAccount>-70950.00</AmountByAccount>
    </TransactionItem>
    <TransactionItem>
      <RegistrationDate>2013-07-22T00:00:00</RegistrationDate>
      <TransactionDate>2013-07-21T00:00:00</TransactionDate>
      <TransactionCode>9061J20/9060518</TransactionCode>
      <Description>Выдача наличных - ATM GOPERY BIB - MINSK</Description>
      <Currency>BYR</Currency>
      <AmountByCurrency>-300000.00</AmountByCurrency>
      <AmountByAccount>-300000.00</AmountByAccount>
    </TransactionItem>
    <TransactionItem>
      <RegistrationDate>2013-07-22T00:00:00</RegistrationDate>
      <TransactionDate>2013-07-19T00:00:00</TransactionDate>
      <TransactionCode>9999J0B/8780918</TransactionCode>
      <Description>Оплата товаров и услуг - VIRTUAL FOR INTERNET BANKIN - MINSK</Description>
      <Currency>BYR</Currency>
      <AmountByCurrency>-30000.00</AmountByCurrency>
      <AmountByAccount>-30000.00</AmountByAccount>
    </TransactionItem>
    <TransactionItem>
      <RegistrationDate>2013-07-22T00:00:00</RegistrationDate>
      <TransactionDate>2013-07-20T00:00:00</TransactionDate>
      <TransactionCode>9061J10/9018851</TransactionCode>
      <Description>Выдача наличных - ATM GOPERY BIB - MINSK</Description>
      <Currency>BYR</Currency>
      <AmountByCurrency>-100000.00</AmountByCurrency>
      <AmountByAccount>-100000.00</AmountByAccount>
    </TransactionItem>
    <TransactionItem>
      <RegistrationDate>2013-07-23T00:00:00</RegistrationDate>
      <TransactionDate>2013-07-20T00:00:00</TransactionDate>
      <TransactionCode>1130723/8109</TransactionCode>
      <Description>Оплата товаров и услуг - HYPERMARKET - MINSK</Description>
      <Currency>BYR</Currency>
      <AmountByCurrency>-97800.00</AmountByCurrency>
      <AmountByAccount>-97800.00</AmountByAccount>
    </TransactionItem>
    <TransactionItem>
      <RegistrationDate>2013-07-23T00:00:00</RegistrationDate>
      <TransactionDate>2013-07-22T00:00:00</TransactionDate>
      <TransactionCode>9999J3Y/9332785</TransactionCode>
      <Description>Перевод средств - VIRTUAL FOR INTERNET BANKIN - MINSK</Description>
      <Currency>BYR</Currency>
      <AmountByCurrency>-7890000.00</AmountByCurrency>
      <AmountByAccount>-7890000.00</AmountByAccount>
    </TransactionItem>
    <TransactionItem>
      <RegistrationDate>2013-07-26T00:00:00</RegistrationDate>
      <TransactionDate>2013-07-23T00:00:00</TransactionDate>
      <TransactionCode>1130726/3812</TransactionCode>
      <Description>Оплата товаров и услуг - GIPPO TRADE CENTRE - MINSK</Description>
      <Currency>BYR</Currency>
      <AmountByCurrency>-199500.00</AmountByCurrency>
      <AmountByAccount>-199500.00</AmountByAccount>
    </TransactionItem>
  </TransactionItems>
</MontlyReport>