<?xml version="1.0"?>
<MontlyReport xmlns:xsi="http://www.w3.org/2001/XMLSchema-instance" xmlns:xsd="http://www.w3.org/2001/XMLSchema">
  <UserInfo>АЛЕКСАНДР ВАЛЕРЬЕВИЧ КОРЗУН СЛОБОДСКАЯ, д.65, кв.27, Минск, Belarus,</UserInfo>
  <BancInfo>БЕЛИНВЕСТБАНК ГОПЕРу пр.Машерова, 29 Минск 220002</BancInfo>
  <ReportInfo>EC/MC Выписка по картам 1642095-2014/0501</ReportInfo>
  <PeriodInfo>Расчетный цикл 02-04-2014по01-05-2014</PeriodInfo>
  <CreationInfo>Сформировано 02-05-2014 10:22:33</CreationInfo>
  <AccountNumber>739001RUB0000A05A1A</AccountNumber>
  <AccountCurrency>RUB</AccountCurrency>
  <ImmutableBalance>10000.00</ImmutableBalance>
  <MinBalance>0.00</MinBalance>
  <AvailibleCredit>0.00</AvailibleCredit>
  <PrevBalance>117454.40</PrevBalance>
  <TransactionItems>
    <TransactionItem>
      <RegistrationDate>2014-04-28T00:00:00</RegistrationDate>
      <TransactionDate>2014-04-28T00:00:00</TransactionDate>
      <TransactionCode>3631478/49888005</TransactionCode>
      <Description>Зачисление на счет - начисл. проц-в: КОРЗУН АЛЕКСАНДР ВАЛЕРЬЕВИЧ; 6901878588014-&gt;3014775405034-91kRUB-A05A1A = 630,71 RUB</Description>
      <Currency />
      <AmountByCurrency>0</AmountByCurrency>
      <AmountByAccount>630.71</AmountByAccount>
    </TransactionItem>
    <TransactionItem>
      <RegistrationDate>2014-05-01T00:00:00</RegistrationDate>
      <TransactionDate>2014-04-29T00:00:00</TransactionDate>
      <TransactionCode>3633852/51006669</TransactionCode>
      <Description>Зачисление на счет - начисл. проц-в: КОРЗУН АЛЕКСАНДР ВАЛЕРЬЕВИЧ; 6901878588014-&gt;3014775405034-91kRUB-A05A1A = 22,65 RUB</Description>
      <Currency />
      <AmountByCurrency>0</AmountByCurrency>
      <AmountByAccount>22.65</AmountByAccount>
    </TransactionItem>
    <TransactionItem>
      <RegistrationDate>2014-05-01T00:00:00</RegistrationDate>
      <TransactionDate>2014-04-30T00:00:00</TransactionDate>
      <TransactionCode>3634707/51440380</TransactionCode>
      <Description>Зачисление на счет - начисл. проц-в: КОРЗУН АЛЕКСАНДР ВАЛЕРЬЕВИЧ; 6901878588014-&gt;3014775405034-91kRUB-A05A1A = 22,65 RUB</Description>
      <Currency />
      <AmountByCurrency>0</AmountByCurrency>
      <AmountByAccount>22.65</AmountByAccount>
    </TransactionItem>
  </TransactionItems>
</MontlyReport>