<?xml version="1.0"?>
<MontlyReport xmlns:xsi="http://www.w3.org/2001/XMLSchema-instance" xmlns:xsd="http://www.w3.org/2001/XMLSchema">
  <UserInfo>АЛЕКСАНДР ВАЛЕРЬЕВИЧ КОРЗУН СЛОБОДСКАЯ, д.65, кв.27, Минск, Belarus,</UserInfo>
  <BancInfo>БЕЛИНВЕСТБАНК ГОПЕРу пр.Машерова, 29 Минск 220002</BancInfo>
  <ReportInfo>EC/MC Выписка по картам 1642095-2014/1201</ReportInfo>
  <PeriodInfo>Расчетный цикл 02-11-2014по01-12-2014</PeriodInfo>
  <CreationInfo>Сформировано 01-12-2014 20:52:42</CreationInfo>
  <AccountNumber>739001RUB0000A05A1A</AccountNumber>
  <AccountCurrency>RUB</AccountCurrency>
  <ImmutableBalance>10000.00</ImmutableBalance>
  <MinBalance>0.00</MinBalance>
  <AvailibleCredit>0.00</AvailibleCredit>
  <PrevBalance>122360.72</PrevBalance>
  <TransactionItems>
    <TransactionItem>
      <RegistrationDate>2014-11-28T00:00:00</RegistrationDate>
      <TransactionDate>2014-11-28T00:00:00</TransactionDate>
      <TransactionCode>3958820/23431180</TransactionCode>
      <Description>Зачисление на счет - начисл. проц-в: КОРЗУН АЛЕКСАНДР ВАЛЕРЬЕВИЧ; 6901878588014-&gt;3014775405034-91kRUB-A05A1A = 651,89 RUB</Description>
      <Currency />
      <AmountByCurrency>0</AmountByCurrency>
      <AmountByAccount>651.89</AmountByAccount>
    </TransactionItem>
    <TransactionItem>
      <RegistrationDate>2014-11-17T00:00:00</RegistrationDate>
      <TransactionDate>2014-11-13T00:00:00</TransactionDate>
      <TransactionCode>1141117/545</TransactionCode>
      <Description>Оплата товаров и услуг - ORIGIN COM EA - GENEVA</Description>
      <Currency>RUB</Currency>
      <AmountByCurrency>-1799.00</AmountByCurrency>
      <AmountByAccount>-1799.00</AmountByAccount>
    </TransactionItem>
  </TransactionItems>
</MontlyReport>