<?xml version="1.0"?>
<MontlyReport xmlns:xsi="http://www.w3.org/2001/XMLSchema-instance" xmlns:xsd="http://www.w3.org/2001/XMLSchema">
  <UserInfo>АЛЕКСАНДР ВАЛЕРЬЕВИЧ КОРЗУН СЛОБОДСКАЯ, д.65, кв.27, Минск, Belarus,</UserInfo>
  <BancInfo>БЕЛИНВЕСТБАНК ГОПЕРу пр.Машерова, 29 Минск 220002</BancInfo>
  <ReportInfo>EC/MC Выписка по картам 1570384-2014/1101</ReportInfo>
  <PeriodInfo>Расчетный цикл 02-10-2014по01-11-2014</PeriodInfo>
  <CreationInfo>Сформировано 01-11-2014 16:02:56</CreationInfo>
  <AccountNumber>739001BYR00009AFD63</AccountNumber>
  <AccountCurrency>BYR</AccountCurrency>
  <ImmutableBalance>500000.00</ImmutableBalance>
  <MinBalance>0.00</MinBalance>
  <AvailibleCredit>0.00</AvailibleCredit>
  <PrevBalance>65009955.00</PrevBalance>
  <TransactionItems>
    <TransactionItem>
      <RegistrationDate>2014-10-31T00:00:00</RegistrationDate>
      <TransactionDate>2014-10-31T00:00:00</TransactionDate>
      <TransactionCode>3911969/13787421</TransactionCode>
      <Description>Зачисление на счет - начисл. проц-в: КОРЗУН АЛЕКСАНДР ВАЛЕРЬЕВИЧ; 9041251010024-&gt;3014775400013-91kBYR-9AFD63 = 1799871,00 BYR</Description>
      <Currency />
      <AmountByCurrency>0</AmountByCurrency>
      <AmountByAccount>1799871.00</AmountByAccount>
    </TransactionItem>
    <TransactionItem>
      <RegistrationDate>2014-10-02T00:00:00</RegistrationDate>
      <TransactionDate>2014-10-01T00:00:00</TransactionDate>
      <TransactionCode>7079379/1974363</TransactionCode>
      <Description>Оплата товаров и услуг - KAFE "SALODKI FALVARAK" - MINSK</Description>
      <Currency>BYR</Currency>
      <AmountByCurrency>-163200.00</AmountByCurrency>
      <AmountByAccount>-163200.00</AmountByAccount>
    </TransactionItem>
    <TransactionItem>
      <RegistrationDate>2014-10-06T00:00:00</RegistrationDate>
      <TransactionDate>2014-10-03T00:00:00</TransactionDate>
      <TransactionCode>2413Q60/5449675</TransactionCode>
      <Description>Оплата товаров и услуг - KAFE "BUVETTE" - MINSK</Description>
      <Currency>BYR</Currency>
      <AmountByCurrency>-42750.00</AmountByCurrency>
      <AmountByAccount>-42750.00</AmountByAccount>
    </TransactionItem>
    <TransactionItem>
      <RegistrationDate>2014-10-06T00:00:00</RegistrationDate>
      <TransactionDate>2014-10-03T00:00:00</TransactionDate>
      <TransactionCode>9137Q60/0896792</TransactionCode>
      <Description>Выдача наличных - ATM N137 BIB - MINSK</Description>
      <Currency>BYR</Currency>
      <AmountByCurrency>-100000.00</AmountByCurrency>
      <AmountByAccount>-100000.00</AmountByAccount>
    </TransactionItem>
    <TransactionItem>
      <RegistrationDate>2014-10-07T00:00:00</RegistrationDate>
      <TransactionDate>2014-10-06T00:00:00</TransactionDate>
      <TransactionCode>9999Q9O/1462602</TransactionCode>
      <Description>Оплата товаров и услуг - VIRTUAL FOR INTERNET BANKIN - MINSK</Description>
      <Currency>BYR</Currency>
      <AmountByCurrency>-100000.00</AmountByCurrency>
      <AmountByAccount>-100000.00</AmountByAccount>
    </TransactionItem>
    <TransactionItem>
      <RegistrationDate>2014-10-13T00:00:00</RegistrationDate>
      <TransactionDate>2014-10-12T00:00:00</TransactionDate>
      <TransactionCode>0835R50/1060753</TransactionCode>
      <Description>Оплата товаров и услуг - UNIVERSAM "ZAPADNY" - MINSK</Description>
      <Currency>BYR</Currency>
      <AmountByCurrency>-54300.00</AmountByCurrency>
      <AmountByAccount>-54300.00</AmountByAccount>
    </TransactionItem>
    <TransactionItem>
      <RegistrationDate>2014-10-13T00:00:00</RegistrationDate>
      <TransactionDate>2014-10-10T00:00:00</TransactionDate>
      <TransactionCode>9999R3M/2369324</TransactionCode>
      <Description>Зачисление перевода / Возврат покупки - VIRTUAL FOR INTERNET BANKIN - MINSK</Description>
      <Currency>BYR</Currency>
      <AmountByCurrency>9238477.00</AmountByCurrency>
      <AmountByAccount>9238477.00</AmountByAccount>
    </TransactionItem>
    <TransactionItem>
      <RegistrationDate>2014-10-15T00:00:00</RegistrationDate>
      <TransactionDate>2014-10-14T00:00:00</TransactionDate>
      <TransactionCode>4956R7W/3147195</TransactionCode>
      <Description>Оплата товаров и услуг - PT SHOP RUBLEVSKIY 106 - MINSK</Description>
      <Currency>BYR</Currency>
      <AmountByCurrency>-21650.00</AmountByCurrency>
      <AmountByAccount>-21650.00</AmountByAccount>
    </TransactionItem>
    <TransactionItem>
      <RegistrationDate>2014-10-20T00:00:00</RegistrationDate>
      <TransactionDate>2014-10-17T00:00:00</TransactionDate>
      <TransactionCode>9061S00/3928640</TransactionCode>
      <Description>Выдача наличных - ATM GOPERY BIB - MINSK</Description>
      <Currency>BYR</Currency>
      <AmountByCurrency>-300000.00</AmountByCurrency>
      <AmountByAccount>-300000.00</AmountByAccount>
    </TransactionItem>
    <TransactionItem>
      <RegistrationDate>2014-10-20T00:00:00</RegistrationDate>
      <TransactionDate>2014-10-17T00:00:00</TransactionDate>
      <TransactionCode>9999S00/4023922</TransactionCode>
      <Description>Оплата товаров и услуг - VIRTUAL FOR INTERNET BANKIN - MINSK</Description>
      <Currency>BYR</Currency>
      <AmountByCurrency>-50000.00</AmountByCurrency>
      <AmountByAccount>-50000.00</AmountByAccount>
    </TransactionItem>
    <TransactionItem>
      <RegistrationDate>2014-10-21T00:00:00</RegistrationDate>
      <TransactionDate>2014-10-20T00:00:00</TransactionDate>
      <TransactionCode>9061S30/4621760</TransactionCode>
      <Description>Выдача наличных - ATM GOPERY BIB - MINSK</Description>
      <Currency>BYR</Currency>
      <AmountByCurrency>-100000.00</AmountByCurrency>
      <AmountByAccount>-100000.00</AmountByAccount>
    </TransactionItem>
    <TransactionItem>
      <RegistrationDate>2014-10-21T00:00:00</RegistrationDate>
      <TransactionDate>2014-10-20T00:00:00</TransactionDate>
      <TransactionCode>9999S33/4514302</TransactionCode>
      <Description>Оплата товаров и услуг - VIRTUAL FOR INTERNET BANKIN - MINSK</Description>
      <Currency>BYR</Currency>
      <AmountByCurrency>-100000.00</AmountByCurrency>
      <AmountByAccount>-100000.00</AmountByAccount>
    </TransactionItem>
    <TransactionItem>
      <RegistrationDate>2014-10-27T00:00:00</RegistrationDate>
      <TransactionDate>2014-10-24T00:00:00</TransactionDate>
      <TransactionCode>9999S78/5708207</TransactionCode>
      <Description>Оплата товаров и услуг - VIRTUAL FOR INTERNET BANKIN - MINSK</Description>
      <Currency>BYR</Currency>
      <AmountByCurrency>-122835.00</AmountByCurrency>
      <AmountByAccount>-122835.00</AmountByAccount>
    </TransactionItem>
    <TransactionItem>
      <RegistrationDate>2014-10-27T00:00:00</RegistrationDate>
      <TransactionDate>2014-10-24T00:00:00</TransactionDate>
      <TransactionCode>9999S78/5708101</TransactionCode>
      <Description>Оплата товаров и услуг - VIRTUAL FOR INTERNET BANKIN - MINSK</Description>
      <Currency>BYR</Currency>
      <AmountByCurrency>-266742.00</AmountByCurrency>
      <AmountByAccount>-266742.00</AmountByAccount>
    </TransactionItem>
    <TransactionItem>
      <RegistrationDate>2014-10-27T00:00:00</RegistrationDate>
      <TransactionDate>2014-10-24T00:00:00</TransactionDate>
      <TransactionCode>1141027/1655</TransactionCode>
      <Description>Оплата товаров и услуг - KAFE SHTOLLE - MINSK</Description>
      <Currency>BYR</Currency>
      <AmountByCurrency>-50000.00</AmountByCurrency>
      <AmountByAccount>-50000.00</AmountByAccount>
    </TransactionItem>
    <TransactionItem>
      <RegistrationDate>2014-10-27T00:00:00</RegistrationDate>
      <TransactionDate>2014-10-25T00:00:00</TransactionDate>
      <TransactionCode>0456144/9028299</TransactionCode>
      <Description>Оплата товаров и услуг - HYPERMARKET "PROSTORE" BAPB - MINSK</Description>
      <Currency>BYR</Currency>
      <AmountByCurrency>-26450.00</AmountByCurrency>
      <AmountByAccount>-26450.00</AmountByAccount>
    </TransactionItem>
    <TransactionItem>
      <RegistrationDate>2014-10-27T00:00:00</RegistrationDate>
      <TransactionDate>2014-10-24T00:00:00</TransactionDate>
      <TransactionCode>9999S71/6202831</TransactionCode>
      <Description>Зачисление перевода / Возврат покупки - VIRTUAL FOR INTERNET BANKIN - MINSK</Description>
      <Currency>BYR</Currency>
      <AmountByCurrency>804000.00</AmountByCurrency>
      <AmountByAccount>804000.00</AmountByAccount>
    </TransactionItem>
    <TransactionItem>
      <RegistrationDate>2014-10-28T00:00:00</RegistrationDate>
      <TransactionDate>2014-10-27T00:00:00</TransactionDate>
      <TransactionCode>9999T0A/6290312</TransactionCode>
      <Description>Оплата товаров и услуг - VIRTUAL FOR INTERNET BANKIN - MINSK</Description>
      <Currency>BYR</Currency>
      <AmountByCurrency>-100000.00</AmountByCurrency>
      <AmountByAccount>-100000.00</AmountByAccount>
    </TransactionItem>
    <TransactionItem>
      <RegistrationDate>2014-10-28T00:00:00</RegistrationDate>
      <TransactionDate>2014-10-27T00:00:00</TransactionDate>
      <TransactionCode>9061T00/6357433</TransactionCode>
      <Description>Выдача наличных - ATM GOPERY BIB - MINSK</Description>
      <Currency>BYR</Currency>
      <AmountByCurrency>-100000.00</AmountByCurrency>
      <AmountByAccount>-100000.00</AmountByAccount>
    </TransactionItem>
    <TransactionItem>
      <RegistrationDate>2014-10-28T00:00:00</RegistrationDate>
      <TransactionDate>2014-10-27T00:00:00</TransactionDate>
      <TransactionCode>9061T00/6357432</TransactionCode>
      <Description>Выдача наличных - ATM GOPERY BIB - MINSK</Description>
      <Currency>BYR</Currency>
      <AmountByCurrency>-100000.00</AmountByCurrency>
      <AmountByAccount>-100000.00</AmountByAccount>
    </TransactionItem>
    <TransactionItem>
      <RegistrationDate>2014-10-28T00:00:00</RegistrationDate>
      <TransactionDate>2014-10-27T00:00:00</TransactionDate>
      <TransactionCode>2401180/2635217</TransactionCode>
      <Description>Оплата товаров и услуг - SHOP - MINSK</Description>
      <Currency>BYR</Currency>
      <AmountByCurrency>-777000.00</AmountByCurrency>
      <AmountByAccount>-777000.00</AmountByAccount>
    </TransactionItem>
  </TransactionItems>
</MontlyReport>