<?xml version="1.0"?>
<MontlyReport xmlns:xsi="http://www.w3.org/2001/XMLSchema-instance" xmlns:xsd="http://www.w3.org/2001/XMLSchema">
  <UserInfo>АЛЕКСАНДР ВАЛЕРЬЕВИЧ КОРЗУН СЛОБОДСКАЯ, д.65, кв.27, Минск, Belarus,</UserInfo>
  <BancInfo>БЕЛИНВЕСТБАНК ГОПЕРу пр.Машерова, 29 Минск 220002</BancInfo>
  <ReportInfo>EC/MC Выписка по картам 1570384-2015/0105</ReportInfo>
  <PeriodInfo>Расчетный цикл 02-12-2014по05-01-2015</PeriodInfo>
  <CreationInfo>Сформировано 05-01-2015 21:44:24</CreationInfo>
  <AccountNumber>739001BYR00009AFD63</AccountNumber>
  <AccountCurrency>BYR</AccountCurrency>
  <ImmutableBalance>500000.00</ImmutableBalance>
  <MinBalance>0.00</MinBalance>
  <AvailibleCredit>0.00</AvailibleCredit>
  <PrevBalance>81403871.00</PrevBalance>
  <TransactionItems>
    <TransactionItem>
      <RegistrationDate>2014-12-31T00:00:00</RegistrationDate>
      <TransactionDate>2014-12-31T00:00:00</TransactionDate>
      <TransactionCode>4012207/35325644</TransactionCode>
      <Description>Зачисление на счет - начисл. проц-в: КОРЗУН АЛЕКСАНДР ВАЛЕРЬЕВИЧ; 9041251010024-&gt;3014775400013-91kBYR-9AFD63 = 787853,00 BYR</Description>
      <Currency />
      <AmountByCurrency>0</AmountByCurrency>
      <AmountByAccount>787853.00</AmountByAccount>
    </TransactionItem>
    <TransactionItem>
      <RegistrationDate>2015-01-03T00:00:00</RegistrationDate>
      <TransactionDate>2014-12-31T00:00:00</TransactionDate>
      <TransactionCode>4013984/36723630</TransactionCode>
      <Description>Зачисление на счет - начисл. проц-в: КОРЗУН АЛЕКСАНДР ВАЛЕРЬЕВИЧ; 9041251010024-&gt;3014775400013-91kBYR-9AFD63 = 1276,00 BYR</Description>
      <Currency />
      <AmountByCurrency>0</AmountByCurrency>
      <AmountByAccount>1276.00</AmountByAccount>
    </TransactionItem>
    <TransactionItem>
      <RegistrationDate>2014-12-08T00:00:00</RegistrationDate>
      <TransactionDate>2014-12-05T00:00:00</TransactionDate>
      <TransactionCode>3820340/6240557</TransactionCode>
      <Description>Оплата товаров и услуг - KAFE "PROSPEKT" - MINSK</Description>
      <Currency>BYR</Currency>
      <AmountByCurrency>-42800.00</AmountByCurrency>
      <AmountByAccount>-42800.00</AmountByAccount>
    </TransactionItem>
    <TransactionItem>
      <RegistrationDate>2014-12-08T00:00:00</RegistrationDate>
      <TransactionDate>2014-12-03T00:00:00</TransactionDate>
      <TransactionCode>1141208/1650</TransactionCode>
      <Description>Оплата товаров и услуг - KAFE SHTOLLE - MINSK</Description>
      <Currency>BYR</Currency>
      <AmountByCurrency>-30000.00</AmountByCurrency>
      <AmountByAccount>-30000.00</AmountByAccount>
    </TransactionItem>
    <TransactionItem>
      <RegistrationDate>2014-12-08T00:00:00</RegistrationDate>
      <TransactionDate>2014-12-06T00:00:00</TransactionDate>
      <TransactionCode>9999X0-/5013976</TransactionCode>
      <Description>Перевод средств - VIRTUAL FOR INTERNET BANKIN - MINSK</Description>
      <Currency>BYR</Currency>
      <AmountByCurrency>-100000.00</AmountByCurrency>
      <AmountByAccount>-100000.00</AmountByAccount>
    </TransactionItem>
    <TransactionItem>
      <RegistrationDate>2014-12-09T00:00:00</RegistrationDate>
      <TransactionDate>2014-12-06T00:00:00</TransactionDate>
      <TransactionCode>9999X0E/5268334</TransactionCode>
      <Description>Оплата товаров и услуг - VIRTUAL FOR INTERNET BANKIN - MINSK</Description>
      <Currency>BYR</Currency>
      <AmountByCurrency>-50000.00</AmountByCurrency>
      <AmountByAccount>-50000.00</AmountByAccount>
    </TransactionItem>
    <TransactionItem>
      <RegistrationDate>2014-12-11T00:00:00</RegistrationDate>
      <TransactionDate>2014-12-10T00:00:00</TransactionDate>
      <TransactionCode>9999X4D/5870387</TransactionCode>
      <Description>Перевод средств - VIRTUAL FOR INTERNET BANKIN - MINSK</Description>
      <Currency>BYR</Currency>
      <AmountByCurrency>-80000000.00</AmountByCurrency>
      <AmountByAccount>-80000000.00</AmountByAccount>
    </TransactionItem>
    <TransactionItem>
      <RegistrationDate>2014-12-11T00:00:00</RegistrationDate>
      <TransactionDate>2014-12-08T00:00:00</TransactionDate>
      <TransactionCode>1141211/1690</TransactionCode>
      <Description>Оплата товаров и услуг - KAFE SHTOLLE - MINSK</Description>
      <Currency>BYR</Currency>
      <AmountByCurrency>-36000.00</AmountByCurrency>
      <AmountByAccount>-36000.00</AmountByAccount>
    </TransactionItem>
    <TransactionItem>
      <RegistrationDate>2014-12-15T00:00:00</RegistrationDate>
      <TransactionDate>2014-12-12T00:00:00</TransactionDate>
      <TransactionCode>9061X60/6335332</TransactionCode>
      <Description>Выдача наличных - ATM GOPERY BIB - MINSK</Description>
      <Currency>BYR</Currency>
      <AmountByCurrency>-100000.00</AmountByCurrency>
      <AmountByAccount>-100000.00</AmountByAccount>
    </TransactionItem>
    <TransactionItem>
      <RegistrationDate>2014-12-16T00:00:00</RegistrationDate>
      <TransactionDate>2014-12-15T00:00:00</TransactionDate>
      <TransactionCode>9999X9N/6954031</TransactionCode>
      <Description>Оплата товаров и услуг - VIRTUAL FOR INTERNET BANKIN - MINSK</Description>
      <Currency>BYR</Currency>
      <AmountByCurrency>-100000.00</AmountByCurrency>
      <AmountByAccount>-100000.00</AmountByAccount>
    </TransactionItem>
    <TransactionItem>
      <RegistrationDate>2014-12-16T00:00:00</RegistrationDate>
      <TransactionDate>2014-12-15T00:00:00</TransactionDate>
      <TransactionCode>0254345/4476645</TransactionCode>
      <Description>Оплата товаров и услуг - HYPERMARKET "SKALA" BAPB - MINSK</Description>
      <Currency>BYR</Currency>
      <AmountByCurrency>-51200.00</AmountByCurrency>
      <AmountByAccount>-51200.00</AmountByAccount>
    </TransactionItem>
    <TransactionItem>
      <RegistrationDate>2014-12-17T00:00:00</RegistrationDate>
      <TransactionDate>2014-12-16T00:00:00</TransactionDate>
      <TransactionCode>0230292/7330061</TransactionCode>
      <Description>Оплата товаров и услуг - HYPERMARKET "SKALA" BAPB - MINSK</Description>
      <Currency>BYR</Currency>
      <AmountByCurrency>-50850.00</AmountByCurrency>
      <AmountByAccount>-50850.00</AmountByAccount>
    </TransactionItem>
    <TransactionItem>
      <RegistrationDate>2014-12-22T00:00:00</RegistrationDate>
      <TransactionDate>2014-12-21T00:00:00</TransactionDate>
      <TransactionCode>9999Y5O/8597167</TransactionCode>
      <Description>Зачисление перевода / Возврат покупки - VIRTUAL FOR INTERNET BANKIN - MINSK</Description>
      <Currency>BYR</Currency>
      <AmountByCurrency>3166000.00</AmountByCurrency>
      <AmountByAccount>3166000.00</AmountByAccount>
    </TransactionItem>
    <TransactionItem>
      <RegistrationDate>2014-12-23T00:00:00</RegistrationDate>
      <TransactionDate>2014-12-21T00:00:00</TransactionDate>
      <TransactionCode>1141223/8416</TransactionCode>
      <Description>Оплата товаров и услуг - SILVERSCREEN.BY - SILVERSCREENB</Description>
      <Currency>BYR</Currency>
      <AmountByCurrency>-140000.00</AmountByCurrency>
      <AmountByAccount>-140000.00</AmountByAccount>
    </TransactionItem>
    <TransactionItem>
      <RegistrationDate>2014-12-23T00:00:00</RegistrationDate>
      <TransactionDate>2014-12-22T00:00:00</TransactionDate>
      <TransactionCode>9999Y6U/8918310</TransactionCode>
      <Description>Оплата товаров и услуг - VIRTUAL FOR INTERNET BANKIN - MINSK</Description>
      <Currency>BYR</Currency>
      <AmountByCurrency>-150000.00</AmountByCurrency>
      <AmountByAccount>-150000.00</AmountByAccount>
    </TransactionItem>
    <TransactionItem>
      <RegistrationDate>2014-12-24T00:00:00</RegistrationDate>
      <TransactionDate>2014-12-21T00:00:00</TransactionDate>
      <TransactionCode>1141224/4828</TransactionCode>
      <Description>Отмена оплаты товаров и услуг - SILVERSCREEN.BY - SILVERSCREENB</Description>
      <Currency>BYR</Currency>
      <AmountByCurrency>140000.00</AmountByCurrency>
      <AmountByAccount>140000.00</AmountByAccount>
    </TransactionItem>
    <TransactionItem>
      <RegistrationDate>2014-12-26T00:00:00</RegistrationDate>
      <TransactionDate>2014-12-24T00:00:00</TransactionDate>
      <TransactionCode>9999Y8W/9486152</TransactionCode>
      <Description>Оплата товаров и услуг - VIRTUAL FOR INTERNET BANKIN - MINSK</Description>
      <Currency>BYR</Currency>
      <AmountByCurrency>-122835.00</AmountByCurrency>
      <AmountByAccount>-122835.00</AmountByAccount>
    </TransactionItem>
    <TransactionItem>
      <RegistrationDate>2014-12-26T00:00:00</RegistrationDate>
      <TransactionDate>2014-12-24T00:00:00</TransactionDate>
      <TransactionCode>9999Y8W/9485826</TransactionCode>
      <Description>Оплата товаров и услуг - VIRTUAL FOR INTERNET BANKIN - MINSK</Description>
      <Currency>BYR</Currency>
      <AmountByCurrency>-17700.00</AmountByCurrency>
      <AmountByAccount>-17700.00</AmountByAccount>
    </TransactionItem>
    <TransactionItem>
      <RegistrationDate>2014-12-26T00:00:00</RegistrationDate>
      <TransactionDate>2014-12-24T00:00:00</TransactionDate>
      <TransactionCode>9999Y8W/9485930</TransactionCode>
      <Description>Оплата товаров и услуг - VIRTUAL FOR INTERNET BANKIN - MINSK</Description>
      <Currency>BYR</Currency>
      <AmountByCurrency>-406883.00</AmountByCurrency>
      <AmountByAccount>-406883.00</AmountByAccount>
    </TransactionItem>
    <TransactionItem>
      <RegistrationDate>2014-12-26T00:00:00</RegistrationDate>
      <TransactionDate>2014-12-24T00:00:00</TransactionDate>
      <TransactionCode>9999Y8W/9486229</TransactionCode>
      <Description>Оплата товаров и услуг - VIRTUAL FOR INTERNET BANKIN - MINSK</Description>
      <Currency>BYR</Currency>
      <AmountByCurrency>-49500.00</AmountByCurrency>
      <AmountByAccount>-49500.00</AmountByAccount>
    </TransactionItem>
  </TransactionItems>
</MontlyReport>