<?xml version="1.0"?>
<MontlyReport xmlns:xsi="http://www.w3.org/2001/XMLSchema-instance" xmlns:xsd="http://www.w3.org/2001/XMLSchema">
  <UserInfo>АЛЕКСАНДР ВАЛЕРЬЕВИЧ КОРЗУН СЛОБОДСКАЯ, д.65, кв.27, Минск, Belarus,</UserInfo>
  <BancInfo>БЕЛИНВЕСТБАНК ГОПЕРу пр.Машерова, 29 Минск 220002</BancInfo>
  <ReportInfo>EC/MC Выписка по картам 1570384-2013/1102</ReportInfo>
  <PeriodInfo>Расчетный цикл 02-10-2013по02-11-2013</PeriodInfo>
  <CreationInfo>Сформировано 02-11-2013 15:13:01</CreationInfo>
  <AccountNumber>739001BYR00009AFD63</AccountNumber>
  <AccountCurrency>BYR</AccountCurrency>
  <ImmutableBalance>500000.00</ImmutableBalance>
  <MinBalance>0.00</MinBalance>
  <AvailibleCredit>0.00</AvailibleCredit>
  <PrevBalance>6942382.00</PrevBalance>
  <TransactionItems>
    <TransactionItem>
      <RegistrationDate>2013-10-31T00:00:00</RegistrationDate>
      <TransactionDate>2013-10-31T00:00:00</TransactionDate>
      <TransactionCode>3379660/92624022</TransactionCode>
      <Description>Зачисление на счет - начисл. проц-в: КОРЗУН АЛЕКСАНДР ВАЛЕРЬЕВИЧ; 9041251010024-&gt;3014775400013-91kBYR-9AFD63 = 291407,00 BYR</Description>
      <Currency />
      <AmountByCurrency>0</AmountByCurrency>
      <AmountByAccount>291407.00</AmountByAccount>
    </TransactionItem>
    <TransactionItem>
      <RegistrationDate>2013-10-04T00:00:00</RegistrationDate>
      <TransactionDate>2013-10-03T00:00:00</TransactionDate>
      <TransactionCode>9999Q6F/3340293</TransactionCode>
      <Description>Оплата товаров и услуг - VIRTUAL FOR INTERNET BANKIN - MINSK</Description>
      <Currency>BYR</Currency>
      <AmountByCurrency>-20000.00</AmountByCurrency>
      <AmountByAccount>-20000.00</AmountByAccount>
    </TransactionItem>
    <TransactionItem>
      <RegistrationDate>2013-10-14T00:00:00</RegistrationDate>
      <TransactionDate>2013-10-13T00:00:00</TransactionDate>
      <TransactionCode>9061R60/5345615</TransactionCode>
      <Description>Выдача наличных - ATM GOPERY BIB - MINSK</Description>
      <Currency>BYR</Currency>
      <AmountByCurrency>-200000.00</AmountByCurrency>
      <AmountByAccount>-200000.00</AmountByAccount>
    </TransactionItem>
    <TransactionItem>
      <RegistrationDate>2013-10-14T00:00:00</RegistrationDate>
      <TransactionDate>2013-10-11T00:00:00</TransactionDate>
      <TransactionCode>9999R48/5045244</TransactionCode>
      <Description>Зачисление перевода / Возврат покупки - VIRTUAL FOR INTERNET BANKIN - MINSK</Description>
      <Currency>BYR</Currency>
      <AmountByCurrency>2394015.00</AmountByCurrency>
      <AmountByAccount>2394015.00</AmountByAccount>
    </TransactionItem>
    <TransactionItem>
      <RegistrationDate>2013-10-18T00:00:00</RegistrationDate>
      <TransactionDate>2013-10-17T00:00:00</TransactionDate>
      <TransactionCode>9061S00/6141018</TransactionCode>
      <Description>Выдача наличных - ATM GOPERY BIB - MINSK</Description>
      <Currency>BYR</Currency>
      <AmountByCurrency>-100000.00</AmountByCurrency>
      <AmountByAccount>-100000.00</AmountByAccount>
    </TransactionItem>
    <TransactionItem>
      <RegistrationDate>2013-10-28T00:00:00</RegistrationDate>
      <TransactionDate>2013-10-25T00:00:00</TransactionDate>
      <TransactionCode>9999S82/7910910</TransactionCode>
      <Description>Оплата товаров и услуг - VIRTUAL FOR INTERNET BANKIN - MINSK</Description>
      <Currency>BYR</Currency>
      <AmountByCurrency>-47400.00</AmountByCurrency>
      <AmountByAccount>-47400.00</AmountByAccount>
    </TransactionItem>
    <TransactionItem>
      <RegistrationDate>2013-10-28T00:00:00</RegistrationDate>
      <TransactionDate>2013-10-25T00:00:00</TransactionDate>
      <TransactionCode>9999S82/7910243</TransactionCode>
      <Description>Оплата товаров и услуг - VIRTUAL FOR INTERNET BANKIN - MINSK</Description>
      <Currency>BYR</Currency>
      <AmountByCurrency>-198451.00</AmountByCurrency>
      <AmountByAccount>-198451.00</AmountByAccount>
    </TransactionItem>
    <TransactionItem>
      <RegistrationDate>2013-10-28T00:00:00</RegistrationDate>
      <TransactionDate>2013-10-25T00:00:00</TransactionDate>
      <TransactionCode>9999S82/7910942</TransactionCode>
      <Description>Оплата товаров и услуг - VIRTUAL FOR INTERNET BANKIN - MINSK</Description>
      <Currency>BYR</Currency>
      <AmountByCurrency>-91899.00</AmountByCurrency>
      <AmountByAccount>-91899.00</AmountByAccount>
    </TransactionItem>
    <TransactionItem>
      <RegistrationDate>2013-10-28T00:00:00</RegistrationDate>
      <TransactionDate>2013-10-25T00:00:00</TransactionDate>
      <TransactionCode>9999S82/7910971</TransactionCode>
      <Description>Оплата товаров и услуг - VIRTUAL FOR INTERNET BANKIN - MINSK</Description>
      <Currency>BYR</Currency>
      <AmountByCurrency>-6650.00</AmountByCurrency>
      <AmountByAccount>-6650.00</AmountByAccount>
    </TransactionItem>
    <TransactionItem>
      <RegistrationDate>2013-10-29T00:00:00</RegistrationDate>
      <TransactionDate>2013-10-28T00:00:00</TransactionDate>
      <TransactionCode>9999T1O/8555802</TransactionCode>
      <Description>Зачисление перевода / Возврат покупки - VIRTUAL FOR INTERNET BANKIN - MINSK</Description>
      <Currency>BYR</Currency>
      <AmountByCurrency>804000.00</AmountByCurrency>
      <AmountByAccount>804000.00</AmountByAccount>
    </TransactionItem>
    <TransactionItem>
      <RegistrationDate>2013-10-29T00:00:00</RegistrationDate>
      <TransactionDate>2013-10-28T00:00:00</TransactionDate>
      <TransactionCode>9999T15/8571200</TransactionCode>
      <Description>Оплата товаров и услуг - VIRTUAL FOR INTERNET BANKIN - MINSK</Description>
      <Currency>BYR</Currency>
      <AmountByCurrency>-25000.00</AmountByCurrency>
      <AmountByAccount>-25000.00</AmountByAccount>
    </TransactionItem>
  </TransactionItems>
</MontlyReport>