<?xml version="1.0"?>
<MontlyReport xmlns:xsi="http://www.w3.org/2001/XMLSchema-instance" xmlns:xsd="http://www.w3.org/2001/XMLSchema">
  <UserInfo>АЛЕКСАНДР ВАЛЕРЬЕВИЧ КОРЗУН СЛОБОДСКАЯ, д.65, кв.27, Минск, Belarus,</UserInfo>
  <BancInfo>БЕЛИНВЕСТБАНК ГОПЕРу пр.Машерова, 29 Минск 220002</BancInfo>
  <ReportInfo>EC/MC Выписка по картам 1642095-2013/0801</ReportInfo>
  <PeriodInfo>Расчетный цикл 11-07-2013по01-08-2013</PeriodInfo>
  <CreationInfo>Сформировано 02-08-2013 10:35:03</CreationInfo>
  <AccountNumber>739001RUB0000A05A1A</AccountNumber>
  <AccountCurrency>RUB</AccountCurrency>
  <ImmutableBalance>10000.00</ImmutableBalance>
  <MinBalance>0.00</MinBalance>
  <AvailibleCredit>0.00</AvailibleCredit>
  <PrevBalance>0.00</PrevBalance>
  <TransactionItems>
    <TransactionItem>
      <RegistrationDate>2013-07-31T00:00:00</RegistrationDate>
      <TransactionDate>2013-07-31T00:00:00</TransactionDate>
      <TransactionCode>3249166/64720452</TransactionCode>
      <Description>Зачисление на счет - начисл. проц-в: КОРЗУН АЛЕКСАНДР ВАЛЕРЬЕВИЧ; 6901540006433-&gt;3014775405034-91kRUB-A05A1A = 80,95 RUB</Description>
      <Currency />
      <AmountByCurrency>0</AmountByCurrency>
      <AmountByAccount>80.95</AmountByAccount>
    </TransactionItem>
    <TransactionItem>
      <RegistrationDate>2013-07-19T00:00:00</RegistrationDate>
      <TransactionDate>2013-07-18T00:00:00</TransactionDate>
      <TransactionCode>9999I9U/8505044</TransactionCode>
      <Description>Зачисление перевода / Возврат покупки - VIRTUAL FOR INTERNET BANKIN - MINSK</Description>
      <Currency>BYR</Currency>
      <AmountByCurrency>2780000.00</AmountByCurrency>
      <AmountByAccount>10000.00</AmountByAccount>
    </TransactionItem>
    <TransactionItem>
      <RegistrationDate>2013-07-19T00:00:00</RegistrationDate>
      <TransactionDate>2013-07-18T00:00:00</TransactionDate>
      <TransactionCode>9999I9U/8505337</TransactionCode>
      <Description>Зачисление перевода / Возврат покупки - VIRTUAL FOR INTERNET BANKIN - MINSK</Description>
      <Currency>BYR</Currency>
      <AmountByCurrency>13900000.00</AmountByCurrency>
      <AmountByAccount>50000.00</AmountByAccount>
    </TransactionItem>
    <TransactionItem>
      <RegistrationDate>2013-07-23T00:00:00</RegistrationDate>
      <TransactionDate>2013-07-22T00:00:00</TransactionDate>
      <TransactionCode>9999J3Y/9332786</TransactionCode>
      <Description>Зачисление перевода / Возврат покупки - VIRTUAL FOR INTERNET BANKIN - MINSK</Description>
      <Currency>BYR</Currency>
      <AmountByCurrency>7890000.00</AmountByCurrency>
      <AmountByAccount>28381.29</AmountByAccount>
    </TransactionItem>
  </TransactionItems>
</MontlyReport>