<?xml version="1.0"?>
<MontlyReport xmlns:xsi="http://www.w3.org/2001/XMLSchema-instance" xmlns:xsd="http://www.w3.org/2001/XMLSchema">
  <UserInfo>АЛЕКСАНДР ВАЛЕРЬЕВИЧ КОРЗУН СЛОБОДСКАЯ, д.65, кв.27, Минск, Belarus,</UserInfo>
  <BancInfo>БЕЛИНВЕСТБАНК ГОПЕРу пр.Машерова, 29 Минск 220002</BancInfo>
  <ReportInfo>EC/MC Выписка по картам 1642094-2013/0801</ReportInfo>
  <PeriodInfo>Расчетный цикл 11-07-2013по01-08-2013</PeriodInfo>
  <CreationInfo>Сформировано 02-08-2013 10:35:03</CreationInfo>
  <AccountNumber>739001USD0000A05A15</AccountNumber>
  <AccountCurrency>USD</AccountCurrency>
  <ImmutableBalance>300.00</ImmutableBalance>
  <MinBalance>0.00</MinBalance>
  <AvailibleCredit>0.00</AvailibleCredit>
  <PrevBalance>0.00</PrevBalance>
  <TransactionItems>
    <TransactionItem>
      <RegistrationDate>2013-07-19T00:00:00</RegistrationDate>
      <TransactionDate>2013-07-18T00:00:00</TransactionDate>
      <TransactionCode>9999I9U/8505057</TransactionCode>
      <Description>Зачисление перевода / Возврат покупки - VIRTUAL FOR INTERNET BANKIN - MINSK</Description>
      <Currency>BYR</Currency>
      <AmountByCurrency>2712000.00</AmountByCurrency>
      <AmountByAccount>300.00</AmountByAccount>
    </TransactionItem>
  </TransactionItems>
</MontlyReport>