<?xml version="1.0"?>
<MontlyReport xmlns:xsi="http://www.w3.org/2001/XMLSchema-instance" xmlns:xsd="http://www.w3.org/2001/XMLSchema">
  <UserInfo>АЛЕКСАНДР ВАЛЕРЬЕВИЧ КОРЗУН СЛОБОДСКАЯ, д.65, кв.27, Минск, Belarus,</UserInfo>
  <BancInfo>БЕЛИНВЕСТБАНК ГОПЕРу пр.Машерова, 29 Минск 220002</BancInfo>
  <ReportInfo>EC/MC Выписка по картам 1642094-2015/0105</ReportInfo>
  <PeriodInfo>Расчетный цикл 02-12-2014по05-01-2015</PeriodInfo>
  <CreationInfo>Сформировано 05-01-2015 21:44:24</CreationInfo>
  <AccountNumber>739001USD0000A05A15</AccountNumber>
  <AccountCurrency>USD</AccountCurrency>
  <ImmutableBalance>300.00</ImmutableBalance>
  <MinBalance>0.00</MinBalance>
  <AvailibleCredit>0.00</AvailibleCredit>
  <PrevBalance>300.00</PrevBalance>
  <TransactionItems>
    <TransactionItem>
      <RegistrationDate>2014-12-31T00:00:00</RegistrationDate>
      <TransactionDate>2014-12-31T00:00:00</TransactionDate>
      <TransactionCode>4012203/35625505</TransactionCode>
      <Description>Зачисление на счет - начисл. проц-в: КОРЗУН АЛЕКСАНДР ВАЛЕРЬЕВИЧ; 6901870015019-&gt;3014775405018-91kUSD-A05A15 = 20,98 USD</Description>
      <Currency />
      <AmountByCurrency>0</AmountByCurrency>
      <AmountByAccount>20.98</AmountByAccount>
    </TransactionItem>
    <TransactionItem>
      <RegistrationDate>2015-01-03T00:00:00</RegistrationDate>
      <TransactionDate>2014-12-31T00:00:00</TransactionDate>
      <TransactionCode>4014004/36721953</TransactionCode>
      <Description>Зачисление на счет - начисл. проц-в: КОРЗУН АЛЕКСАНДР ВАЛЕРЬЕВИЧ; 6901870015019-&gt;3014775405018-91kUSD-A05A15 = 1,16 USD</Description>
      <Currency />
      <AmountByCurrency>0</AmountByCurrency>
      <AmountByAccount>1.16</AmountByAccount>
    </TransactionItem>
    <TransactionItem>
      <RegistrationDate>2014-12-11T00:00:00</RegistrationDate>
      <TransactionDate>2014-12-10T00:00:00</TransactionDate>
      <TransactionCode>9999X4D/5870386</TransactionCode>
      <Description>Зачисление перевода / Возврат покупки - VIRTUAL FOR INTERNET BANKIN - MINSK</Description>
      <Currency>BYR</Currency>
      <AmountByCurrency>80000000.00</AmountByCurrency>
      <AmountByAccount>7292.64</AmountByAccount>
    </TransactionItem>
    <TransactionItem>
      <RegistrationDate>2014-12-11T00:00:00</RegistrationDate>
      <TransactionDate>2014-12-10T00:00:00</TransactionDate>
      <TransactionCode>9999X4D/5870381</TransactionCode>
      <Description>Зачисление перевода / Возврат покупки - VIRTUAL FOR INTERNET BANKIN - MINSK</Description>
      <Currency>BYR</Currency>
      <AmountByCurrency>9012750.00</AmountByCurrency>
      <AmountByAccount>821.58</AmountByAccount>
    </TransactionItem>
  </TransactionItems>
</MontlyReport>