<?xml version="1.0"?>
<MontlyReport xmlns:xsi="http://www.w3.org/2001/XMLSchema-instance" xmlns:xsd="http://www.w3.org/2001/XMLSchema">
  <UserInfo>АЛЕКСАНДР ВАЛЕРЬЕВИЧ КОРЗУН СЛОБОДСКАЯ, д.65, кв.27, Минск, Belarus,</UserInfo>
  <BancInfo>БЕЛИНВЕСТБАНК ГОПЕРу пр.Машерова, 29 Минск 220002</BancInfo>
  <ReportInfo>EC/MC Выписка по картам 1642095-2015/0105</ReportInfo>
  <PeriodInfo>Расчетный цикл 02-12-2014по05-01-2015</PeriodInfo>
  <CreationInfo>Сформировано 05-01-2015 21:44:24</CreationInfo>
  <AccountNumber>739001RUB0000A05A1A</AccountNumber>
  <AccountCurrency>RUB</AccountCurrency>
  <ImmutableBalance>10000.00</ImmutableBalance>
  <MinBalance>0.00</MinBalance>
  <AvailibleCredit>0.00</AvailibleCredit>
  <PrevBalance>121213.61</PrevBalance>
  <TransactionItems>
    <TransactionItem>
      <RegistrationDate>2014-12-31T00:00:00</RegistrationDate>
      <TransactionDate>2014-12-31T00:00:00</TransactionDate>
      <TransactionCode>4012241/35625707</TransactionCode>
      <Description>Зачисление на счет - начисл. проц-в: КОРЗУН АЛЕКСАНДР ВАЛЕРЬЕВИЧ; 6901878588014-&gt;3014775405034-91kRUB-A05A1A = 445,30 RUB</Description>
      <Currency />
      <AmountByCurrency>0</AmountByCurrency>
      <AmountByAccount>445.30</AmountByAccount>
    </TransactionItem>
    <TransactionItem>
      <RegistrationDate>2015-01-03T00:00:00</RegistrationDate>
      <TransactionDate>2014-12-31T00:00:00</TransactionDate>
      <TransactionCode>4014002/36722240</TransactionCode>
      <Description>Зачисление на счет - начисл. проц-в: КОРЗУН АЛЕКСАНДР ВАЛЕРЬЕВИЧ; 6901878588014-&gt;3014775405034-91kRUB-A05A1A = 7,23 RUB</Description>
      <Currency />
      <AmountByCurrency>0</AmountByCurrency>
      <AmountByAccount>7.23</AmountByAccount>
    </TransactionItem>
    <TransactionItem>
      <RegistrationDate>2014-12-12T00:00:00</RegistrationDate>
      <TransactionDate>2014-12-11T00:00:00</TransactionDate>
      <TransactionCode>9442X5D/6170147</TransactionCode>
      <Description>Выдача наличных - PVN OTDELENIYA N540 BIB - MINSK</Description>
      <Currency>RUB</Currency>
      <AmountByCurrency>-3600.00</AmountByCurrency>
      <AmountByAccount>-3600.00</AmountByAccount>
    </TransactionItem>
    <TransactionItem>
      <RegistrationDate>2014-12-15T00:00:00</RegistrationDate>
      <TransactionDate>2014-12-11T00:00:00</TransactionDate>
      <TransactionCode>1141215/4502</TransactionCode>
      <Description>Оплата товаров и услуг - 845 PETROZAVODSK.RU - PETROZAVODSK</Description>
      <Currency>RUB</Currency>
      <AmountByCurrency>-74090.00</AmountByCurrency>
      <AmountByAccount>-74090.00</AmountByAccount>
    </TransactionItem>
    <TransactionItem>
      <RegistrationDate>2015-01-04T00:00:00</RegistrationDate>
      <TransactionDate>2014-12-30T00:00:00</TransactionDate>
      <TransactionCode>1150104/536</TransactionCode>
      <Description>Оплата товаров и услуг - BILYARD-KHOLL - PETROZAVODSK</Description>
      <Currency>RUB</Currency>
      <AmountByCurrency>-1440.00</AmountByCurrency>
      <AmountByAccount>-1440.00</AmountByAccount>
    </TransactionItem>
    <TransactionItem>
      <RegistrationDate>2015-01-04T00:00:00</RegistrationDate>
      <TransactionDate>2014-12-31T00:00:00</TransactionDate>
      <TransactionCode>1150104/681</TransactionCode>
      <Description>Оплата товаров и услуг - MAMKUPI - PETROZAVODSK</Description>
      <Currency>RUB</Currency>
      <AmountByCurrency>-1820.00</AmountByCurrency>
      <AmountByAccount>-1820.00</AmountByAccount>
    </TransactionItem>
  </TransactionItems>
</MontlyReport>