<?xml version="1.0"?>
<MontlyReport xmlns:xsi="http://www.w3.org/2001/XMLSchema-instance" xmlns:xsd="http://www.w3.org/2001/XMLSchema">
  <UserInfo>АЛЕКСАНДР ВАЛЕРЬЕВИЧ КОРЗУН СЛОБОДСКАЯ, д.65, кв.27, Минск, Belarus,</UserInfo>
  <BancInfo>БЕЛИНВЕСТБАНК ГОПЕРу пр.Машерова, 29 Минск 220002</BancInfo>
  <ReportInfo>EC/MC Выписка по картам 1642095-2013/1102</ReportInfo>
  <PeriodInfo>Расчетный цикл 02-10-2013по02-11-2013</PeriodInfo>
  <CreationInfo>Сформировано 02-11-2013 15:13:01</CreationInfo>
  <AccountNumber>739001RUB0000A05A1A</AccountNumber>
  <AccountCurrency>RUB</AccountCurrency>
  <ImmutableBalance>10000.00</ImmutableBalance>
  <MinBalance>0.00</MinBalance>
  <AvailibleCredit>0.00</AvailibleCredit>
  <PrevBalance>114393.83</PrevBalance>
  <TransactionItems>
    <TransactionItem>
      <RegistrationDate>2013-10-31T00:00:00</RegistrationDate>
      <TransactionDate>2013-10-31T00:00:00</TransactionDate>
      <TransactionCode>3379644/92329570</TransactionCode>
      <Description>Зачисление на счет - начисл. проц-в: КОРЗУН АЛЕКСАНДР ВАЛЕРЬЕВИЧ; 6901540006433-&gt;3014775405034-91kRUB-A05A1A = 340,05 RUB</Description>
      <Currency />
      <AmountByCurrency>0</AmountByCurrency>
      <AmountByAccount>340.05</AmountByAccount>
    </TransactionItem>
  </TransactionItems>
</MontlyReport>