<?xml version="1.0"?>
<MontlyReport xmlns:xsi="http://www.w3.org/2001/XMLSchema-instance" xmlns:xsd="http://www.w3.org/2001/XMLSchema">
  <UserInfo>АЛЕКСАНДР ВАЛЕРЬЕВИЧ КОРЗУН СЛОБОДСКАЯ, д.65, кв.27, Минск, Belarus,</UserInfo>
  <BancInfo>БЕЛИНВЕСТБАНК ГОПЕРу пр.Машерова, 29 Минск 220002</BancInfo>
  <ReportInfo>EC/MC Выписка по картам 1570384-2013/1001</ReportInfo>
  <PeriodInfo>Расчетный цикл 03-09-2013по01-10-2013</PeriodInfo>
  <CreationInfo>Сформировано 02-10-2013 14:16:28</CreationInfo>
  <AccountNumber>739001BYR00009AFD63</AccountNumber>
  <AccountCurrency>BYR</AccountCurrency>
  <ImmutableBalance>500000.00</ImmutableBalance>
  <MinBalance>0.00</MinBalance>
  <AvailibleCredit>0.00</AvailibleCredit>
  <PrevBalance>8411026.00</PrevBalance>
  <TransactionItems>
    <TransactionItem>
      <RegistrationDate>2013-09-30T00:00:00</RegistrationDate>
      <TransactionDate>2013-09-30T00:00:00</TransactionDate>
      <TransactionCode>3337159/83355735</TransactionCode>
      <Description>Зачисление на счет - начисл. проц-в: КОРЗУН АЛЕКСАНДР ВАЛЕРЬЕВИЧ; 9041251010024-&gt;3014775400013-91kBYR-9AFD63 = 172810,00 BYR</Description>
      <Currency />
      <AmountByCurrency>0</AmountByCurrency>
      <AmountByAccount>172810.00</AmountByAccount>
    </TransactionItem>
    <TransactionItem>
      <RegistrationDate>2013-09-09T00:00:00</RegistrationDate>
      <TransactionDate>2013-09-08T00:00:00</TransactionDate>
      <TransactionCode>9999O1A/8298787</TransactionCode>
      <Description>Перевод средств - VIRTUAL FOR INTERNET BANKIN - MINSK</Description>
      <Currency>BYR</Currency>
      <AmountByCurrency>-7000000.00</AmountByCurrency>
      <AmountByAccount>-7000000.00</AmountByAccount>
    </TransactionItem>
    <TransactionItem>
      <RegistrationDate>2013-09-13T00:00:00</RegistrationDate>
      <TransactionDate>2013-09-12T00:00:00</TransactionDate>
      <TransactionCode>9999O5E/9169626</TransactionCode>
      <Description>Зачисление перевода / Возврат покупки - VIRTUAL FOR INTERNET BANKIN - MINSK</Description>
      <Currency>BYR</Currency>
      <AmountByCurrency>5545648.00</AmountByCurrency>
      <AmountByAccount>5545648.00</AmountByAccount>
    </TransactionItem>
    <TransactionItem>
      <RegistrationDate>2013-09-16T00:00:00</RegistrationDate>
      <TransactionDate>2013-09-14T00:00:00</TransactionDate>
      <TransactionCode>9999O7W/9504177</TransactionCode>
      <Description>Оплата товаров и услуг - VIRTUAL FOR INTERNET BANKIN - MINSK</Description>
      <Currency>BYR</Currency>
      <AmountByCurrency>-20000.00</AmountByCurrency>
      <AmountByAccount>-20000.00</AmountByAccount>
    </TransactionItem>
    <TransactionItem>
      <RegistrationDate>2013-09-18T00:00:00</RegistrationDate>
      <TransactionDate>2013-09-17T00:00:00</TransactionDate>
      <TransactionCode>9999P00/0034484</TransactionCode>
      <Description>Оплата товаров и услуг - VIRTUAL FOR INTERNET BANKIN - MINSK</Description>
      <Currency>BYR</Currency>
      <AmountByCurrency>-20000.00</AmountByCurrency>
      <AmountByAccount>-20000.00</AmountByAccount>
    </TransactionItem>
    <TransactionItem>
      <RegistrationDate>2013-09-24T00:00:00</RegistrationDate>
      <TransactionDate>2013-09-23T00:00:00</TransactionDate>
      <TransactionCode>9999P66/1394975</TransactionCode>
      <Description>Оплата товаров и услуг - VIRTUAL FOR INTERNET BANKIN - MINSK</Description>
      <Currency>BYR</Currency>
      <AmountByCurrency>-78923.00</AmountByCurrency>
      <AmountByAccount>-78923.00</AmountByAccount>
    </TransactionItem>
    <TransactionItem>
      <RegistrationDate>2013-09-24T00:00:00</RegistrationDate>
      <TransactionDate>2013-09-23T00:00:00</TransactionDate>
      <TransactionCode>9999P66/1395406</TransactionCode>
      <Description>Оплата товаров и услуг - VIRTUAL FOR INTERNET BANKIN - MINSK</Description>
      <Currency>BYR</Currency>
      <AmountByCurrency>-20000.00</AmountByCurrency>
      <AmountByAccount>-20000.00</AmountByAccount>
    </TransactionItem>
    <TransactionItem>
      <RegistrationDate>2013-09-24T00:00:00</RegistrationDate>
      <TransactionDate>2013-09-23T00:00:00</TransactionDate>
      <TransactionCode>9999P66/1395479</TransactionCode>
      <Description>Оплата товаров и услуг - VIRTUAL FOR INTERNET BANKIN - MINSK</Description>
      <Currency>BYR</Currency>
      <AmountByCurrency>-8650.00</AmountByCurrency>
      <AmountByAccount>-8650.00</AmountByAccount>
    </TransactionItem>
    <TransactionItem>
      <RegistrationDate>2013-09-24T00:00:00</RegistrationDate>
      <TransactionDate>2013-09-23T00:00:00</TransactionDate>
      <TransactionCode>9999P66/1395382</TransactionCode>
      <Description>Оплата товаров и услуг - VIRTUAL FOR INTERNET BANKIN - MINSK</Description>
      <Currency>BYR</Currency>
      <AmountByCurrency>-47400.00</AmountByCurrency>
      <AmountByAccount>-47400.00</AmountByAccount>
    </TransactionItem>
    <TransactionItem>
      <RegistrationDate>2013-09-24T00:00:00</RegistrationDate>
      <TransactionDate>2013-09-23T00:00:00</TransactionDate>
      <TransactionCode>9061P60/1415335</TransactionCode>
      <Description>Выдача наличных - ATM GOPERY BIB - MINSK</Description>
      <Currency>BYR</Currency>
      <AmountByCurrency>-500000.00</AmountByCurrency>
      <AmountByAccount>-500000.00</AmountByAccount>
    </TransactionItem>
    <TransactionItem>
      <RegistrationDate>2013-09-24T00:00:00</RegistrationDate>
      <TransactionDate>2013-09-23T00:00:00</TransactionDate>
      <TransactionCode>9999P66/1395342</TransactionCode>
      <Description>Оплата товаров и услуг - VIRTUAL FOR INTERNET BANKIN - MINSK</Description>
      <Currency>BYR</Currency>
      <AmountByCurrency>-196129.00</AmountByCurrency>
      <AmountByAccount>-196129.00</AmountByAccount>
    </TransactionItem>
    <TransactionItem>
      <RegistrationDate>2013-09-27T00:00:00</RegistrationDate>
      <TransactionDate>2013-09-26T00:00:00</TransactionDate>
      <TransactionCode>9999P9S/2053063</TransactionCode>
      <Description>Зачисление перевода / Возврат покупки - VIRTUAL FOR INTERNET BANKIN - MINSK</Description>
      <Currency>BYR</Currency>
      <AmountByCurrency>804000.00</AmountByCurrency>
      <AmountByAccount>804000.00</AmountByAccount>
    </TransactionItem>
    <TransactionItem>
      <RegistrationDate>2013-09-30T00:00:00</RegistrationDate>
      <TransactionDate>2013-09-28T00:00:00</TransactionDate>
      <TransactionCode>9999Q1A/2489099</TransactionCode>
      <Description>Оплата товаров и услуг - VIRTUAL FOR INTERNET BANKIN - MINSK</Description>
      <Currency>BYR</Currency>
      <AmountByCurrency>-100000.00</AmountByCurrency>
      <AmountByAccount>-100000.00</AmountByAccount>
    </TransactionItem>
  </TransactionItems>
</MontlyReport>