<?xml version="1.0"?>
<MontlyReport xmlns:xsi="http://www.w3.org/2001/XMLSchema-instance" xmlns:xsd="http://www.w3.org/2001/XMLSchema">
  <UserInfo>АЛЕКСАНДР ВАЛЕРЬЕВИЧ КОРЗУН СЛОБОДСКАЯ, д.65, кв.27, Минск, Belarus,</UserInfo>
  <BancInfo>БЕЛИНВЕСТБАНК ГОПЕРу пр.Машерова, 29 Минск 220002</BancInfo>
  <ReportInfo>EC/MC Выписка по картам 1399391-2015/0202</ReportInfo>
  <PeriodInfo>Расчетный цикл 06-01-2015по02-02-2015</PeriodInfo>
  <CreationInfo>Сформировано 05-02-2015 14:12:37</CreationInfo>
  <AccountNumber>739001BYR0000746644</AccountNumber>
  <AccountCurrency>BYR</AccountCurrency>
  <ImmutableBalance>0.00</ImmutableBalance>
  <MinBalance>0.00</MinBalance>
  <AvailibleCredit>0.00</AvailibleCredit>
  <PrevBalance>804002.00</PrevBalance>
  <TransactionItems>
    <TransactionItem>
      <RegistrationDate>2015-01-10T00:00:00</RegistrationDate>
      <TransactionDate>2015-01-10T00:00:00</TransactionDate>
      <TransactionCode>4026291/39208008</TransactionCode>
      <Description>Зачисление на счет - зачисл. з/п: КОРЗУН АЛЕКСАНДР ВАЛЕРЬЕВИЧ; 3819007390487-&gt;3014775400013-91kBYR-746644 = 8064900,00 BYR</Description>
      <Currency />
      <AmountByCurrency>0</AmountByCurrency>
      <AmountByAccount>8064900.00</AmountByAccount>
    </TransactionItem>
    <TransactionItem>
      <RegistrationDate>2015-01-23T00:00:00</RegistrationDate>
      <TransactionDate>2015-01-23T00:00:00</TransactionDate>
      <TransactionCode>4048146/43780870</TransactionCode>
      <Description>Зачисление на счет - зачисл. з/п: КОРЗУН АЛЕКСАНДР ВАЛЕРЬЕВИЧ; 3819007390487-&gt;3014775400013-91kBYR-746644 = 600000,00 BYR</Description>
      <Currency />
      <AmountByCurrency>0</AmountByCurrency>
      <AmountByAccount>600000.00</AmountByAccount>
    </TransactionItem>
    <TransactionItem>
      <RegistrationDate>2015-01-30T00:00:00</RegistrationDate>
      <TransactionDate>2015-01-30T00:00:00</TransactionDate>
      <TransactionCode>4060078/46450581</TransactionCode>
      <Description>Зачисление на счет - начисл. проц-в: КОРЗУН АЛЕКСАНДР ВАЛЕРЬЕВИЧ; 9041251010024-&gt;3014775400013-91kBYR-746644 = 1,00 BYR</Description>
      <Currency />
      <AmountByCurrency>0</AmountByCurrency>
      <AmountByAccount>1.00</AmountByAccount>
    </TransactionItem>
    <TransactionItem>
      <RegistrationDate>2015-01-30T00:00:00</RegistrationDate>
      <TransactionDate>2015-01-30T00:00:00</TransactionDate>
      <TransactionCode>4059811/47170625</TransactionCode>
      <Description>Зачисление на счет - зачисл. з/п: КОРЗУН АЛЕКСАНДР ВАЛЕРЬЕВИЧ; 3819007390487-&gt;3014775400013-91kBYR-746644 = 823050,00 BYR</Description>
      <Currency />
      <AmountByCurrency>0</AmountByCurrency>
      <AmountByAccount>823050.00</AmountByAccount>
    </TransactionItem>
    <TransactionItem>
      <RegistrationDate>2015-01-08T00:00:00</RegistrationDate>
      <TransactionDate>2015-01-07T00:00:00</TransactionDate>
      <TransactionCode>9999076/2141570</TransactionCode>
      <Description>Перевод средств - VIRTUAL FOR INTERNET BANKIN - MINSK</Description>
      <Currency>BYR</Currency>
      <AmountByCurrency>-804002.00</AmountByCurrency>
      <AmountByAccount>-804002.00</AmountByAccount>
    </TransactionItem>
    <TransactionItem>
      <RegistrationDate>2015-01-12T00:00:00</RegistrationDate>
      <TransactionDate>2015-01-10T00:00:00</TransactionDate>
      <TransactionCode>9999109/2774157</TransactionCode>
      <Description>Перевод средств - VIRTUAL FOR INTERNET BANKIN - MINSK</Description>
      <Currency>BYR</Currency>
      <AmountByCurrency>-8064900.00</AmountByCurrency>
      <AmountByAccount>-8064900.00</AmountByAccount>
    </TransactionItem>
    <TransactionItem>
      <RegistrationDate>2015-01-26T00:00:00</RegistrationDate>
      <TransactionDate>2015-01-23T00:00:00</TransactionDate>
      <TransactionCode>999923L/5871198</TransactionCode>
      <Description>Перевод средств - VIRTUAL FOR INTERNET BANKIN - MINSK</Description>
      <Currency>BYR</Currency>
      <AmountByCurrency>-600000.00</AmountByCurrency>
      <AmountByAccount>-600000.00</AmountByAccount>
    </TransactionItem>
  </TransactionItems>
</MontlyReport>