<?xml version="1.0"?>
<MontlyReport xmlns:xsi="http://www.w3.org/2001/XMLSchema-instance" xmlns:xsd="http://www.w3.org/2001/XMLSchema">
  <UserInfo>АЛЕКСАНДР ВАЛЕРЬЕВИЧ КОРЗУН СЛОБОДСКАЯ, д.65, кв.27, Минск, Belarus,</UserInfo>
  <BancInfo>БЕЛИНВЕСТБАНК ГОПЕРу пр.Машерова, 29 Минск 220002</BancInfo>
  <ReportInfo>VISA Выписка по картам 1570384-2013/0501</ReportInfo>
  <PeriodInfo>Расчетный цикл 03-04-2013по01-05-2013</PeriodInfo>
  <CreationInfo>Сформировано 01-05-2013 17:40:17</CreationInfo>
  <AccountNumber>739001BYR00009AFD63</AccountNumber>
  <AccountCurrency>BYR</AccountCurrency>
  <ImmutableBalance>500000.00</ImmutableBalance>
  <MinBalance>0.00</MinBalance>
  <AvailibleCredit>0.00</AvailibleCredit>
  <PrevBalance>11550292.00</PrevBalance>
  <TransactionItems>
    <TransactionItem>
      <RegistrationDate>2013-04-30T00:00:00</RegistrationDate>
      <TransactionDate>2013-04-30T00:00:00</TransactionDate>
      <TransactionCode>3128256/37251447</TransactionCode>
      <Description>Зачисление на счет - начисл. проц-в: КОРЗУН АЛЕКСАНДР ВАЛЕРЬЕВИЧ; 9041251010024-&gt;3014775400013-91kBYR-9AFD63 = 395220,00 BYR</Description>
      <Currency />
      <AmountByCurrency>0</AmountByCurrency>
      <AmountByAccount>395220.00</AmountByAccount>
    </TransactionItem>
    <TransactionItem>
      <RegistrationDate>2013-04-05T00:00:00</RegistrationDate>
      <TransactionDate>2013-04-04T00:00:00</TransactionDate>
      <TransactionCode>9137940/5495476</TransactionCode>
      <Description>Выдача наличных - ATM N137 BIB - MINSK</Description>
      <Currency>BYR</Currency>
      <AmountByCurrency>-100000.00</AmountByCurrency>
      <AmountByAccount>-100000.00</AmountByAccount>
    </TransactionItem>
    <TransactionItem>
      <RegistrationDate>2013-04-09T00:00:00</RegistrationDate>
      <TransactionDate>2013-04-08T00:00:00</TransactionDate>
      <TransactionCode>944298G/7168433</TransactionCode>
      <Description>Выдача наличных - PVN OTDELENIYA N540 BIB - MINSK</Description>
      <Currency>BYR</Currency>
      <AmountByCurrency>-280000.00</AmountByCurrency>
      <AmountByAccount>-280000.00</AmountByAccount>
    </TransactionItem>
    <TransactionItem>
      <RegistrationDate>2013-04-10T00:00:00</RegistrationDate>
      <TransactionDate>2013-04-09T00:00:00</TransactionDate>
      <TransactionCode>9137990/7814450</TransactionCode>
      <Description>Выдача наличных - ATM N137 BIB - MINSK</Description>
      <Currency>BYR</Currency>
      <AmountByCurrency>-100000.00</AmountByCurrency>
      <AmountByAccount>-100000.00</AmountByAccount>
    </TransactionItem>
    <TransactionItem>
      <RegistrationDate>2013-04-11T00:00:00</RegistrationDate>
      <TransactionDate>2013-04-10T00:00:00</TransactionDate>
      <TransactionCode>9999-00/8290178</TransactionCode>
      <Description>Зачисление перевода / Возврат покупки - VIRTUAL FOR INTERNET BANKIN - MINSK</Description>
      <Currency>BYR</Currency>
      <AmountByCurrency>6667165.00</AmountByCurrency>
      <AmountByAccount>6667165.00</AmountByAccount>
    </TransactionItem>
    <TransactionItem>
      <RegistrationDate>2013-04-12T00:00:00</RegistrationDate>
      <TransactionDate>2013-04-11T00:00:00</TransactionDate>
      <TransactionCode>7751-1-/8870808</TransactionCode>
      <Description>Оплата товаров и услуг - PT SHOP RUBLEVSKIJ-144 - MINSK</Description>
      <Currency>BYR</Currency>
      <AmountByCurrency>-56000.00</AmountByCurrency>
      <AmountByAccount>-56000.00</AmountByAccount>
    </TransactionItem>
    <TransactionItem>
      <RegistrationDate>2013-04-12T00:00:00</RegistrationDate>
      <TransactionDate>2013-04-11T00:00:00</TransactionDate>
      <TransactionCode>2413-10/3421383</TransactionCode>
      <Description>Оплата товаров и услуг - KAFE "BUVETTE" - MINSK</Description>
      <Currency>BYR</Currency>
      <AmountByCurrency>-32900.00</AmountByCurrency>
      <AmountByAccount>-32900.00</AmountByAccount>
    </TransactionItem>
    <TransactionItem>
      <RegistrationDate>2013-04-15T00:00:00</RegistrationDate>
      <TransactionDate>2013-04-14T00:00:00</TransactionDate>
      <TransactionCode>9999-4H/9946637</TransactionCode>
      <Description>Оплата товаров и услуг - VIRTUAL FOR INTERNET BANKIN - MINSK</Description>
      <Currency>BYR</Currency>
      <AmountByCurrency>-20000.00</AmountByCurrency>
      <AmountByAccount>-20000.00</AmountByAccount>
    </TransactionItem>
    <TransactionItem>
      <RegistrationDate>2013-04-15T00:00:00</RegistrationDate>
      <TransactionDate>2013-04-12T00:00:00</TransactionDate>
      <TransactionCode>2413-20/6811662</TransactionCode>
      <Description>Оплата товаров и услуг - KAFE "BUVETTE" - MINSK</Description>
      <Currency>BYR</Currency>
      <AmountByCurrency>-44500.00</AmountByCurrency>
      <AmountByAccount>-44500.00</AmountByAccount>
    </TransactionItem>
    <TransactionItem>
      <RegistrationDate>2013-04-15T00:00:00</RegistrationDate>
      <TransactionDate>2013-04-12T00:00:00</TransactionDate>
      <TransactionCode>9999-2F/9416139</TransactionCode>
      <Description>Оплата товаров и услуг - VIRTUAL FOR INTERNET BANKIN - MINSK</Description>
      <Currency>BYR</Currency>
      <AmountByCurrency>-20000.00</AmountByCurrency>
      <AmountByAccount>-20000.00</AmountByAccount>
    </TransactionItem>
    <TransactionItem>
      <RegistrationDate>2013-04-15T00:00:00</RegistrationDate>
      <TransactionDate>2013-04-14T00:00:00</TransactionDate>
      <TransactionCode>9999-4H/9947571</TransactionCode>
      <Description>Оплата товаров и услуг - VIRTUAL FOR INTERNET BANKIN - MINSK</Description>
      <Currency>BYR</Currency>
      <AmountByCurrency>-50000.00</AmountByCurrency>
      <AmountByAccount>-50000.00</AmountByAccount>
    </TransactionItem>
    <TransactionItem>
      <RegistrationDate>2013-04-18T00:00:00</RegistrationDate>
      <TransactionDate>2013-04-17T00:00:00</TransactionDate>
      <TransactionCode>9137-70/1448621</TransactionCode>
      <Description>Выдача наличных - ATM N137 BIB - MINSK</Description>
      <Currency>BYR</Currency>
      <AmountByCurrency>-100000.00</AmountByCurrency>
      <AmountByAccount>-100000.00</AmountByAccount>
    </TransactionItem>
    <TransactionItem>
      <RegistrationDate>2013-04-19T00:00:00</RegistrationDate>
      <TransactionDate>2013-04-18T00:00:00</TransactionDate>
      <TransactionCode>9999-8L/1811156</TransactionCode>
      <Description>Оплата товаров и услуг - VIRTUAL FOR INTERNET BANKIN - MINSK</Description>
      <Currency>BYR</Currency>
      <AmountByCurrency>-100000.00</AmountByCurrency>
      <AmountByAccount>-100000.00</AmountByAccount>
    </TransactionItem>
    <TransactionItem>
      <RegistrationDate>2013-04-22T00:00:00</RegistrationDate>
      <TransactionDate>2013-04-21T00:00:00</TransactionDate>
      <TransactionCode>9061A10/0642105</TransactionCode>
      <Description>Выдача наличных - ATM GOPERY BIB - MINSK</Description>
      <Currency>BYR</Currency>
      <AmountByCurrency>-100000.00</AmountByCurrency>
      <AmountByAccount>-100000.00</AmountByAccount>
    </TransactionItem>
    <TransactionItem>
      <RegistrationDate>2013-04-22T00:00:00</RegistrationDate>
      <TransactionDate>2013-04-16T00:00:00</TransactionDate>
      <TransactionCode>1130422/1567</TransactionCode>
      <Description>Оплата товаров и услуг - SHTOLLE KAFE RAKOVSK - MINSK</Description>
      <Currency>BYR</Currency>
      <AmountByCurrency>-68200.00</AmountByCurrency>
      <AmountByAccount>-68200.00</AmountByAccount>
    </TransactionItem>
    <TransactionItem>
      <RegistrationDate>2013-04-22T00:00:00</RegistrationDate>
      <TransactionDate>2013-04-21T00:00:00</TransactionDate>
      <TransactionCode>7752A1J/0660911</TransactionCode>
      <Description>Оплата товаров и услуг - PT SHOP RUBLEVSKIJ-144 - MINSK</Description>
      <Currency>BYR</Currency>
      <AmountByCurrency>-32200.00</AmountByCurrency>
      <AmountByAccount>-32200.00</AmountByAccount>
    </TransactionItem>
    <TransactionItem>
      <RegistrationDate>2013-04-23T00:00:00</RegistrationDate>
      <TransactionDate>2013-04-22T00:00:00</TransactionDate>
      <TransactionCode>2413A20/6167076</TransactionCode>
      <Description>Оплата товаров и услуг - KAFE "BUVETTE" - MINSK</Description>
      <Currency>BYR</Currency>
      <AmountByCurrency>-67800.00</AmountByCurrency>
      <AmountByAccount>-67800.00</AmountByAccount>
    </TransactionItem>
    <TransactionItem>
      <RegistrationDate>2013-04-26T00:00:00</RegistrationDate>
      <TransactionDate>2013-04-25T00:00:00</TransactionDate>
      <TransactionCode>9999A5E/1508399</TransactionCode>
      <Description>Зачисление перевода / Возврат покупки - VIRTUAL FOR INTERNET BANKIN - MINSK</Description>
      <Currency>BYR</Currency>
      <AmountByCurrency>804000.00</AmountByCurrency>
      <AmountByAccount>804000.00</AmountByAccount>
    </TransactionItem>
    <TransactionItem>
      <RegistrationDate>2013-04-29T00:00:00</RegistrationDate>
      <TransactionDate>2013-04-26T00:00:00</TransactionDate>
      <TransactionCode>2413A60/4746943</TransactionCode>
      <Description>Оплата товаров и услуг - KAFE "BUVETTE" - MINSK</Description>
      <Currency>BYR</Currency>
      <AmountByCurrency>-31100.00</AmountByCurrency>
      <AmountByAccount>-31100.00</AmountByAccount>
    </TransactionItem>
    <TransactionItem>
      <RegistrationDate>2013-04-29T00:00:00</RegistrationDate>
      <TransactionDate>2013-04-28T00:00:00</TransactionDate>
      <TransactionCode>9999A8V/2127140</TransactionCode>
      <Description>Оплата товаров и услуг - VIRTUAL FOR INTERNET BANKIN - MINSK</Description>
      <Currency>BYR</Currency>
      <AmountByCurrency>-77940.00</AmountByCurrency>
      <AmountByAccount>-77940.00</AmountByAccount>
    </TransactionItem>
    <TransactionItem>
      <RegistrationDate>2013-05-01T00:00:00</RegistrationDate>
      <TransactionDate>2013-04-30T00:00:00</TransactionDate>
      <TransactionCode>9137B00/2487792</TransactionCode>
      <Description>Выдача наличных - ATM N137 BIB - MINSK</Description>
      <Currency>BYR</Currency>
      <AmountByCurrency>-100000.00</AmountByCurrency>
      <AmountByAccount>-100000.00</AmountByAccount>
    </TransactionItem>
  </TransactionItems>
</MontlyReport>