<?xml version="1.0"?>
<MontlyReport xmlns:xsi="http://www.w3.org/2001/XMLSchema-instance" xmlns:xsd="http://www.w3.org/2001/XMLSchema">
  <UserInfo>АЛЕКСАНДР ВАЛЕРЬЕВИЧ КОРЗУН СЛОБОДСКАЯ, д.65, кв.27, Минск, Belarus,</UserInfo>
  <BancInfo>БЕЛИНВЕСТБАНК ГОПЕРу пр.Машерова, 29 Минск 220002</BancInfo>
  <ReportInfo>EC/MC Выписка по картам 1399391-2015/0301</ReportInfo>
  <PeriodInfo>Расчетный цикл 03-02-2015по01-03-2015</PeriodInfo>
  <CreationInfo>Сформировано 02-03-2015 10:31:41</CreationInfo>
  <AccountNumber>739001BYR0000746644</AccountNumber>
  <AccountCurrency>BYR</AccountCurrency>
  <ImmutableBalance>0.00</ImmutableBalance>
  <MinBalance>0.00</MinBalance>
  <AvailibleCredit>0.00</AvailibleCredit>
  <PrevBalance>823051.00</PrevBalance>
  <TransactionItems>
    <TransactionItem>
      <RegistrationDate>2015-02-27T00:00:00</RegistrationDate>
      <TransactionDate>2015-02-27T00:00:00</TransactionDate>
      <TransactionCode>4107232/56699251</TransactionCode>
      <Description>Зачисление на счет - начисл. проц-в: КОРЗУН АЛЕКСАНДР ВАЛЕРЬЕВИЧ; 9041251010024-&gt;3014775400013-91kBYR-746644 = 1,00 BYR</Description>
      <Currency />
      <AmountByCurrency>0</AmountByCurrency>
      <AmountByAccount>1.00</AmountByAccount>
    </TransactionItem>
    <TransactionItem>
      <RegistrationDate>2015-02-03T00:00:00</RegistrationDate>
      <TransactionDate>2015-02-02T00:00:00</TransactionDate>
      <TransactionCode>9999334/7772959</TransactionCode>
      <Description>Перевод средств - VIRTUAL FOR INTERNET BANKIN - MINSK</Description>
      <Currency>BYR</Currency>
      <AmountByCurrency>-823051.00</AmountByCurrency>
      <AmountByAccount>-823051.00</AmountByAccount>
    </TransactionItem>
  </TransactionItems>
</MontlyReport>