<?xml version="1.0"?>
<MontlyReport xmlns:xsi="http://www.w3.org/2001/XMLSchema-instance" xmlns:xsd="http://www.w3.org/2001/XMLSchema">
  <UserInfo>АЛЕКСАНДР ВАЛЕРЬЕВИЧ КОРЗУН СЛОБОДСКАЯ, д.65, кв.27, Минск, Belarus,</UserInfo>
  <BancInfo>БЕЛИНВЕСТБАНК ГОПЕРу пр.Машерова, 29 Минск 220002</BancInfo>
  <ReportInfo>EC/MC Выписка по картам 1642095-2013/1001</ReportInfo>
  <PeriodInfo>Расчетный цикл 03-09-2013по01-10-2013</PeriodInfo>
  <CreationInfo>Сформировано 02-10-2013 14:16:28</CreationInfo>
  <AccountNumber>739001RUB0000A05A1A</AccountNumber>
  <AccountCurrency>RUB</AccountCurrency>
  <ImmutableBalance>10000.00</ImmutableBalance>
  <MinBalance>0.00</MinBalance>
  <AvailibleCredit>0.00</AvailibleCredit>
  <PrevBalance>88716.72</PrevBalance>
  <TransactionItems>
    <TransactionItem>
      <RegistrationDate>2013-09-30T00:00:00</RegistrationDate>
      <TransactionDate>2013-09-30T00:00:00</TransactionDate>
      <TransactionCode>3336865/82846944</TransactionCode>
      <Description>Зачисление на счет - начисл. проц-в: КОРЗУН АЛЕКСАНДР ВАЛЕРЬЕВИЧ; 6901540006433-&gt;3014775405034-91kRUB-A05A1A = 314,79 RUB</Description>
      <Currency />
      <AmountByCurrency>0</AmountByCurrency>
      <AmountByAccount>314.79</AmountByAccount>
    </TransactionItem>
    <TransactionItem>
      <RegistrationDate>2013-09-09T00:00:00</RegistrationDate>
      <TransactionDate>2013-09-08T00:00:00</TransactionDate>
      <TransactionCode>9999O1A/8298788</TransactionCode>
      <Description>Зачисление перевода / Возврат покупки - VIRTUAL FOR INTERNET BANKIN - MINSK</Description>
      <Currency>BYR</Currency>
      <AmountByCurrency>7000000.00</AmountByCurrency>
      <AmountByAccount>25362.32</AmountByAccount>
    </TransactionItem>
  </TransactionItems>
</MontlyReport>