<?xml version="1.0"?>
<MontlyReport xmlns:xsi="http://www.w3.org/2001/XMLSchema-instance" xmlns:xsd="http://www.w3.org/2001/XMLSchema">
  <UserInfo>АЛЕКСАНДР ВАЛЕРЬЕВИЧ КОРЗУН УЛ. СЛОБОДСКАЯ Д.65 КВ.27, Г. МИНСК, Belarus, 220051</UserInfo>
  <BancInfo>BELARUSBANK Head Office  </BancInfo>
  <ReportInfo>ECMC Выписка по счету клиента No. 4826182-2013/0131</ReportInfo>
  <PeriodInfo>Расчетный цикл 31-12-2012по31-01-2013</PeriodInfo>
  <CreationInfo>Сформировано 01-02-2013 09:00:02</CreationInfo>
  <AccountNumber>001458000681</AccountNumber>
  <AccountCurrency>BYR</AccountCurrency>
  <ImmutableBalance>0.00</ImmutableBalance>
  <MinBalance>0.00</MinBalance>
  <AvailibleCredit>0.00</AvailibleCredit>
  <PrevBalance>74840.00</PrevBalance>
  <TransactionItems>
    <TransactionItem>
      <RegistrationDate>2013-01-03T00:00:00</RegistrationDate>
      <TransactionDate>2012-12-29T00:00:00</TransactionDate>
      <TransactionCode>424327/79990</TransactionCode>
      <Description>Платежи в счет</Description>
      <Currency />
      <AmountByCurrency>0</AmountByCurrency>
      <AmountByAccount>30.00</AmountByAccount>
    </TransactionItem>
    <TransactionItem>
      <RegistrationDate>2013-01-31T00:00:00</RegistrationDate>
      <TransactionDate>2013-01-31T00:00:00</TransactionDate>
      <TransactionCode>427587/71944</TransactionCode>
      <Description>Платежи в счет</Description>
      <Currency />
      <AmountByCurrency>0</AmountByCurrency>
      <AmountByAccount>30.00</AmountByAccount>
    </TransactionItem>
  </TransactionItems>
</MontlyReport>