<?xml version="1.0"?>
<MontlyReport xmlns:xsi="http://www.w3.org/2001/XMLSchema-instance" xmlns:xsd="http://www.w3.org/2001/XMLSchema">
  <UserInfo>АЛЕКСАНДР ВАЛЕРЬЕВИЧ КОРЗУН СЛОБОДСКАЯ, д.65, кв.27, Минск, Belarus,</UserInfo>
  <BancInfo>БЕЛИНВЕСТБАНК ГОПЕРу пр.Машерова, 29 Минск 220002</BancInfo>
  <ReportInfo>EC/MC Выписка по картам 1399391-2014/0701</ReportInfo>
  <PeriodInfo>Расчетный цикл 03-06-2014по01-07-2014</PeriodInfo>
  <CreationInfo>Сформировано 01-07-2014 20:57:48</CreationInfo>
  <AccountNumber>739001BYR0000746644</AccountNumber>
  <AccountCurrency>BYR</AccountCurrency>
  <ImmutableBalance>0.00</ImmutableBalance>
  <MinBalance>0.00</MinBalance>
  <AvailibleCredit>0.00</AvailibleCredit>
  <PrevBalance>0.00</PrevBalance>
  <TransactionItems>
    <TransactionItem>
      <RegistrationDate>2014-06-10T00:00:00</RegistrationDate>
      <TransactionDate>2014-06-10T00:00:00</TransactionDate>
      <TransactionCode>3691068/65296391</TransactionCode>
      <Description>Зачисление на счет - зачисл. з/п: КОРЗУН АЛЕКСАНДР ВАЛЕРЬЕВИЧ; 3819007390487-&gt;3014775400013-91kBYR-746644 = 7554280,00 BYR</Description>
      <Currency />
      <AmountByCurrency>0</AmountByCurrency>
      <AmountByAccount>7554280.00</AmountByAccount>
    </TransactionItem>
    <TransactionItem>
      <RegistrationDate>2014-06-25T00:00:00</RegistrationDate>
      <TransactionDate>2014-06-25T00:00:00</TransactionDate>
      <TransactionCode>3713499/70170874</TransactionCode>
      <Description>Зачисление на счет - зачисл. з/п: КОРЗУН АЛЕКСАНДР ВАЛЕРЬЕВИЧ; 3819007390487-&gt;3014775400013-91kBYR-746644 = 804000,00 BYR</Description>
      <Currency />
      <AmountByCurrency>0</AmountByCurrency>
      <AmountByAccount>804000.00</AmountByAccount>
    </TransactionItem>
    <TransactionItem>
      <RegistrationDate>2014-06-30T00:00:00</RegistrationDate>
      <TransactionDate>2014-06-30T00:00:00</TransactionDate>
      <TransactionCode>3719508/71939691</TransactionCode>
      <Description>Зачисление на счет - начисл. проц-в: КОРЗУН АЛЕКСАНДР ВАЛЕРЬЕВИЧ; 9041251010024-&gt;3014775400013-91kBYR-746644 = 4,00 BYR</Description>
      <Currency />
      <AmountByCurrency>0</AmountByCurrency>
      <AmountByAccount>4.00</AmountByAccount>
    </TransactionItem>
    <TransactionItem>
      <RegistrationDate>2014-06-12T00:00:00</RegistrationDate>
      <TransactionDate>2014-06-11T00:00:00</TransactionDate>
      <TransactionCode>9999F2F/6597181</TransactionCode>
      <Description>Оплата товаров и услуг - VIRTUAL FOR INTERNET BANKIN - MINSK</Description>
      <Currency>BYR</Currency>
      <AmountByCurrency>-30000.00</AmountByCurrency>
      <AmountByAccount>-30000.00</AmountByAccount>
    </TransactionItem>
    <TransactionItem>
      <RegistrationDate>2014-06-13T00:00:00</RegistrationDate>
      <TransactionDate>2014-06-12T00:00:00</TransactionDate>
      <TransactionCode>9999F3-/6911197</TransactionCode>
      <Description>Перевод средств - VIRTUAL FOR INTERNET BANKIN - MINSK</Description>
      <Currency>BYR</Currency>
      <AmountByCurrency>-7524280.00</AmountByCurrency>
      <AmountByAccount>-7524280.00</AmountByAccount>
    </TransactionItem>
    <TransactionItem>
      <RegistrationDate>2014-06-26T00:00:00</RegistrationDate>
      <TransactionDate>2014-06-25T00:00:00</TransactionDate>
      <TransactionCode>9999G6M/9894643</TransactionCode>
      <Description>Перевод средств - VIRTUAL FOR INTERNET BANKIN - MINSK</Description>
      <Currency>BYR</Currency>
      <AmountByCurrency>-804000.00</AmountByCurrency>
      <AmountByAccount>-804000.00</AmountByAccount>
    </TransactionItem>
  </TransactionItems>
</MontlyReport>