<?xml version="1.0"?>
<MontlyReport xmlns:xsi="http://www.w3.org/2001/XMLSchema-instance" xmlns:xsd="http://www.w3.org/2001/XMLSchema">
  <UserInfo>АЛЕКСАНДР ВАЛЕРЬЕВИЧ КОРЗУН СЛОБОДСКАЯ, д.65, кв.27, Минск, Belarus,</UserInfo>
  <BancInfo>БЕЛИНВЕСТБАНК ГОПЕРу пр.Машерова, 29 Минск 220002</BancInfo>
  <ReportInfo>EC/MC Выписка по картам 1399391-2014/0401</ReportInfo>
  <PeriodInfo>Расчетный цикл 04-03-2014по01-04-2014</PeriodInfo>
  <CreationInfo>Сформировано 01-04-2014 21:25:15</CreationInfo>
  <AccountNumber>739001BYR0000746644</AccountNumber>
  <AccountCurrency>BYR</AccountCurrency>
  <ImmutableBalance>0.00</ImmutableBalance>
  <MinBalance>0.00</MinBalance>
  <AvailibleCredit>0.00</AvailibleCredit>
  <PrevBalance>2.00</PrevBalance>
  <TransactionItems>
    <TransactionItem>
      <RegistrationDate>2014-03-10T00:00:00</RegistrationDate>
      <TransactionDate>2014-03-10T00:00:00</TransactionDate>
      <TransactionCode>3562134/33932725</TransactionCode>
      <Description>Зачисление на счет - зачисл. з/п: КОРЗУН АЛЕКСАНДР ВАЛЕРЬЕВИЧ; 3819007390487-&gt;3014775400013-91kBYR-746644 = 7367680,00 BYR</Description>
      <Currency />
      <AmountByCurrency>0</AmountByCurrency>
      <AmountByAccount>7367680.00</AmountByAccount>
    </TransactionItem>
    <TransactionItem>
      <RegistrationDate>2014-03-25T00:00:00</RegistrationDate>
      <TransactionDate>2014-03-25T00:00:00</TransactionDate>
      <TransactionCode>3584149/38641764</TransactionCode>
      <Description>Зачисление на счет - зачисл. з/п: КОРЗУН АЛЕКСАНДР ВАЛЕРЬЕВИЧ; 3819007390487-&gt;3014775400013-91kBYR-746644 = 804000,00 BYR</Description>
      <Currency />
      <AmountByCurrency>0</AmountByCurrency>
      <AmountByAccount>804000.00</AmountByAccount>
    </TransactionItem>
    <TransactionItem>
      <RegistrationDate>2014-03-31T00:00:00</RegistrationDate>
      <TransactionDate>2014-03-31T00:00:00</TransactionDate>
      <TransactionCode>3591333/40566979</TransactionCode>
      <Description>Зачисление на счет - начисл. проц-в: КОРЗУН АЛЕКСАНДР ВАЛЕРЬЕВИЧ; 9041251010024-&gt;3014775400013-91kBYR-746644 = 2,00 BYR</Description>
      <Currency />
      <AmountByCurrency>0</AmountByCurrency>
      <AmountByAccount>2.00</AmountByAccount>
    </TransactionItem>
    <TransactionItem>
      <RegistrationDate>2014-03-11T00:00:00</RegistrationDate>
      <TransactionDate>2014-03-10T00:00:00</TransactionDate>
      <TransactionCode>999969N/6568899</TransactionCode>
      <Description>Перевод средств - VIRTUAL FOR INTERNET BANKIN - MINSK</Description>
      <Currency>BYR</Currency>
      <AmountByCurrency>-7367682.00</AmountByCurrency>
      <AmountByAccount>-7367682.00</AmountByAccount>
    </TransactionItem>
    <TransactionItem>
      <RegistrationDate>2014-03-26T00:00:00</RegistrationDate>
      <TransactionDate>2014-03-25T00:00:00</TransactionDate>
      <TransactionCode>9999843/9877784</TransactionCode>
      <Description>Перевод средств - VIRTUAL FOR INTERNET BANKIN - MINSK</Description>
      <Currency>BYR</Currency>
      <AmountByCurrency>-804000.00</AmountByCurrency>
      <AmountByAccount>-804000.00</AmountByAccount>
    </TransactionItem>
  </TransactionItems>
</MontlyReport>