<?xml version="1.0"?>
<MontlyReport xmlns:xsi="http://www.w3.org/2001/XMLSchema-instance" xmlns:xsd="http://www.w3.org/2001/XMLSchema">
  <UserInfo>АЛЕКСАНДР ВАЛЕРЬЕВИЧ КОРЗУН УЛ. СЛОБОДСКАЯ Д.65 КВ.27, Г. МИНСК, Belarus, 220051</UserInfo>
  <BancInfo>BELARUSBANK Head Office  </BancInfo>
  <ReportInfo>ECMC Выписка по счету клиента No. 4826182-2012/0131</ReportInfo>
  <PeriodInfo>Расчетный цикл 31-12-2011по31-01-2012</PeriodInfo>
  <CreationInfo>Сформировано 01-02-2012 10:34:15</CreationInfo>
  <AccountNumber>001458000681</AccountNumber>
  <AccountCurrency>BYR</AccountCurrency>
  <ImmutableBalance>0.00</ImmutableBalance>
  <MinBalance>0.00</MinBalance>
  <AvailibleCredit>0.00</AvailibleCredit>
  <PrevBalance>3518980.00</PrevBalance>
  <TransactionItems>
    <TransactionItem>
      <RegistrationDate>2012-01-12T00:00:00</RegistrationDate>
      <TransactionDate>2012-01-12T00:00:00</TransactionDate>
      <TransactionCode>353005/15908</TransactionCode>
      <Description>Платежи в счет -  -</Description>
      <Currency />
      <AmountByCurrency>0</AmountByCurrency>
      <AmountByAccount>2010.00</AmountByAccount>
    </TransactionItem>
    <TransactionItem>
      <RegistrationDate>2012-01-31T00:00:00</RegistrationDate>
      <TransactionDate>2012-01-31T00:00:00</TransactionDate>
      <TransactionCode>355275/54259</TransactionCode>
      <Description>Платежи в счет -  -</Description>
      <Currency />
      <AmountByCurrency>0</AmountByCurrency>
      <AmountByAccount>1120.00</AmountByAccount>
    </TransactionItem>
    <TransactionItem>
      <RegistrationDate>2012-01-05T00:00:00</RegistrationDate>
      <TransactionDate>2012-01-04T00:00:00</TransactionDate>
      <TransactionCode>5335256/7546711</TransactionCode>
      <Description>Снятие наличности - "TORGOPTIMA" BR.519 AT - MINSK</Description>
      <Currency>BYR</Currency>
      <AmountByCurrency>-260000.00</AmountByCurrency>
      <AmountByAccount>-260000.00</AmountByAccount>
    </TransactionItem>
    <TransactionItem>
      <RegistrationDate>2012-01-17T00:00:00</RegistrationDate>
      <TransactionDate>2012-01-13T00:00:00</TransactionDate>
      <TransactionCode>906113A/3637518</TransactionCode>
      <Description>Снятие наличности - ATM GOPERY BIB - MINSK</Description>
      <Currency>BYR</Currency>
      <AmountByCurrency>-700000.00</AmountByCurrency>
      <AmountByAccount>-700000.00</AmountByAccount>
    </TransactionItem>
    <TransactionItem>
      <RegistrationDate>2012-01-19T00:00:00</RegistrationDate>
      <TransactionDate>2012-01-18T00:00:00</TransactionDate>
      <TransactionCode>3821180/2615570</TransactionCode>
      <Description>Покупка - KAFE "PROSPEKT" - MINSK</Description>
      <Currency>BYR</Currency>
      <AmountByCurrency>-27400.00</AmountByCurrency>
      <AmountByAccount>-27400.00</AmountByAccount>
    </TransactionItem>
    <TransactionItem>
      <RegistrationDate>2012-01-23T00:00:00</RegistrationDate>
      <TransactionDate>2012-01-19T00:00:00</TransactionDate>
      <TransactionCode>906119H/5966422</TransactionCode>
      <Description>Снятие наличности - ATM GOPERY BIB - MINSK</Description>
      <Currency>BYR</Currency>
      <AmountByCurrency>-100000.00</AmountByCurrency>
      <AmountByAccount>-100000.00</AmountByAccount>
    </TransactionItem>
    <TransactionItem>
      <RegistrationDate>2012-01-23T00:00:00</RegistrationDate>
      <TransactionDate>2012-01-22T00:00:00</TransactionDate>
      <TransactionCode>041022P/4510679</TransactionCode>
      <Description>Снятие наличности - "MAXIMUS" BAPB ATM - MINSK</Description>
      <Currency>BYR</Currency>
      <AmountByCurrency>-200000.00</AmountByCurrency>
      <AmountByAccount>-200000.00</AmountByAccount>
    </TransactionItem>
    <TransactionItem>
      <RegistrationDate>2012-01-24T00:00:00</RegistrationDate>
      <TransactionDate>2012-01-21T00:00:00</TransactionDate>
      <TransactionCode>906121K/7154905</TransactionCode>
      <Description>Снятие наличности - ATM GOPERY BIB - MINSK</Description>
      <Currency>BYR</Currency>
      <AmountByCurrency>-200000.00</AmountByCurrency>
      <AmountByAccount>-200000.00</AmountByAccount>
    </TransactionItem>
  </TransactionItems>
</MontlyReport>