<?xml version="1.0"?>
<MontlyReport xmlns:xsi="http://www.w3.org/2001/XMLSchema-instance" xmlns:xsd="http://www.w3.org/2001/XMLSchema">
  <UserInfo>АЛЕКСАНДР ВАЛЕРЬЕВИЧ КОРЗУН СЛОБОДСКАЯ, д.65, кв.27, Минск, Belarus,</UserInfo>
  <BancInfo>БЕЛИНВЕСТБАНК ГОПЕРу пр.Машерова, 29 Минск 220002</BancInfo>
  <ReportInfo>EC/MC Выписка по картам 1399391-2012/0905</ReportInfo>
  <PeriodInfo>Расчетный цикл 02-08-2012по05-09-2012</PeriodInfo>
  <CreationInfo>Сформировано 06-09-2012 14:47:46</CreationInfo>
  <AccountNumber>739001BYR0000746644</AccountNumber>
  <AccountCurrency>BYR</AccountCurrency>
  <ImmutableBalance>0.00</ImmutableBalance>
  <MinBalance>0.00</MinBalance>
  <AvailibleCredit>0.00</AvailibleCredit>
  <PrevBalance>2313330.00</PrevBalance>
  <TransactionItems>
    <TransactionItem>
      <RegistrationDate>2012-08-03T00:00:00</RegistrationDate>
      <TransactionDate>2012-08-03T00:00:00</TransactionDate>
      <TransactionCode>2808943/63323277</TransactionCode>
      <Description>Зачисление на счет - зачисл. з/п: КОРЗУН АЛЕКСАНДР ВАЛЕРЬЕВИЧ; 3819250000393-&gt;3114250000115-91kBYR-746644 = 990000,00 BYR</Description>
      <Currency />
      <AmountByCurrency>0</AmountByCurrency>
      <AmountByAccount>990000.00</AmountByAccount>
    </TransactionItem>
    <TransactionItem>
      <RegistrationDate>2012-08-10T00:00:00</RegistrationDate>
      <TransactionDate>2012-08-10T00:00:00</TransactionDate>
      <TransactionCode>2817044/64900286</TransactionCode>
      <Description>Зачисление на счет - зачисл. з/п: КОРЗУН АЛЕКСАНДР ВАЛЕРЬЕВИЧ; 3819250000393-&gt;3114250000115-91kBYR-746644 = 2271190,00 BYR</Description>
      <Currency />
      <AmountByCurrency>0</AmountByCurrency>
      <AmountByAccount>2271190.00</AmountByAccount>
    </TransactionItem>
    <TransactionItem>
      <RegistrationDate>2012-08-23T00:00:00</RegistrationDate>
      <TransactionDate>2012-08-23T00:00:00</TransactionDate>
      <TransactionCode>2831081/68091482</TransactionCode>
      <Description>Зачисление на счет - зачисл. з/п: КОРЗУН АЛЕКСАНДР ВАЛЕРЬЕВИЧ; 3819250000393-&gt;3114250000115-91kBYR-746644 = 228000,00 BYR</Description>
      <Currency />
      <AmountByCurrency>0</AmountByCurrency>
      <AmountByAccount>228000.00</AmountByAccount>
    </TransactionItem>
    <TransactionItem>
      <RegistrationDate>2012-08-31T00:00:00</RegistrationDate>
      <TransactionDate>2012-08-31T00:00:00</TransactionDate>
      <TransactionCode>2839974/70346525</TransactionCode>
      <Description>Зачисление на счет - начисл. проц-в: КОРЗУН АЛЕКСАНДР ВАЛЕРЬЕВИЧ; 9043251010048-&gt;3114250000115-91kBYR-746644 = 30,00 BYR</Description>
      <Currency />
      <AmountByCurrency>0</AmountByCurrency>
      <AmountByAccount>30.00</AmountByAccount>
    </TransactionItem>
    <TransactionItem>
      <RegistrationDate>2012-08-13T00:00:00</RegistrationDate>
      <TransactionDate>2012-08-10T00:00:00</TransactionDate>
      <TransactionCode>9087L30/1339349</TransactionCode>
      <Description>Выдача наличных - ATM N87 MALINOVKA BIB - MINSK</Description>
      <Currency>BYR</Currency>
      <AmountByCurrency>-100000.00</AmountByCurrency>
      <AmountByAccount>-100000.00</AmountByAccount>
    </TransactionItem>
    <TransactionItem>
      <RegistrationDate>2012-08-13T00:00:00</RegistrationDate>
      <TransactionDate>2012-08-12T00:00:00</TransactionDate>
      <TransactionCode>9120L50/2232543</TransactionCode>
      <Description>Выдача наличных - ATM N120 GHDANY BIB - MINSK</Description>
      <Currency>BYR</Currency>
      <AmountByCurrency>-600000.00</AmountByCurrency>
      <AmountByAccount>-600000.00</AmountByAccount>
    </TransactionItem>
    <TransactionItem>
      <RegistrationDate>2012-08-13T00:00:00</RegistrationDate>
      <TransactionDate>2012-08-10T00:00:00</TransactionDate>
      <TransactionCode>9061L30/1233946</TransactionCode>
      <Description>Выдача наличных - ATM GOPERY BIB - MINSK</Description>
      <Currency>BYR</Currency>
      <AmountByCurrency>-200000.00</AmountByCurrency>
      <AmountByAccount>-200000.00</AmountByAccount>
    </TransactionItem>
    <TransactionItem>
      <RegistrationDate>2012-08-15T00:00:00</RegistrationDate>
      <TransactionDate>2012-08-14T00:00:00</TransactionDate>
      <TransactionCode>0006L70/5005849</TransactionCode>
      <Description>Оплата товаров и услуг - SHOP "MYASKOMOBINAT" - MINSK</Description>
      <Currency>BYR</Currency>
      <AmountByCurrency>-131150.00</AmountByCurrency>
      <AmountByAccount>-131150.00</AmountByAccount>
    </TransactionItem>
    <TransactionItem>
      <RegistrationDate>2012-08-15T00:00:00</RegistrationDate>
      <TransactionDate>2012-08-14T00:00:00</TransactionDate>
      <TransactionCode>9061L70/2850222</TransactionCode>
      <Description>Выдача наличных - ATM GOPERY BIB - MINSK</Description>
      <Currency>BYR</Currency>
      <AmountByCurrency>-100000.00</AmountByCurrency>
      <AmountByAccount>-100000.00</AmountByAccount>
    </TransactionItem>
    <TransactionItem>
      <RegistrationDate>2012-08-16T00:00:00</RegistrationDate>
      <TransactionDate>2012-08-15T00:00:00</TransactionDate>
      <TransactionCode>9087L81/3297839</TransactionCode>
      <Description>Выдача наличных - ATM N87 MALINOVKA BIB - MINSK</Description>
      <Currency>BYR</Currency>
      <AmountByCurrency>-1000000.00</AmountByCurrency>
      <AmountByAccount>-1000000.00</AmountByAccount>
    </TransactionItem>
    <TransactionItem>
      <RegistrationDate>2012-08-16T00:00:00</RegistrationDate>
      <TransactionDate>2012-08-15T00:00:00</TransactionDate>
      <TransactionCode>0838L80/9342698</TransactionCode>
      <Description>Оплата товаров и услуг - UNIVERSAM "ZAPADNY" - MINSK</Description>
      <Currency>BYR</Currency>
      <AmountByCurrency>-51150.00</AmountByCurrency>
      <AmountByAccount>-51150.00</AmountByAccount>
    </TransactionItem>
    <TransactionItem>
      <RegistrationDate>2012-08-20T00:00:00</RegistrationDate>
      <TransactionDate>2012-08-18T00:00:00</TransactionDate>
      <TransactionCode>3817M10/8831942</TransactionCode>
      <Description>Оплата товаров и услуг - KAFE "PROSPEKT" - MINSK</Description>
      <Currency>BYR</Currency>
      <AmountByCurrency>-32250.00</AmountByCurrency>
      <AmountByAccount>-32250.00</AmountByAccount>
    </TransactionItem>
    <TransactionItem>
      <RegistrationDate>2012-08-28T00:00:00</RegistrationDate>
      <TransactionDate>2012-08-26T00:00:00</TransactionDate>
      <TransactionCode>1120828/3372712</TransactionCode>
      <Description>Оплата товаров и услуг - HYPERMARKET - MINSK</Description>
      <Currency>BYR</Currency>
      <AmountByCurrency>-196210.00</AmountByCurrency>
      <AmountByAccount>-196210.00</AmountByAccount>
    </TransactionItem>
    <TransactionItem>
      <RegistrationDate>2012-08-31T00:00:00</RegistrationDate>
      <TransactionDate>2012-08-30T00:00:00</TransactionDate>
      <TransactionCode>9061N30/9560485</TransactionCode>
      <Description>Выдача наличных - ATM GOPERY BIB - MINSK</Description>
      <Currency>BYR</Currency>
      <AmountByCurrency>-50000.00</AmountByCurrency>
      <AmountByAccount>-50000.00</AmountByAccount>
    </TransactionItem>
    <TransactionItem>
      <RegistrationDate>2012-09-05T00:00:00</RegistrationDate>
      <TransactionDate>2012-09-04T00:00:00</TransactionDate>
      <TransactionCode>3875N80/4261988</TransactionCode>
      <Description>Оплата товаров и услуг - SHOP N 3 "TREMLYA" - MINSK</Description>
      <Currency>BYR</Currency>
      <AmountByCurrency>-12300.00</AmountByCurrency>
      <AmountByAccount>-12300.00</AmountByAccount>
    </TransactionItem>
  </TransactionItems>
</MontlyReport>