<?xml version="1.0"?>
<MontlyReport xmlns:xsi="http://www.w3.org/2001/XMLSchema-instance" xmlns:xsd="http://www.w3.org/2001/XMLSchema">
  <UserInfo>АЛЕКСАНДР ВАЛЕРЬЕВИЧ КОРЗУН СЛОБОДСКАЯ, д.65, кв.27, Минск, Belarus,</UserInfo>
  <BancInfo>БЕЛИНВЕСТБАНК ГОПЕРу пр.Машерова, 29 Минск 220002</BancInfo>
  <ReportInfo>EC/MC Выписка по картам 1570384-2014/0701</ReportInfo>
  <PeriodInfo>Расчетный цикл 03-06-2014по01-07-2014</PeriodInfo>
  <CreationInfo>Сформировано 01-07-2014 20:57:48</CreationInfo>
  <AccountNumber>739001BYR00009AFD63</AccountNumber>
  <AccountCurrency>BYR</AccountCurrency>
  <ImmutableBalance>500000.00</ImmutableBalance>
  <MinBalance>0.00</MinBalance>
  <AvailibleCredit>0.00</AvailibleCredit>
  <PrevBalance>38281963.00</PrevBalance>
  <TransactionItems>
    <TransactionItem>
      <RegistrationDate>2014-06-30T00:00:00</RegistrationDate>
      <TransactionDate>2014-06-30T00:00:00</TransactionDate>
      <TransactionCode>3719506/71979453</TransactionCode>
      <Description>Зачисление на счет - начисл. проц-в: КОРЗУН АЛЕКСАНДР ВАЛЕРЬЕВИЧ; 9041251010024-&gt;3014775400013-91kBYR-9AFD63 = 1206431,00 BYR</Description>
      <Currency />
      <AmountByCurrency>0</AmountByCurrency>
      <AmountByAccount>1206431.00</AmountByAccount>
    </TransactionItem>
    <TransactionItem>
      <RegistrationDate>2014-06-03T00:00:00</RegistrationDate>
      <TransactionDate>2014-06-02T00:00:00</TransactionDate>
      <TransactionCode>4958E3I/4764918</TransactionCode>
      <Description>Оплата товаров и услуг - PT SHOP RUBLEVSKIY 106 - MINSK</Description>
      <Currency>BYR</Currency>
      <AmountByCurrency>-17550.00</AmountByCurrency>
      <AmountByAccount>-17550.00</AmountByAccount>
    </TransactionItem>
    <TransactionItem>
      <RegistrationDate>2014-06-04T00:00:00</RegistrationDate>
      <TransactionDate>2014-06-03T00:00:00</TransactionDate>
      <TransactionCode>9999E48/5039348</TransactionCode>
      <Description>Оплата товаров и услуг - VIRTUAL FOR INTERNET BANKIN - MINSK</Description>
      <Currency>BYR</Currency>
      <AmountByCurrency>-100000.00</AmountByCurrency>
      <AmountByAccount>-100000.00</AmountByAccount>
    </TransactionItem>
    <TransactionItem>
      <RegistrationDate>2014-06-04T00:00:00</RegistrationDate>
      <TransactionDate>2014-06-03T00:00:00</TransactionDate>
      <TransactionCode>0062441/6689867</TransactionCode>
      <Description>Оплата товаров и услуг - TC "ZAMOK" GIPERMARKET BPSB - MINSK</Description>
      <Currency>BYR</Currency>
      <AmountByCurrency>-14250.00</AmountByCurrency>
      <AmountByAccount>-14250.00</AmountByAccount>
    </TransactionItem>
    <TransactionItem>
      <RegistrationDate>2014-06-04T00:00:00</RegistrationDate>
      <TransactionDate>2014-06-03T00:00:00</TransactionDate>
      <TransactionCode>9061E40/5002984</TransactionCode>
      <Description>Выдача наличных - ATM GOPERY BIB - MINSK</Description>
      <Currency>BYR</Currency>
      <AmountByCurrency>-200000.00</AmountByCurrency>
      <AmountByAccount>-200000.00</AmountByAccount>
    </TransactionItem>
    <TransactionItem>
      <RegistrationDate>2014-06-05T00:00:00</RegistrationDate>
      <TransactionDate>2014-06-03T00:00:00</TransactionDate>
      <TransactionCode>1140605/5646</TransactionCode>
      <Description>Оплата товаров и услуг - HYPERMARKET - MINSK</Description>
      <Currency>BYR</Currency>
      <AmountByCurrency>-41250.00</AmountByCurrency>
      <AmountByAccount>-41250.00</AmountByAccount>
    </TransactionItem>
    <TransactionItem>
      <RegistrationDate>2014-06-09T00:00:00</RegistrationDate>
      <TransactionDate>2014-06-08T00:00:00</TransactionDate>
      <TransactionCode>7753E9S/5999761</TransactionCode>
      <Description>Оплата товаров и услуг - PT SHOP RUBLEVSKIJ-144 - MINSK</Description>
      <Currency>BYR</Currency>
      <AmountByCurrency>-23400.00</AmountByCurrency>
      <AmountByAccount>-23400.00</AmountByAccount>
    </TransactionItem>
    <TransactionItem>
      <RegistrationDate>2014-06-09T00:00:00</RegistrationDate>
      <TransactionDate>2014-06-07T00:00:00</TransactionDate>
      <TransactionCode>3530196/3438385</TransactionCode>
      <Description>Оплата товаров и услуг - SHOP "GORYACHI KHLEB" BAPB - MINSK</Description>
      <Currency>BYR</Currency>
      <AmountByCurrency>-52650.00</AmountByCurrency>
      <AmountByAccount>-52650.00</AmountByAccount>
    </TransactionItem>
    <TransactionItem>
      <RegistrationDate>2014-06-09T00:00:00</RegistrationDate>
      <TransactionDate>2014-06-07T00:00:00</TransactionDate>
      <TransactionCode>7752E8N/5900609</TransactionCode>
      <Description>Оплата товаров и услуг - PT SHOP RUBLEVSKIJ-144 - MINSK</Description>
      <Currency>BYR</Currency>
      <AmountByCurrency>-120650.00</AmountByCurrency>
      <AmountByAccount>-120650.00</AmountByAccount>
    </TransactionItem>
    <TransactionItem>
      <RegistrationDate>2014-06-09T00:00:00</RegistrationDate>
      <TransactionDate>2014-06-06T00:00:00</TransactionDate>
      <TransactionCode>9061E70/5588995</TransactionCode>
      <Description>Выдача наличных - ATM GOPERY BIB - MINSK</Description>
      <Currency>BYR</Currency>
      <AmountByCurrency>-500000.00</AmountByCurrency>
      <AmountByAccount>-500000.00</AmountByAccount>
    </TransactionItem>
    <TransactionItem>
      <RegistrationDate>2014-06-11T00:00:00</RegistrationDate>
      <TransactionDate>2014-06-10T00:00:00</TransactionDate>
      <TransactionCode>9999F1E/6429986</TransactionCode>
      <Description>Оплата товаров и услуг - VIRTUAL FOR INTERNET BANKIN - MINSK</Description>
      <Currency>BYR</Currency>
      <AmountByCurrency>-68000.00</AmountByCurrency>
      <AmountByAccount>-68000.00</AmountByAccount>
    </TransactionItem>
    <TransactionItem>
      <RegistrationDate>2014-06-12T00:00:00</RegistrationDate>
      <TransactionDate>2014-06-11T00:00:00</TransactionDate>
      <TransactionCode>2719F20/0673909</TransactionCode>
      <Description>Оплата товаров и услуг - KAFE "FRESH CAFE" BPSB - MINSK</Description>
      <Currency>BYR</Currency>
      <AmountByCurrency>-199300.00</AmountByCurrency>
      <AmountByAccount>-199300.00</AmountByAccount>
    </TransactionItem>
    <TransactionItem>
      <RegistrationDate>2014-06-12T00:00:00</RegistrationDate>
      <TransactionDate>2014-06-11T00:00:00</TransactionDate>
      <TransactionCode>9061F20/6633766</TransactionCode>
      <Description>Выдача наличных - ATM GOPERY BIB - MINSK</Description>
      <Currency>BYR</Currency>
      <AmountByCurrency>-200000.00</AmountByCurrency>
      <AmountByAccount>-200000.00</AmountByAccount>
    </TransactionItem>
    <TransactionItem>
      <RegistrationDate>2014-06-13T00:00:00</RegistrationDate>
      <TransactionDate>2014-06-12T00:00:00</TransactionDate>
      <TransactionCode>9999F3-/6911196</TransactionCode>
      <Description>Зачисление перевода / Возврат покупки - VIRTUAL FOR INTERNET BANKIN - MINSK</Description>
      <Currency>BYR</Currency>
      <AmountByCurrency>7524280.00</AmountByCurrency>
      <AmountByAccount>7524280.00</AmountByAccount>
    </TransactionItem>
    <TransactionItem>
      <RegistrationDate>2014-06-13T00:00:00</RegistrationDate>
      <TransactionDate>2014-06-12T00:00:00</TransactionDate>
      <TransactionCode>2413F30/2681094</TransactionCode>
      <Description>Оплата товаров и услуг - KAFE "BUVETTE" - MINSK</Description>
      <Currency>BYR</Currency>
      <AmountByCurrency>-44900.00</AmountByCurrency>
      <AmountByAccount>-44900.00</AmountByAccount>
    </TransactionItem>
    <TransactionItem>
      <RegistrationDate>2014-06-13T00:00:00</RegistrationDate>
      <TransactionDate>2014-06-12T00:00:00</TransactionDate>
      <TransactionCode>8579F30/2663464</TransactionCode>
      <Description>Оплата товаров и услуг - SHOP "EVROOPT" - MINSK</Description>
      <Currency>BYR</Currency>
      <AmountByCurrency>-30850.00</AmountByCurrency>
      <AmountByAccount>-30850.00</AmountByAccount>
    </TransactionItem>
    <TransactionItem>
      <RegistrationDate>2014-06-15T00:00:00</RegistrationDate>
      <TransactionDate>2014-06-14T00:00:00</TransactionDate>
      <TransactionCode>9999F5I/7363310</TransactionCode>
      <Description>Оплата товаров и услуг - VIRTUAL FOR INTERNET BANKIN - MINSK</Description>
      <Currency>BYR</Currency>
      <AmountByCurrency>-68000.00</AmountByCurrency>
      <AmountByAccount>-68000.00</AmountByAccount>
    </TransactionItem>
    <TransactionItem>
      <RegistrationDate>2014-06-15T00:00:00</RegistrationDate>
      <TransactionDate>2014-06-14T00:00:00</TransactionDate>
      <TransactionCode>9999F5I/7362369</TransactionCode>
      <Description>Оплата товаров и услуг - VIRTUAL FOR INTERNET BANKIN - MINSK</Description>
      <Currency>BYR</Currency>
      <AmountByCurrency>-68000.00</AmountByCurrency>
      <AmountByAccount>-68000.00</AmountByAccount>
    </TransactionItem>
    <TransactionItem>
      <RegistrationDate>2014-06-15T00:00:00</RegistrationDate>
      <TransactionDate>2014-06-14T00:00:00</TransactionDate>
      <TransactionCode>9999F5I/7363625</TransactionCode>
      <Description>Оплата товаров и услуг - VIRTUAL FOR INTERNET BANKIN - MINSK</Description>
      <Currency>BYR</Currency>
      <AmountByCurrency>-20000.00</AmountByCurrency>
      <AmountByAccount>-20000.00</AmountByAccount>
    </TransactionItem>
    <TransactionItem>
      <RegistrationDate>2014-06-16T00:00:00</RegistrationDate>
      <TransactionDate>2014-06-15T00:00:00</TransactionDate>
      <TransactionCode>9061F60/7452015</TransactionCode>
      <Description>Выдача наличных - ATM GOPERY BIB - MINSK</Description>
      <Currency>BYR</Currency>
      <AmountByCurrency>-200000.00</AmountByCurrency>
      <AmountByAccount>-200000.00</AmountByAccount>
    </TransactionItem>
    <TransactionItem>
      <RegistrationDate>2014-06-18T00:00:00</RegistrationDate>
      <TransactionDate>2014-06-17T00:00:00</TransactionDate>
      <TransactionCode>8581F80/1672172</TransactionCode>
      <Description>Оплата товаров и услуг - SHOP "EVROOPT" - MINSK</Description>
      <Currency>BYR</Currency>
      <AmountByCurrency>-32600.00</AmountByCurrency>
      <AmountByAccount>-32600.00</AmountByAccount>
    </TransactionItem>
    <TransactionItem>
      <RegistrationDate>2014-06-23T00:00:00</RegistrationDate>
      <TransactionDate>2014-06-21T00:00:00</TransactionDate>
      <TransactionCode>9061G20/8798689</TransactionCode>
      <Description>Выдача наличных - ATM GOPERY BIB - MINSK</Description>
      <Currency>BYR</Currency>
      <AmountByCurrency>-200000.00</AmountByCurrency>
      <AmountByAccount>-200000.00</AmountByAccount>
    </TransactionItem>
    <TransactionItem>
      <RegistrationDate>2014-06-23T00:00:00</RegistrationDate>
      <TransactionDate>2014-06-21T00:00:00</TransactionDate>
      <TransactionCode>9999G2P/8948602</TransactionCode>
      <Description>Оплата товаров и услуг - VIRTUAL FOR INTERNET BANKIN - MINSK</Description>
      <Currency>BYR</Currency>
      <AmountByCurrency>-20000.00</AmountByCurrency>
      <AmountByAccount>-20000.00</AmountByAccount>
    </TransactionItem>
    <TransactionItem>
      <RegistrationDate>2014-06-24T00:00:00</RegistrationDate>
      <TransactionDate>2014-06-20T00:00:00</TransactionDate>
      <TransactionCode>1140624/1907</TransactionCode>
      <Description>Оплата товаров и услуг - KAFE SHTOLLE - MINSK</Description>
      <Currency>BYR</Currency>
      <AmountByCurrency>-18000.00</AmountByCurrency>
      <AmountByAccount>-18000.00</AmountByAccount>
    </TransactionItem>
    <TransactionItem>
      <RegistrationDate>2014-06-25T00:00:00</RegistrationDate>
      <TransactionDate>2014-06-24T00:00:00</TransactionDate>
      <TransactionCode>9999G5S/9621502</TransactionCode>
      <Description>Оплата товаров и услуг - VIRTUAL FOR INTERNET BANKIN - MINSK</Description>
      <Currency>BYR</Currency>
      <AmountByCurrency>-282945.00</AmountByCurrency>
      <AmountByAccount>-282945.00</AmountByAccount>
    </TransactionItem>
    <TransactionItem>
      <RegistrationDate>2014-06-25T00:00:00</RegistrationDate>
      <TransactionDate>2014-06-24T00:00:00</TransactionDate>
      <TransactionCode>9999G5S/9621675</TransactionCode>
      <Description>Оплата товаров и услуг - VIRTUAL FOR INTERNET BANKIN - MINSK</Description>
      <Currency>BYR</Currency>
      <AmountByCurrency>-288600.00</AmountByCurrency>
      <AmountByAccount>-288600.00</AmountByAccount>
    </TransactionItem>
    <TransactionItem>
      <RegistrationDate>2014-06-25T00:00:00</RegistrationDate>
      <TransactionDate>2014-06-24T00:00:00</TransactionDate>
      <TransactionCode>9999G5S/9621601</TransactionCode>
      <Description>Оплата товаров и услуг - VIRTUAL FOR INTERNET BANKIN - MINSK</Description>
      <Currency>BYR</Currency>
      <AmountByCurrency>-111885.00</AmountByCurrency>
      <AmountByAccount>-111885.00</AmountByAccount>
    </TransactionItem>
    <TransactionItem>
      <RegistrationDate>2014-06-26T00:00:00</RegistrationDate>
      <TransactionDate>2014-06-25T00:00:00</TransactionDate>
      <TransactionCode>9999G6T/9652443</TransactionCode>
      <Description>Оплата товаров и услуг - VIRTUAL FOR INTERNET BANKIN - MINSK</Description>
      <Currency>BYR</Currency>
      <AmountByCurrency>-14300.00</AmountByCurrency>
      <AmountByAccount>-14300.00</AmountByAccount>
    </TransactionItem>
    <TransactionItem>
      <RegistrationDate>2014-06-26T00:00:00</RegistrationDate>
      <TransactionDate>2014-06-25T00:00:00</TransactionDate>
      <TransactionCode>9999G6M/9894642</TransactionCode>
      <Description>Зачисление перевода / Возврат покупки - VIRTUAL FOR INTERNET BANKIN - MINSK</Description>
      <Currency>BYR</Currency>
      <AmountByCurrency>804000.00</AmountByCurrency>
      <AmountByAccount>804000.00</AmountByAccount>
    </TransactionItem>
    <TransactionItem>
      <RegistrationDate>2014-06-27T00:00:00</RegistrationDate>
      <TransactionDate>2014-06-26T00:00:00</TransactionDate>
      <TransactionCode>9061G70/9982105</TransactionCode>
      <Description>Выдача наличных - ATM GOPERY BIB - MINSK</Description>
      <Currency>BYR</Currency>
      <AmountByCurrency>-200000.00</AmountByCurrency>
      <AmountByAccount>-200000.00</AmountByAccount>
    </TransactionItem>
    <TransactionItem>
      <RegistrationDate>2014-06-30T00:00:00</RegistrationDate>
      <TransactionDate>2014-06-29T00:00:00</TransactionDate>
      <TransactionCode>6342H00/6070272</TransactionCode>
      <Description>Оплата товаров и услуг - SHOP "EVROOPT" - MINSKIY R-N</Description>
      <Currency>BYR</Currency>
      <AmountByCurrency>-26950.00</AmountByCurrency>
      <AmountByAccount>-26950.00</AmountByAccount>
    </TransactionItem>
    <TransactionItem>
      <RegistrationDate>2014-06-30T00:00:00</RegistrationDate>
      <TransactionDate>2014-06-27T00:00:00</TransactionDate>
      <TransactionCode>9061G80/0229190</TransactionCode>
      <Description>Выдача наличных - ATM GOPERY BIB - MINSK</Description>
      <Currency>BYR</Currency>
      <AmountByCurrency>-200000.00</AmountByCurrency>
      <AmountByAccount>-200000.00</AmountByAccount>
    </TransactionItem>
    <TransactionItem>
      <RegistrationDate>2014-06-30T00:00:00</RegistrationDate>
      <TransactionDate>2014-06-27T00:00:00</TransactionDate>
      <TransactionCode>9999G8V/0194464</TransactionCode>
      <Description>Оплата товаров и услуг - VIRTUAL FOR INTERNET BANKIN - MINSK</Description>
      <Currency>BYR</Currency>
      <AmountByCurrency>-20000.00</AmountByCurrency>
      <AmountByAccount>-20000.00</AmountByAccount>
    </TransactionItem>
    <TransactionItem>
      <RegistrationDate>2014-06-30T00:00:00</RegistrationDate>
      <TransactionDate>2014-06-29T00:00:00</TransactionDate>
      <TransactionCode>6343H00/6012998</TransactionCode>
      <Description>Оплата товаров и услуг - SHOP "EVROOPT" - MINSKIY R-N</Description>
      <Currency>BYR</Currency>
      <AmountByCurrency>-57950.00</AmountByCurrency>
      <AmountByAccount>-57950.00</AmountByAccount>
    </TransactionItem>
    <TransactionItem>
      <RegistrationDate>2014-06-30T00:00:00</RegistrationDate>
      <TransactionDate>2014-06-26T00:00:00</TransactionDate>
      <TransactionCode>4329G72/0163552</TransactionCode>
      <Description>Оплата товаров и услуг - PT SHOP RUBLEVSKIY N119 - MINSK</Description>
      <Currency>BYR</Currency>
      <AmountByCurrency>-60650.00</AmountByCurrency>
      <AmountByAccount>-60650.00</AmountByAccount>
    </TransactionItem>
    <TransactionItem>
      <RegistrationDate>2014-07-01T00:00:00</RegistrationDate>
      <TransactionDate>2014-06-30T00:00:00</TransactionDate>
      <TransactionCode>7405261/7892285</TransactionCode>
      <Description>Оплата товаров и услуг - RESTORAN "PIPLS" - MINSK</Description>
      <Currency>BYR</Currency>
      <AmountByCurrency>-47000.00</AmountByCurrency>
      <AmountByAccount>-47000.00</AmountByAccount>
    </TransactionItem>
  </TransactionItems>
</MontlyReport>