<?xml version="1.0"?>
<MontlyReport xmlns:xsi="http://www.w3.org/2001/XMLSchema-instance" xmlns:xsd="http://www.w3.org/2001/XMLSchema">
  <UserInfo>АЛЕКСАНДР ВАЛЕРЬЕВИЧ КОРЗУН СЛОБОДСКАЯ, д.65, кв.27, Минск, Belarus,</UserInfo>
  <BancInfo>БЕЛИНВЕСТБАНК ГОПЕРу пр.Машерова, 29 Минск 220002</BancInfo>
  <ReportInfo>EC/MC Выписка по картам 1570384-2014/0901</ReportInfo>
  <PeriodInfo>Расчетный цикл 05-08-2014по01-09-2014</PeriodInfo>
  <CreationInfo>Сформировано 01-09-2014 22:01:26</CreationInfo>
  <AccountNumber>739001BYR00009AFD63</AccountNumber>
  <AccountCurrency>BYR</AccountCurrency>
  <ImmutableBalance>500000.00</ImmutableBalance>
  <MinBalance>0.00</MinBalance>
  <AvailibleCredit>0.00</AvailibleCredit>
  <PrevBalance>16883904.00</PrevBalance>
  <TransactionItems>
    <TransactionItem>
      <RegistrationDate>2014-08-29T00:00:00</RegistrationDate>
      <TransactionDate>2014-08-29T00:00:00</TransactionDate>
      <TransactionCode>3811129/92267346</TransactionCode>
      <Description>Зачисление на счет - начисл. проц-в: КОРЗУН АЛЕКСАНДР ВАЛЕРЬЕВИЧ; 9041251010024-&gt;3014775400013-91kBYR-9AFD63 = 1039540,00 BYR</Description>
      <Currency />
      <AmountByCurrency>0</AmountByCurrency>
      <AmountByAccount>1039540.00</AmountByAccount>
    </TransactionItem>
    <TransactionItem>
      <RegistrationDate>2014-08-05T00:00:00</RegistrationDate>
      <TransactionDate>2014-08-04T00:00:00</TransactionDate>
      <TransactionCode>9999K6X/7993755</TransactionCode>
      <Description>Оплата товаров и услуг - VIRTUAL FOR INTERNET BANKIN - MINSK</Description>
      <Currency>BYR</Currency>
      <AmountByCurrency>-60000.00</AmountByCurrency>
      <AmountByAccount>-60000.00</AmountByAccount>
    </TransactionItem>
    <TransactionItem>
      <RegistrationDate>2014-08-06T00:00:00</RegistrationDate>
      <TransactionDate>2014-08-05T00:00:00</TransactionDate>
      <TransactionCode>3817209/4414507</TransactionCode>
      <Description>Оплата товаров и услуг - KAFE "PROSPEKT" - MINSK</Description>
      <Currency>BYR</Currency>
      <AmountByCurrency>-64300.00</AmountByCurrency>
      <AmountByAccount>-64300.00</AmountByAccount>
    </TransactionItem>
    <TransactionItem>
      <RegistrationDate>2014-08-06T00:00:00</RegistrationDate>
      <TransactionDate>2014-08-05T00:00:00</TransactionDate>
      <TransactionCode>4013K70/4725779</TransactionCode>
      <Description>Оплата товаров и услуг - SHOP ZHIVOGO PIVA "TOCHKA" - MINSK</Description>
      <Currency>BYR</Currency>
      <AmountByCurrency>-167550.00</AmountByCurrency>
      <AmountByAccount>-167550.00</AmountByAccount>
    </TransactionItem>
    <TransactionItem>
      <RegistrationDate>2014-08-06T00:00:00</RegistrationDate>
      <TransactionDate>2014-08-05T00:00:00</TransactionDate>
      <TransactionCode>9061K70/8270912</TransactionCode>
      <Description>Выдача наличных - ATM GOPERY BIB - MINSK</Description>
      <Currency>BYR</Currency>
      <AmountByCurrency>-100000.00</AmountByCurrency>
      <AmountByAccount>-100000.00</AmountByAccount>
    </TransactionItem>
    <TransactionItem>
      <RegistrationDate>2014-08-07T00:00:00</RegistrationDate>
      <TransactionDate>2014-08-06T00:00:00</TransactionDate>
      <TransactionCode>3817210/5942346</TransactionCode>
      <Description>Оплата товаров и услуг - KAFE "PROSPEKT" - MINSK</Description>
      <Currency>BYR</Currency>
      <AmountByCurrency>-68300.00</AmountByCurrency>
      <AmountByAccount>-68300.00</AmountByAccount>
    </TransactionItem>
    <TransactionItem>
      <RegistrationDate>2014-08-08T00:00:00</RegistrationDate>
      <TransactionDate>2014-08-07T00:00:00</TransactionDate>
      <TransactionCode>9443K90/8632203</TransactionCode>
      <Description>Взнос наличных - PVN OTDELENIYA N540 BIB - MINSK</Description>
      <Currency>BYR</Currency>
      <AmountByCurrency>30000000.00</AmountByCurrency>
      <AmountByAccount>30000000.00</AmountByAccount>
    </TransactionItem>
    <TransactionItem>
      <RegistrationDate>2014-08-11T00:00:00</RegistrationDate>
      <TransactionDate>2014-08-08T00:00:00</TransactionDate>
      <TransactionCode>3817212/0955191</TransactionCode>
      <Description>Оплата товаров и услуг - KAFE "PROSPEKT" - MINSK</Description>
      <Currency>BYR</Currency>
      <AmountByCurrency>-44550.00</AmountByCurrency>
      <AmountByAccount>-44550.00</AmountByAccount>
    </TransactionItem>
    <TransactionItem>
      <RegistrationDate>2014-08-11T00:00:00</RegistrationDate>
      <TransactionDate>2014-08-10T00:00:00</TransactionDate>
      <TransactionCode>9999L2X/9230980</TransactionCode>
      <Description>Зачисление перевода / Возврат покупки - VIRTUAL FOR INTERNET BANKIN - MINSK</Description>
      <Currency>BYR</Currency>
      <AmountByCurrency>8099810.00</AmountByCurrency>
      <AmountByAccount>8099810.00</AmountByAccount>
    </TransactionItem>
    <TransactionItem>
      <RegistrationDate>2014-08-11T00:00:00</RegistrationDate>
      <TransactionDate>2014-08-10T00:00:00</TransactionDate>
      <TransactionCode>9999L24/9190628</TransactionCode>
      <Description>Оплата товаров и услуг - VIRTUAL FOR INTERNET BANKIN - MINSK</Description>
      <Currency>BYR</Currency>
      <AmountByCurrency>-20000.00</AmountByCurrency>
      <AmountByAccount>-20000.00</AmountByAccount>
    </TransactionItem>
    <TransactionItem>
      <RegistrationDate>2014-08-12T00:00:00</RegistrationDate>
      <TransactionDate>2014-08-11T00:00:00</TransactionDate>
      <TransactionCode>9137L31/9462667</TransactionCode>
      <Description>Выдача наличных - ATM N137 BIB - MINSK</Description>
      <Currency>BYR</Currency>
      <AmountByCurrency>-100000.00</AmountByCurrency>
      <AmountByAccount>-100000.00</AmountByAccount>
    </TransactionItem>
    <TransactionItem>
      <RegistrationDate>2014-08-13T00:00:00</RegistrationDate>
      <TransactionDate>2014-08-12T00:00:00</TransactionDate>
      <TransactionCode>9061L40/9689303</TransactionCode>
      <Description>Выдача наличных - ATM GOPERY BIB - MINSK</Description>
      <Currency>BYR</Currency>
      <AmountByCurrency>-1500000.00</AmountByCurrency>
      <AmountByAccount>-1500000.00</AmountByAccount>
    </TransactionItem>
    <TransactionItem>
      <RegistrationDate>2014-08-13T00:00:00</RegistrationDate>
      <TransactionDate>2014-08-12T00:00:00</TransactionDate>
      <TransactionCode>7405301/7253100</TransactionCode>
      <Description>Оплата товаров и услуг - RESTORAN "PIPLS" - MINSK</Description>
      <Currency>BYR</Currency>
      <AmountByCurrency>-157400.00</AmountByCurrency>
      <AmountByAccount>-157400.00</AmountByAccount>
    </TransactionItem>
    <TransactionItem>
      <RegistrationDate>2014-08-14T00:00:00</RegistrationDate>
      <TransactionDate>2014-08-13T00:00:00</TransactionDate>
      <TransactionCode>1125424/9321225</TransactionCode>
      <Description>Оплата товаров и услуг - TORGOVOE POMESCHENIE N 261 - MINSK</Description>
      <Currency>BYR</Currency>
      <AmountByCurrency>-240000.00</AmountByCurrency>
      <AmountByAccount>-240000.00</AmountByAccount>
    </TransactionItem>
    <TransactionItem>
      <RegistrationDate>2014-08-14T00:00:00</RegistrationDate>
      <TransactionDate>2014-08-13T00:00:00</TransactionDate>
      <TransactionCode>3817215/0015368</TransactionCode>
      <Description>Оплата товаров и услуг - KAFE "PROSPEKT" - MINSK</Description>
      <Currency>BYR</Currency>
      <AmountByCurrency>-58150.00</AmountByCurrency>
      <AmountByAccount>-58150.00</AmountByAccount>
    </TransactionItem>
    <TransactionItem>
      <RegistrationDate>2014-08-15T00:00:00</RegistrationDate>
      <TransactionDate>2014-08-14T00:00:00</TransactionDate>
      <TransactionCode>3820231/0902643</TransactionCode>
      <Description>Оплата товаров и услуг - KAFE "PROSPEKT" - MINSK</Description>
      <Currency>BYR</Currency>
      <AmountByCurrency>-36050.00</AmountByCurrency>
      <AmountByAccount>-36050.00</AmountByAccount>
    </TransactionItem>
    <TransactionItem>
      <RegistrationDate>2014-08-18T00:00:00</RegistrationDate>
      <TransactionDate>2014-08-17T00:00:00</TransactionDate>
      <TransactionCode>6336L90/7502540</TransactionCode>
      <Description>Оплата товаров и услуг - SHOP "EVROOPT" - MINSKIY R-N</Description>
      <Currency>BYR</Currency>
      <AmountByCurrency>-58950.00</AmountByCurrency>
      <AmountByAccount>-58950.00</AmountByAccount>
    </TransactionItem>
    <TransactionItem>
      <RegistrationDate>2014-08-18T00:00:00</RegistrationDate>
      <TransactionDate>2014-08-15T00:00:00</TransactionDate>
      <TransactionCode>0121377/4186436</TransactionCode>
      <Description>Оплата товаров и услуг - UNIVERSAM "RODNY KUT" - MINSK</Description>
      <Currency>BYR</Currency>
      <AmountByCurrency>-53200.00</AmountByCurrency>
      <AmountByAccount>-53200.00</AmountByAccount>
    </TransactionItem>
    <TransactionItem>
      <RegistrationDate>2014-08-18T00:00:00</RegistrationDate>
      <TransactionDate>2014-08-15T00:00:00</TransactionDate>
      <TransactionCode>5614522/4494730</TransactionCode>
      <Description>Оплата товаров и услуг - SHOP "RAYDER" BAPB - MINSK</Description>
      <Currency>BYR</Currency>
      <AmountByCurrency>-420000.00</AmountByCurrency>
      <AmountByAccount>-420000.00</AmountByAccount>
    </TransactionItem>
    <TransactionItem>
      <RegistrationDate>2014-08-18T00:00:00</RegistrationDate>
      <TransactionDate>2014-08-15T00:00:00</TransactionDate>
      <TransactionCode>9061L70/0274924</TransactionCode>
      <Description>Выдача наличных - ATM GOPERY BIB - MINSK</Description>
      <Currency>BYR</Currency>
      <AmountByCurrency>-200000.00</AmountByCurrency>
      <AmountByAccount>-200000.00</AmountByAccount>
    </TransactionItem>
    <TransactionItem>
      <RegistrationDate>2014-08-19T00:00:00</RegistrationDate>
      <TransactionDate>2014-08-18T00:00:00</TransactionDate>
      <TransactionCode>0561M00/8619368</TransactionCode>
      <Description>Оплата товаров и услуг - TD "NA NEMIGE" - MINSK</Description>
      <Currency>BYR</Currency>
      <AmountByCurrency>-30350.00</AmountByCurrency>
      <AmountByAccount>-30350.00</AmountByAccount>
    </TransactionItem>
    <TransactionItem>
      <RegistrationDate>2014-08-20T00:00:00</RegistrationDate>
      <TransactionDate>2014-08-19T00:00:00</TransactionDate>
      <TransactionCode>3820236/1396787</TransactionCode>
      <Description>Оплата товаров и услуг - KAFE "PROSPEKT" - MINSK</Description>
      <Currency>BYR</Currency>
      <AmountByCurrency>-45100.00</AmountByCurrency>
      <AmountByAccount>-45100.00</AmountByAccount>
    </TransactionItem>
    <TransactionItem>
      <RegistrationDate>2014-08-25T00:00:00</RegistrationDate>
      <TransactionDate>2014-08-22T00:00:00</TransactionDate>
      <TransactionCode>8579M40/6258060</TransactionCode>
      <Description>Оплата товаров и услуг - SHOP "EVROOPT" - MINSK</Description>
      <Currency>BYR</Currency>
      <AmountByCurrency>-55100.00</AmountByCurrency>
      <AmountByAccount>-55100.00</AmountByAccount>
    </TransactionItem>
    <TransactionItem>
      <RegistrationDate>2014-08-25T00:00:00</RegistrationDate>
      <TransactionDate>2014-08-22T00:00:00</TransactionDate>
      <TransactionCode>9061M40/1822541</TransactionCode>
      <Description>Выдача наличных - ATM GOPERY BIB - MINSK</Description>
      <Currency>BYR</Currency>
      <AmountByCurrency>-200000.00</AmountByCurrency>
      <AmountByAccount>-200000.00</AmountByAccount>
    </TransactionItem>
    <TransactionItem>
      <RegistrationDate>2014-08-25T00:00:00</RegistrationDate>
      <TransactionDate>2014-08-23T00:00:00</TransactionDate>
      <TransactionCode>9061M51/2050271</TransactionCode>
      <Description>Выдача наличных - ATM GOPERY BIB - MINSK</Description>
      <Currency>BYR</Currency>
      <AmountByCurrency>-300000.00</AmountByCurrency>
      <AmountByAccount>-300000.00</AmountByAccount>
    </TransactionItem>
    <TransactionItem>
      <RegistrationDate>2014-08-25T00:00:00</RegistrationDate>
      <TransactionDate>2014-08-22T00:00:00</TransactionDate>
      <TransactionCode>3817222/8097714</TransactionCode>
      <Description>Оплата товаров и услуг - KAFE "PROSPEKT" - MINSK</Description>
      <Currency>BYR</Currency>
      <AmountByCurrency>-73150.00</AmountByCurrency>
      <AmountByAccount>-73150.00</AmountByAccount>
    </TransactionItem>
    <TransactionItem>
      <RegistrationDate>2014-08-26T00:00:00</RegistrationDate>
      <TransactionDate>2014-08-25T00:00:00</TransactionDate>
      <TransactionCode>9061M70/2570406</TransactionCode>
      <Description>Выдача наличных - ATM GOPERY BIB - MINSK</Description>
      <Currency>BYR</Currency>
      <AmountByCurrency>-300000.00</AmountByCurrency>
      <AmountByAccount>-300000.00</AmountByAccount>
    </TransactionItem>
    <TransactionItem>
      <RegistrationDate>2014-08-26T00:00:00</RegistrationDate>
      <TransactionDate>2014-08-25T00:00:00</TransactionDate>
      <TransactionCode>9999M7I/2455248</TransactionCode>
      <Description>Оплата товаров и услуг - VIRTUAL FOR INTERNET BANKIN - MINSK</Description>
      <Currency>BYR</Currency>
      <AmountByCurrency>-168751.00</AmountByCurrency>
      <AmountByAccount>-168751.00</AmountByAccount>
    </TransactionItem>
    <TransactionItem>
      <RegistrationDate>2014-08-26T00:00:00</RegistrationDate>
      <TransactionDate>2014-08-25T00:00:00</TransactionDate>
      <TransactionCode>9999M7C/2410947</TransactionCode>
      <Description>Зачисление перевода / Возврат покупки - VIRTUAL FOR INTERNET BANKIN - MINSK</Description>
      <Currency>BYR</Currency>
      <AmountByCurrency>804000.00</AmountByCurrency>
      <AmountByAccount>804000.00</AmountByAccount>
    </TransactionItem>
    <TransactionItem>
      <RegistrationDate>2014-08-26T00:00:00</RegistrationDate>
      <TransactionDate>2014-08-25T00:00:00</TransactionDate>
      <TransactionCode>9999M7I/2455197</TransactionCode>
      <Description>Оплата товаров и услуг - VIRTUAL FOR INTERNET BANKIN - MINSK</Description>
      <Currency>BYR</Currency>
      <AmountByCurrency>-282152.00</AmountByCurrency>
      <AmountByAccount>-282152.00</AmountByAccount>
    </TransactionItem>
    <TransactionItem>
      <RegistrationDate>2014-08-26T00:00:00</RegistrationDate>
      <TransactionDate>2014-08-25T00:00:00</TransactionDate>
      <TransactionCode>9999M7I/2455265</TransactionCode>
      <Description>Оплата товаров и услуг - VIRTUAL FOR INTERNET BANKIN - MINSK</Description>
      <Currency>BYR</Currency>
      <AmountByCurrency>-49500.00</AmountByCurrency>
      <AmountByAccount>-49500.00</AmountByAccount>
    </TransactionItem>
    <TransactionItem>
      <RegistrationDate>2014-08-28T00:00:00</RegistrationDate>
      <TransactionDate>2014-08-27T00:00:00</TransactionDate>
      <TransactionCode>8578M90/6269519</TransactionCode>
      <Description>Оплата товаров и услуг - SHOP "EVROOPT" - MINSK</Description>
      <Currency>BYR</Currency>
      <AmountByCurrency>-34950.00</AmountByCurrency>
      <AmountByAccount>-34950.00</AmountByAccount>
    </TransactionItem>
    <TransactionItem>
      <RegistrationDate>2014-08-29T00:00:00</RegistrationDate>
      <TransactionDate>2014-08-28T00:00:00</TransactionDate>
      <TransactionCode>0561N00/8428665</TransactionCode>
      <Description>Оплата товаров и услуг - TD "NA NEMIGE" - MINSK</Description>
      <Currency>BYR</Currency>
      <AmountByCurrency>-380500.00</AmountByCurrency>
      <AmountByAccount>-380500.00</AmountByAccount>
    </TransactionItem>
    <TransactionItem>
      <RegistrationDate>2014-08-29T00:00:00</RegistrationDate>
      <TransactionDate>2014-08-28T00:00:00</TransactionDate>
      <TransactionCode>9087N00/3143896</TransactionCode>
      <Description>Выдача наличных - ATM N87 MALINOVKA BIB - MINSK</Description>
      <Currency>BYR</Currency>
      <AmountByCurrency>-500000.00</AmountByCurrency>
      <AmountByAccount>-500000.00</AmountByAccount>
    </TransactionItem>
    <TransactionItem>
      <RegistrationDate>2014-09-01T00:00:00</RegistrationDate>
      <TransactionDate>2014-08-29T00:00:00</TransactionDate>
      <TransactionCode>9999N1G/3335740</TransactionCode>
      <Description>Зачисление перевода / Возврат покупки - VIRTUAL FOR INTERNET BANKIN - MINSK</Description>
      <Currency>BYR</Currency>
      <AmountByCurrency>3903004.00</AmountByCurrency>
      <AmountByAccount>3903004.00</AmountByAccount>
    </TransactionItem>
    <TransactionItem>
      <RegistrationDate>2014-09-01T00:00:00</RegistrationDate>
      <TransactionDate>2014-08-30T00:00:00</TransactionDate>
      <TransactionCode>9999N2N/3644026</TransactionCode>
      <Description>Оплата товаров и услуг - VIRTUAL FOR INTERNET BANKIN - MINSK</Description>
      <Currency>BYR</Currency>
      <AmountByCurrency>-100000.00</AmountByCurrency>
      <AmountByAccount>-100000.00</AmountByAccount>
    </TransactionItem>
    <TransactionItem>
      <RegistrationDate>2014-09-01T00:00:00</RegistrationDate>
      <TransactionDate>2014-08-29T00:00:00</TransactionDate>
      <TransactionCode>9999N1M/3444474</TransactionCode>
      <Description>Оплата товаров и услуг - VIRTUAL FOR INTERNET BANKIN - MINSK</Description>
      <Currency>BYR</Currency>
      <AmountByCurrency>-60000.00</AmountByCurrency>
      <AmountByAccount>-60000.00</AmountByAccount>
    </TransactionItem>
  </TransactionItems>
</MontlyReport>