<?xml version="1.0"?>
<MontlyReport xmlns:xsi="http://www.w3.org/2001/XMLSchema-instance" xmlns:xsd="http://www.w3.org/2001/XMLSchema">
  <UserInfo>АЛЕКСАНДР ВАЛЕРЬЕВИЧ КОРЗУН СЛОБОДСКАЯ, д.65, кв.27, Минск, Belarus,</UserInfo>
  <BancInfo>БЕЛИНВЕСТБАНК ГОПЕРу пр.Машерова, 29 Минск 220002</BancInfo>
  <ReportInfo>EC/MC Выписка по картам 1570384-2015/0701</ReportInfo>
  <PeriodInfo>Расчетный цикл 02-06-2015по01-07-2015</PeriodInfo>
  <CreationInfo>Сформировано 02-07-2015 12:24:04</CreationInfo>
  <AccountNumber>739001BYR00009AFD63</AccountNumber>
  <AccountCurrency>BYR</AccountCurrency>
  <ImmutableBalance>500000.00</ImmutableBalance>
  <MinBalance>0.00</MinBalance>
  <AvailibleCredit>0.00</AvailibleCredit>
  <PrevBalance>1588410.00</PrevBalance>
  <TransactionItems>
    <TransactionItem>
      <RegistrationDate>2015-06-30T00:00:00</RegistrationDate>
      <TransactionDate>2015-06-30T00:00:00</TransactionDate>
      <TransactionCode>4309684/02927507</TransactionCode>
      <Description>Зачисление на счет - начисл. проц-в: КОРЗУН АЛЕКСАНДР ВАЛЕРЬЕВИЧ; 9041251010024-&gt;3014775400013-91kBYR-9AFD63 = 27968,00 BYR</Description>
      <Currency />
      <AmountByCurrency>0</AmountByCurrency>
      <AmountByAccount>27968.00</AmountByAccount>
    </TransactionItem>
    <TransactionItem>
      <RegistrationDate>2015-06-05T00:00:00</RegistrationDate>
      <TransactionDate>2015-06-04T00:00:00</TransactionDate>
      <TransactionCode>9094E51/5595282</TransactionCode>
      <Description>Выдача наличных - ATM N94 METRO VOSTOK BIB - MINSK</Description>
      <Currency>BYR</Currency>
      <AmountByCurrency>-600000.00</AmountByCurrency>
      <AmountByAccount>-600000.00</AmountByAccount>
    </TransactionItem>
    <TransactionItem>
      <RegistrationDate>2015-06-05T00:00:00</RegistrationDate>
      <TransactionDate>2015-06-03T00:00:00</TransactionDate>
      <TransactionCode>0064115/2871970</TransactionCode>
      <Description>Оплата товаров и услуг - TC "ZAMOK" GIPERMARKET BPSB - MINSK</Description>
      <Currency>BYR</Currency>
      <AmountByCurrency>-520200.00</AmountByCurrency>
      <AmountByAccount>-520200.00</AmountByAccount>
    </TransactionItem>
    <TransactionItem>
      <RegistrationDate>2015-06-05T00:00:00</RegistrationDate>
      <TransactionDate>2015-06-04T00:00:00</TransactionDate>
      <TransactionCode>9999E5I/5675755</TransactionCode>
      <Description>Зачисление перевода / Возврат покупки - VIRTUAL FOR INTERNET BANKIN - MINSK</Description>
      <Currency>USD</Currency>
      <AmountByCurrency>100.00</AmountByCurrency>
      <AmountByAccount>1505000.00</AmountByAccount>
    </TransactionItem>
    <TransactionItem>
      <RegistrationDate>2015-06-05T00:00:00</RegistrationDate>
      <TransactionDate>2015-06-04T00:00:00</TransactionDate>
      <TransactionCode>0561E50/3954710</TransactionCode>
      <Description>Оплата товаров и услуг - TD "NA NEMIGE" - MINSK</Description>
      <Currency>BYR</Currency>
      <AmountByCurrency>-362700.00</AmountByCurrency>
      <AmountByAccount>-362700.00</AmountByAccount>
    </TransactionItem>
    <TransactionItem>
      <RegistrationDate>2015-06-05T00:00:00</RegistrationDate>
      <TransactionDate>2015-06-04T00:00:00</TransactionDate>
      <TransactionCode>9094E51/5595299</TransactionCode>
      <Description>Выдача наличных - ATM N94 METRO VOSTOK BIB - MINSK</Description>
      <Currency>BYR</Currency>
      <AmountByCurrency>-200000.00</AmountByCurrency>
      <AmountByAccount>-200000.00</AmountByAccount>
    </TransactionItem>
    <TransactionItem>
      <RegistrationDate>2015-06-08T00:00:00</RegistrationDate>
      <TransactionDate>2015-06-06T00:00:00</TransactionDate>
      <TransactionCode>0483523/7235497</TransactionCode>
      <Description>Оплата товаров и услуг - SHOP "SOSEDI" - MINSK</Description>
      <Currency>BYR</Currency>
      <AmountByCurrency>-102500.00</AmountByCurrency>
      <AmountByAccount>-102500.00</AmountByAccount>
    </TransactionItem>
    <TransactionItem>
      <RegistrationDate>2015-06-09T00:00:00</RegistrationDate>
      <TransactionDate>2015-06-08T00:00:00</TransactionDate>
      <TransactionCode>9999E9M/6513970</TransactionCode>
      <Description>Зачисление перевода / Возврат покупки - VIRTUAL FOR INTERNET BANKIN - MINSK</Description>
      <Currency>USD</Currency>
      <AmountByCurrency>100.00</AmountByCurrency>
      <AmountByAccount>1550000.00</AmountByAccount>
    </TransactionItem>
    <TransactionItem>
      <RegistrationDate>2015-06-09T00:00:00</RegistrationDate>
      <TransactionDate>2015-06-08T00:00:00</TransactionDate>
      <TransactionCode>4423007/2050532</TransactionCode>
      <Description>Оплата товаров и услуг - PIZZERIA "PIZZA TEMPO" - MINSK</Description>
      <Currency>BYR</Currency>
      <AmountByCurrency>-443400.00</AmountByCurrency>
      <AmountByAccount>-443400.00</AmountByAccount>
    </TransactionItem>
    <TransactionItem>
      <RegistrationDate>2015-06-10T00:00:00</RegistrationDate>
      <TransactionDate>2015-06-09T00:00:00</TransactionDate>
      <TransactionCode>0124872/2386727</TransactionCode>
      <Description>Оплата товаров и услуг - UNIVERSAM "EVROPEISKIY" - MINSK</Description>
      <Currency>BYR</Currency>
      <AmountByCurrency>-661850.00</AmountByCurrency>
      <AmountByAccount>-661850.00</AmountByAccount>
    </TransactionItem>
    <TransactionItem>
      <RegistrationDate>2015-06-10T00:00:00</RegistrationDate>
      <TransactionDate>2015-06-06T00:00:00</TransactionDate>
      <TransactionCode>1150610/11126</TransactionCode>
      <Description>Оплата товаров и услуг - SANMAR - MINSK</Description>
      <Currency>BYR</Currency>
      <AmountByCurrency>-110000.00</AmountByCurrency>
      <AmountByAccount>-110000.00</AmountByAccount>
    </TransactionItem>
    <TransactionItem>
      <RegistrationDate>2015-06-11T00:00:00</RegistrationDate>
      <TransactionDate>2015-06-10T00:00:00</TransactionDate>
      <TransactionCode>9999F1V/6803681</TransactionCode>
      <Description>Оплата товаров и услуг - VIRTUAL FOR INTERNET BANKIN - MINSK</Description>
      <Currency>BYR</Currency>
      <AmountByCurrency>-100000.00</AmountByCurrency>
      <AmountByAccount>-100000.00</AmountByAccount>
    </TransactionItem>
    <TransactionItem>
      <RegistrationDate>2015-06-11T00:00:00</RegistrationDate>
      <TransactionDate>2015-06-10T00:00:00</TransactionDate>
      <TransactionCode>9999F1V/6803663</TransactionCode>
      <Description>Оплата товаров и услуг - VIRTUAL FOR INTERNET BANKIN - MINSK</Description>
      <Currency>BYR</Currency>
      <AmountByCurrency>-60000.00</AmountByCurrency>
      <AmountByAccount>-60000.00</AmountByAccount>
    </TransactionItem>
    <TransactionItem>
      <RegistrationDate>2015-06-11T00:00:00</RegistrationDate>
      <TransactionDate>2015-06-10T00:00:00</TransactionDate>
      <TransactionCode>9999F1V/6803643</TransactionCode>
      <Description>Оплата товаров и услуг - VIRTUAL FOR INTERNET BANKIN - MINSK</Description>
      <Currency>BYR</Currency>
      <AmountByCurrency>-40000.00</AmountByCurrency>
      <AmountByAccount>-40000.00</AmountByAccount>
    </TransactionItem>
    <TransactionItem>
      <RegistrationDate>2015-06-12T00:00:00</RegistrationDate>
      <TransactionDate>2015-06-11T00:00:00</TransactionDate>
      <TransactionCode>9999F2W/7251628</TransactionCode>
      <Description>Оплата товаров и услуг - VIRTUAL FOR INTERNET BANKIN - MINSK</Description>
      <Currency>BYR</Currency>
      <AmountByCurrency>-150000.00</AmountByCurrency>
      <AmountByAccount>-150000.00</AmountByAccount>
    </TransactionItem>
    <TransactionItem>
      <RegistrationDate>2015-06-15T00:00:00</RegistrationDate>
      <TransactionDate>2015-06-14T00:00:00</TransactionDate>
      <TransactionCode>4280504/3795725</TransactionCode>
      <Description>Оплата товаров и услуг - SHOP N 114 "BELMARKET" - MINSK</Description>
      <Currency>BYR</Currency>
      <AmountByCurrency>-14000.00</AmountByCurrency>
      <AmountByAccount>-14000.00</AmountByAccount>
    </TransactionItem>
    <TransactionItem>
      <RegistrationDate>2015-06-15T00:00:00</RegistrationDate>
      <TransactionDate>2015-06-14T00:00:00</TransactionDate>
      <TransactionCode>0120507/4840756</TransactionCode>
      <Description>Оплата товаров и услуг - UNIVERSAM "EVROPEISKIY" - MINSK</Description>
      <Currency>BYR</Currency>
      <AmountByCurrency>-347400.00</AmountByCurrency>
      <AmountByAccount>-347400.00</AmountByAccount>
    </TransactionItem>
    <TransactionItem>
      <RegistrationDate>2015-06-16T00:00:00</RegistrationDate>
      <TransactionDate>2015-06-15T00:00:00</TransactionDate>
      <TransactionCode>9486F6F/8007067</TransactionCode>
      <Description>Взнос наличных - POV #32 GOPERY BIB - MINSK</Description>
      <Currency>BYR</Currency>
      <AmountByCurrency>3000000.00</AmountByCurrency>
      <AmountByAccount>3000000.00</AmountByAccount>
    </TransactionItem>
    <TransactionItem>
      <RegistrationDate>2015-06-17T00:00:00</RegistrationDate>
      <TransactionDate>2015-06-16T00:00:00</TransactionDate>
      <TransactionCode>9439F7G/8412951</TransactionCode>
      <Description>Оплата товаров и услуг - PT SHOP RUBLEVSKY - MINSK</Description>
      <Currency>BYR</Currency>
      <AmountByCurrency>-23200.00</AmountByCurrency>
      <AmountByAccount>-23200.00</AmountByAccount>
    </TransactionItem>
    <TransactionItem>
      <RegistrationDate>2015-06-19T00:00:00</RegistrationDate>
      <TransactionDate>2015-06-18T00:00:00</TransactionDate>
      <TransactionCode>9997F9W/8920468</TransactionCode>
      <Description>Оплата товаров и услуг - SMS Opoveschenie - MINSK</Description>
      <Currency>BYR</Currency>
      <AmountByCurrency>-3000.00</AmountByCurrency>
      <AmountByAccount>-3000.00</AmountByAccount>
    </TransactionItem>
    <TransactionItem>
      <RegistrationDate>2015-06-22T00:00:00</RegistrationDate>
      <TransactionDate>2015-06-20T00:00:00</TransactionDate>
      <TransactionCode>4280510/8107989</TransactionCode>
      <Description>Оплата товаров и услуг - SHOP N 114 "BELMARKET" - MINSK</Description>
      <Currency>BYR</Currency>
      <AmountByCurrency>-136000.00</AmountByCurrency>
      <AmountByAccount>-136000.00</AmountByAccount>
    </TransactionItem>
    <TransactionItem>
      <RegistrationDate>2015-06-22T00:00:00</RegistrationDate>
      <TransactionDate>2015-06-21T00:00:00</TransactionDate>
      <TransactionCode>9591193/1369767</TransactionCode>
      <Description>Оплата товаров и услуг - RESTORAN "VASILKI" - MINSK</Description>
      <Currency>BYR</Currency>
      <AmountByCurrency>-167600.00</AmountByCurrency>
      <AmountByAccount>-167600.00</AmountByAccount>
    </TransactionItem>
    <TransactionItem>
      <RegistrationDate>2015-06-22T00:00:00</RegistrationDate>
      <TransactionDate>2015-06-21T00:00:00</TransactionDate>
      <TransactionCode>5450694/1674152</TransactionCode>
      <Description>Оплата товаров и услуг - UNIVERMAG CUM "MINSK" - MINSK</Description>
      <Currency>BYR</Currency>
      <AmountByCurrency>-131800.00</AmountByCurrency>
      <AmountByAccount>-131800.00</AmountByAccount>
    </TransactionItem>
    <TransactionItem>
      <RegistrationDate>2015-06-22T00:00:00</RegistrationDate>
      <TransactionDate>2015-06-21T00:00:00</TransactionDate>
      <TransactionCode>4949G20/1650777</TransactionCode>
      <Description>Оплата товаров и услуг - SHOP "MILA" - MINSK</Description>
      <Currency>BYR</Currency>
      <AmountByCurrency>-151400.00</AmountByCurrency>
      <AmountByAccount>-151400.00</AmountByAccount>
    </TransactionItem>
    <TransactionItem>
      <RegistrationDate>2015-06-22T00:00:00</RegistrationDate>
      <TransactionDate>2015-06-18T00:00:00</TransactionDate>
      <TransactionCode>0115057/4879685</TransactionCode>
      <Description>Оплата товаров и услуг - UNIVERSAM "EVROPEISKIY" - MINSK</Description>
      <Currency>BYR</Currency>
      <AmountByCurrency>-705650.00</AmountByCurrency>
      <AmountByAccount>-705650.00</AmountByAccount>
    </TransactionItem>
    <TransactionItem>
      <RegistrationDate>2015-06-22T00:00:00</RegistrationDate>
      <TransactionDate>2015-06-21T00:00:00</TransactionDate>
      <TransactionCode>5059011/1452983</TransactionCode>
      <Description>Оплата товаров и услуг - KAFE-TSA"SHOKOLDDNITSA"BPSB - MINSK</Description>
      <Currency>BYR</Currency>
      <AmountByCurrency>-179700.00</AmountByCurrency>
      <AmountByAccount>-179700.00</AmountByAccount>
    </TransactionItem>
    <TransactionItem>
      <RegistrationDate>2015-06-22T00:00:00</RegistrationDate>
      <TransactionDate>2015-06-21T00:00:00</TransactionDate>
      <TransactionCode>9999G20/9666760</TransactionCode>
      <Description>Зачисление перевода / Возврат покупки - VIRTUAL FOR INTERNET BANKIN - MINSK</Description>
      <Currency>USD</Currency>
      <AmountByCurrency>100.00</AmountByCurrency>
      <AmountByAccount>1518000.00</AmountByAccount>
    </TransactionItem>
    <TransactionItem>
      <RegistrationDate>2015-06-22T00:00:00</RegistrationDate>
      <TransactionDate>2015-06-21T00:00:00</TransactionDate>
      <TransactionCode>4949G20/1650774</TransactionCode>
      <Description>Оплата товаров и услуг - SHOP "MILA" - MINSK</Description>
      <Currency>BYR</Currency>
      <AmountByCurrency>-140400.00</AmountByCurrency>
      <AmountByAccount>-140400.00</AmountByAccount>
    </TransactionItem>
    <TransactionItem>
      <RegistrationDate>2015-06-24T00:00:00</RegistrationDate>
      <TransactionDate>2015-06-23T00:00:00</TransactionDate>
      <TransactionCode>4280513/5499501</TransactionCode>
      <Description>Оплата товаров и услуг - SHOP N 114 "BELMARKET" - MINSK</Description>
      <Currency>BYR</Currency>
      <AmountByCurrency>-101900.00</AmountByCurrency>
      <AmountByAccount>-101900.00</AmountByAccount>
    </TransactionItem>
    <TransactionItem>
      <RegistrationDate>2015-06-24T00:00:00</RegistrationDate>
      <TransactionDate>2015-06-23T00:00:00</TransactionDate>
      <TransactionCode>9999G49/0140664</TransactionCode>
      <Description>Оплата товаров и услуг - VIRTUAL FOR INTERNET BANKIN - MINSK</Description>
      <Currency>BYR</Currency>
      <AmountByCurrency>-59992.00</AmountByCurrency>
      <AmountByAccount>-59992.00</AmountByAccount>
    </TransactionItem>
    <TransactionItem>
      <RegistrationDate>2015-06-24T00:00:00</RegistrationDate>
      <TransactionDate>2015-06-23T00:00:00</TransactionDate>
      <TransactionCode>9999G49/0140755</TransactionCode>
      <Description>Оплата товаров и услуг - VIRTUAL FOR INTERNET BANKIN - MINSK</Description>
      <Currency>BYR</Currency>
      <AmountByCurrency>-500.00</AmountByCurrency>
      <AmountByAccount>-500.00</AmountByAccount>
    </TransactionItem>
    <TransactionItem>
      <RegistrationDate>2015-06-24T00:00:00</RegistrationDate>
      <TransactionDate>2015-06-23T00:00:00</TransactionDate>
      <TransactionCode>9999G49/0140023</TransactionCode>
      <Description>Оплата товаров и услуг - VIRTUAL FOR INTERNET BANKIN - MINSK</Description>
      <Currency>BYR</Currency>
      <AmountByCurrency>-184135.00</AmountByCurrency>
      <AmountByAccount>-184135.00</AmountByAccount>
    </TransactionItem>
    <TransactionItem>
      <RegistrationDate>2015-06-25T00:00:00</RegistrationDate>
      <TransactionDate>2015-06-24T00:00:00</TransactionDate>
      <TransactionCode>0124887/6721483</TransactionCode>
      <Description>Оплата товаров и услуг - UNIVERSAM "EVROPEISKIY" - MINSK</Description>
      <Currency>BYR</Currency>
      <AmountByCurrency>-170250.00</AmountByCurrency>
      <AmountByAccount>-170250.00</AmountByAccount>
    </TransactionItem>
    <TransactionItem>
      <RegistrationDate>2015-06-29T00:00:00</RegistrationDate>
      <TransactionDate>2015-06-27T00:00:00</TransactionDate>
      <TransactionCode>6381G80/5990165</TransactionCode>
      <Description>Оплата товаров и услуг - SHOP "PIVGRAD" - MINSK</Description>
      <Currency>BYR</Currency>
      <AmountByCurrency>-28200.00</AmountByCurrency>
      <AmountByAccount>-28200.00</AmountByAccount>
    </TransactionItem>
    <TransactionItem>
      <RegistrationDate>2015-06-29T00:00:00</RegistrationDate>
      <TransactionDate>2015-06-28T00:00:00</TransactionDate>
      <TransactionCode>1193180/7209109</TransactionCode>
      <Description>Оплата товаров и услуг - KAFE "KITCHEN" BAPB - MINSK</Description>
      <Currency>BYR</Currency>
      <AmountByCurrency>-90000.00</AmountByCurrency>
      <AmountByAccount>-90000.00</AmountByAccount>
    </TransactionItem>
    <TransactionItem>
      <RegistrationDate>2015-06-29T00:00:00</RegistrationDate>
      <TransactionDate>2015-06-28T00:00:00</TransactionDate>
      <TransactionCode>4423027/6847043</TransactionCode>
      <Description>Оплата товаров и услуг - PIZZERIA "PIZZA TEMPO" - MINSK</Description>
      <Currency>BYR</Currency>
      <AmountByCurrency>-176400.00</AmountByCurrency>
      <AmountByAccount>-176400.00</AmountByAccount>
    </TransactionItem>
    <TransactionItem>
      <RegistrationDate>2015-06-29T00:00:00</RegistrationDate>
      <TransactionDate>2015-06-28T00:00:00</TransactionDate>
      <TransactionCode>9999G97/1452390</TransactionCode>
      <Description>Зачисление перевода / Возврат покупки - VIRTUAL FOR INTERNET BANKIN - MINSK</Description>
      <Currency>USD</Currency>
      <AmountByCurrency>200.00</AmountByCurrency>
      <AmountByAccount>3036000.00</AmountByAccount>
    </TransactionItem>
    <TransactionItem>
      <RegistrationDate>2015-06-29T00:00:00</RegistrationDate>
      <TransactionDate>2015-06-28T00:00:00</TransactionDate>
      <TransactionCode>4288G9F/1403748</TransactionCode>
      <Description>Оплата товаров и услуг - PT SHOP RUBLEVSKIY N119 - MINSK</Description>
      <Currency>BYR</Currency>
      <AmountByCurrency>-113750.00</AmountByCurrency>
      <AmountByAccount>-113750.00</AmountByAccount>
    </TransactionItem>
    <TransactionItem>
      <RegistrationDate>2015-06-29T00:00:00</RegistrationDate>
      <TransactionDate>2015-06-26T00:00:00</TransactionDate>
      <TransactionCode>9094G70/0966399</TransactionCode>
      <Description>Выдача наличных - ATM N94 METRO VOSTOK BIB - MINSK</Description>
      <Currency>BYR</Currency>
      <AmountByCurrency>-200000.00</AmountByCurrency>
      <AmountByAccount>-200000.00</AmountByAccount>
    </TransactionItem>
    <TransactionItem>
      <RegistrationDate>2015-06-29T00:00:00</RegistrationDate>
      <TransactionDate>2015-06-27T00:00:00</TransactionDate>
      <TransactionCode>0120532/4476645</TransactionCode>
      <Description>Оплата товаров и услуг - UNIVERSAM "EVROPEISKIY" - MINSK</Description>
      <Currency>BYR</Currency>
      <AmountByCurrency>-366550.00</AmountByCurrency>
      <AmountByAccount>-366550.00</AmountByAccount>
    </TransactionItem>
    <TransactionItem>
      <RegistrationDate>2015-07-01T00:00:00</RegistrationDate>
      <TransactionDate>2015-06-28T00:00:00</TransactionDate>
      <TransactionCode>1150701/2744</TransactionCode>
      <Description>Оплата товаров и услуг - VLADI - TC NEMIGA - MINSK</Description>
      <Currency>BYR</Currency>
      <AmountByCurrency>-1550000.00</AmountByCurrency>
      <AmountByAccount>-1550000.00</AmountByAccount>
    </TransactionItem>
  </TransactionItems>
</MontlyReport>