<?xml version="1.0"?>
<MontlyReport xmlns:xsi="http://www.w3.org/2001/XMLSchema-instance" xmlns:xsd="http://www.w3.org/2001/XMLSchema">
  <UserInfo>АЛЕКСАНДР ВАЛЕРЬЕВИЧ КОРЗУН СЛОБОДСКАЯ, д.65, кв.27, Минск, Belarus,</UserInfo>
  <BancInfo>БЕЛИНВЕСТБАНК ГОПЕРу пр.Машерова, 29 Минск 220002</BancInfo>
  <ReportInfo>EC/MC Выписка по картам 1570384-2014/0401</ReportInfo>
  <PeriodInfo>Расчетный цикл 04-03-2014по01-04-2014</PeriodInfo>
  <CreationInfo>Сформировано 01-04-2014 21:25:15</CreationInfo>
  <AccountNumber>739001BYR00009AFD63</AccountNumber>
  <AccountCurrency>BYR</AccountCurrency>
  <ImmutableBalance>500000.00</ImmutableBalance>
  <MinBalance>0.00</MinBalance>
  <AvailibleCredit>0.00</AvailibleCredit>
  <PrevBalance>23589450.00</PrevBalance>
  <TransactionItems>
    <TransactionItem>
      <RegistrationDate>2014-03-31T00:00:00</RegistrationDate>
      <TransactionDate>2014-03-31T00:00:00</TransactionDate>
      <TransactionCode>3591331/40696356</TransactionCode>
      <Description>Зачисление на счет - начисл. проц-в: КОРЗУН АЛЕКСАНДР ВАЛЕРЬЕВИЧ; 9041251010024-&gt;3014775400013-91kBYR-9AFD63 = 854075,00 BYR</Description>
      <Currency />
      <AmountByCurrency>0</AmountByCurrency>
      <AmountByAccount>854075.00</AmountByAccount>
    </TransactionItem>
    <TransactionItem>
      <RegistrationDate>2014-03-04T00:00:00</RegistrationDate>
      <TransactionDate>2014-03-01T00:00:00</TransactionDate>
      <TransactionCode>1140304/12055</TransactionCode>
      <Description>Оплата товаров и услуг - HYPERMARKET - MINSK</Description>
      <Currency>BYR</Currency>
      <AmountByCurrency>-133250.00</AmountByCurrency>
      <AmountByAccount>-133250.00</AmountByAccount>
    </TransactionItem>
    <TransactionItem>
      <RegistrationDate>2014-03-04T00:00:00</RegistrationDate>
      <TransactionDate>2014-03-03T00:00:00</TransactionDate>
      <TransactionCode>3748620/6721667</TransactionCode>
      <Description>Оплата товаров и услуг - SHOP "LAKOMKA" - MINSK</Description>
      <Currency>BYR</Currency>
      <AmountByCurrency>-219900.00</AmountByCurrency>
      <AmountByAccount>-219900.00</AmountByAccount>
    </TransactionItem>
    <TransactionItem>
      <RegistrationDate>2014-03-05T00:00:00</RegistrationDate>
      <TransactionDate>2014-02-28T00:00:00</TransactionDate>
      <TransactionCode>1140305/4134</TransactionCode>
      <Description>Оплата товаров и услуг - PERCHIK CAFE - MINSK</Description>
      <Currency>BYR</Currency>
      <AmountByCurrency>-750000.00</AmountByCurrency>
      <AmountByAccount>-750000.00</AmountByAccount>
    </TransactionItem>
    <TransactionItem>
      <RegistrationDate>2014-03-06T00:00:00</RegistrationDate>
      <TransactionDate>2014-03-03T00:00:00</TransactionDate>
      <TransactionCode>1140306/2774</TransactionCode>
      <Description>Оплата товаров и услуг - PERCHIK CAFE - MINSK</Description>
      <Currency>BYR</Currency>
      <AmountByCurrency>-2576000.00</AmountByCurrency>
      <AmountByAccount>-2576000.00</AmountByAccount>
    </TransactionItem>
    <TransactionItem>
      <RegistrationDate>2014-03-10T00:00:00</RegistrationDate>
      <TransactionDate>2014-03-08T00:00:00</TransactionDate>
      <TransactionCode>0845245/7170536</TransactionCode>
      <Description>Оплата товаров и услуг - TORGOVOE POMESCHENIE N 106 - MINSK</Description>
      <Currency>BYR</Currency>
      <AmountByCurrency>-550000.00</AmountByCurrency>
      <AmountByAccount>-550000.00</AmountByAccount>
    </TransactionItem>
    <TransactionItem>
      <RegistrationDate>2014-03-11T00:00:00</RegistrationDate>
      <TransactionDate>2014-03-10T00:00:00</TransactionDate>
      <TransactionCode>999969N/6568898</TransactionCode>
      <Description>Зачисление перевода / Возврат покупки - VIRTUAL FOR INTERNET BANKIN - MINSK</Description>
      <Currency>BYR</Currency>
      <AmountByCurrency>7367682.00</AmountByCurrency>
      <AmountByAccount>7367682.00</AmountByAccount>
    </TransactionItem>
    <TransactionItem>
      <RegistrationDate>2014-03-13T00:00:00</RegistrationDate>
      <TransactionDate>2014-03-12T00:00:00</TransactionDate>
      <TransactionCode>2413710/3664719</TransactionCode>
      <Description>Оплата товаров и услуг - KAFE "BUVETTE" - MINSK</Description>
      <Currency>BYR</Currency>
      <AmountByCurrency>-44900.00</AmountByCurrency>
      <AmountByAccount>-44900.00</AmountByAccount>
    </TransactionItem>
    <TransactionItem>
      <RegistrationDate>2014-03-17T00:00:00</RegistrationDate>
      <TransactionDate>2014-03-16T00:00:00</TransactionDate>
      <TransactionCode>4541750/0674135</TransactionCode>
      <Description>Оплата товаров и услуг - SHOP N 9"ZAV.RAYPISCHETORG" - MINSK</Description>
      <Currency>BYR</Currency>
      <AmountByCurrency>-44000.00</AmountByCurrency>
      <AmountByAccount>-44000.00</AmountByAccount>
    </TransactionItem>
    <TransactionItem>
      <RegistrationDate>2014-03-17T00:00:00</RegistrationDate>
      <TransactionDate>2014-03-15T00:00:00</TransactionDate>
      <TransactionCode>970474G/7674070</TransactionCode>
      <Description>Оплата товаров и услуг - PT SHOP MATERIK - MINSK</Description>
      <Currency>BYR</Currency>
      <AmountByCurrency>-70500.00</AmountByCurrency>
      <AmountByAccount>-70500.00</AmountByAccount>
    </TransactionItem>
    <TransactionItem>
      <RegistrationDate>2014-03-20T00:00:00</RegistrationDate>
      <TransactionDate>2014-03-19T00:00:00</TransactionDate>
      <TransactionCode>9061780/8522675</TransactionCode>
      <Description>Выдача наличных - ATM GOPERY BIB - MINSK</Description>
      <Currency>BYR</Currency>
      <AmountByCurrency>-100000.00</AmountByCurrency>
      <AmountByAccount>-100000.00</AmountByAccount>
    </TransactionItem>
    <TransactionItem>
      <RegistrationDate>2014-03-24T00:00:00</RegistrationDate>
      <TransactionDate>2014-03-21T00:00:00</TransactionDate>
      <TransactionCode>775980G/8974327</TransactionCode>
      <Description>Оплата товаров и услуг - PT SHOP N2 OOO "DRUT'-92" - MINSK</Description>
      <Currency>BYR</Currency>
      <AmountByCurrency>-14400.00</AmountByCurrency>
      <AmountByAccount>-14400.00</AmountByAccount>
    </TransactionItem>
    <TransactionItem>
      <RegistrationDate>2014-03-25T00:00:00</RegistrationDate>
      <TransactionDate>2014-03-24T00:00:00</TransactionDate>
      <TransactionCode>9999839/9579149</TransactionCode>
      <Description>Оплата товаров и услуг - VIRTUAL FOR INTERNET BANKIN - MINSK</Description>
      <Currency>BYR</Currency>
      <AmountByCurrency>-381593.00</AmountByCurrency>
      <AmountByAccount>-381593.00</AmountByAccount>
    </TransactionItem>
    <TransactionItem>
      <RegistrationDate>2014-03-25T00:00:00</RegistrationDate>
      <TransactionDate>2014-03-24T00:00:00</TransactionDate>
      <TransactionCode>9999839/9579551</TransactionCode>
      <Description>Оплата товаров и услуг - VIRTUAL FOR INTERNET BANKIN - MINSK</Description>
      <Currency>BYR</Currency>
      <AmountByCurrency>-119077.00</AmountByCurrency>
      <AmountByAccount>-119077.00</AmountByAccount>
    </TransactionItem>
    <TransactionItem>
      <RegistrationDate>2014-03-25T00:00:00</RegistrationDate>
      <TransactionDate>2014-03-24T00:00:00</TransactionDate>
      <TransactionCode>9999839/9579295</TransactionCode>
      <Description>Оплата товаров и услуг - VIRTUAL FOR INTERNET BANKIN - MINSK</Description>
      <Currency>BYR</Currency>
      <AmountByCurrency>-20000.00</AmountByCurrency>
      <AmountByAccount>-20000.00</AmountByAccount>
    </TransactionItem>
    <TransactionItem>
      <RegistrationDate>2014-03-25T00:00:00</RegistrationDate>
      <TransactionDate>2014-03-24T00:00:00</TransactionDate>
      <TransactionCode>9999839/9579653</TransactionCode>
      <Description>Оплата товаров и услуг - VIRTUAL FOR INTERNET BANKIN - MINSK</Description>
      <Currency>BYR</Currency>
      <AmountByCurrency>-24000.00</AmountByCurrency>
      <AmountByAccount>-24000.00</AmountByAccount>
    </TransactionItem>
    <TransactionItem>
      <RegistrationDate>2014-03-25T00:00:00</RegistrationDate>
      <TransactionDate>2014-03-24T00:00:00</TransactionDate>
      <TransactionCode>9999839/9579184</TransactionCode>
      <Description>Оплата товаров и услуг - VIRTUAL FOR INTERNET BANKIN - MINSK</Description>
      <Currency>BYR</Currency>
      <AmountByCurrency>-20900.00</AmountByCurrency>
      <AmountByAccount>-20900.00</AmountByAccount>
    </TransactionItem>
    <TransactionItem>
      <RegistrationDate>2014-03-26T00:00:00</RegistrationDate>
      <TransactionDate>2014-03-25T00:00:00</TransactionDate>
      <TransactionCode>8579840/9311220</TransactionCode>
      <Description>Оплата товаров и услуг - SHOP "EVROOPT" - MINSK</Description>
      <Currency>BYR</Currency>
      <AmountByCurrency>-30350.00</AmountByCurrency>
      <AmountByAccount>-30350.00</AmountByAccount>
    </TransactionItem>
    <TransactionItem>
      <RegistrationDate>2014-03-26T00:00:00</RegistrationDate>
      <TransactionDate>2014-03-25T00:00:00</TransactionDate>
      <TransactionCode>9999843/9877785</TransactionCode>
      <Description>Зачисление перевода / Возврат покупки - VIRTUAL FOR INTERNET BANKIN - MINSK</Description>
      <Currency>BYR</Currency>
      <AmountByCurrency>804000.00</AmountByCurrency>
      <AmountByAccount>804000.00</AmountByAccount>
    </TransactionItem>
    <TransactionItem>
      <RegistrationDate>2014-03-31T00:00:00</RegistrationDate>
      <TransactionDate>2014-03-29T00:00:00</TransactionDate>
      <TransactionCode>6345880/6203912</TransactionCode>
      <Description>Оплата товаров и услуг - SHOP "EVROOPT" - MINSKIY R-N</Description>
      <Currency>BYR</Currency>
      <AmountByCurrency>-73000.00</AmountByCurrency>
      <AmountByAccount>-73000.00</AmountByAccount>
    </TransactionItem>
    <TransactionItem>
      <RegistrationDate>2014-03-31T00:00:00</RegistrationDate>
      <TransactionDate>2014-03-29T00:00:00</TransactionDate>
      <TransactionCode>9061880/0823676</TransactionCode>
      <Description>Выдача наличных - ATM GOPERY BIB - MINSK</Description>
      <Currency>BYR</Currency>
      <AmountByCurrency>-200000.00</AmountByCurrency>
      <AmountByAccount>-200000.00</AmountByAccount>
    </TransactionItem>
    <TransactionItem>
      <RegistrationDate>2014-03-31T00:00:00</RegistrationDate>
      <TransactionDate>2014-03-29T00:00:00</TransactionDate>
      <TransactionCode>3421135/6650693</TransactionCode>
      <Description>Оплата товаров и услуг - SHOP "VELOGRAD" BAPB - MINSK</Description>
      <Currency>BYR</Currency>
      <AmountByCurrency>-150000.00</AmountByCurrency>
      <AmountByAccount>-150000.00</AmountByAccount>
    </TransactionItem>
  </TransactionItems>
</MontlyReport>