<?xml version="1.0"?>
<MontlyReport xmlns:xsi="http://www.w3.org/2001/XMLSchema-instance" xmlns:xsd="http://www.w3.org/2001/XMLSchema">
  <UserInfo>АЛЕКСАНДР ВАЛЕРЬЕВИЧ КОРЗУН СЛОБОДСКАЯ, д.65, кв.27, Минск, Belarus,</UserInfo>
  <BancInfo>БЕЛИНВЕСТБАНК ГОПЕРу пр.Машерова, 29 Минск 220002</BancInfo>
  <ReportInfo>EC/MC Выписка по картам 1570384-2014/0303</ReportInfo>
  <PeriodInfo>Расчетный цикл 03-02-2014по03-03-2014</PeriodInfo>
  <CreationInfo>Сформировано 03-03-2014 21:42:18</CreationInfo>
  <AccountNumber>739001BYR00009AFD63</AccountNumber>
  <AccountCurrency>BYR</AccountCurrency>
  <ImmutableBalance>500000.00</ImmutableBalance>
  <MinBalance>0.00</MinBalance>
  <AvailibleCredit>0.00</AvailibleCredit>
  <PrevBalance>18290662.00</PrevBalance>
  <TransactionItems>
    <TransactionItem>
      <RegistrationDate>2014-02-28T00:00:00</RegistrationDate>
      <TransactionDate>2014-02-28T00:00:00</TransactionDate>
      <TransactionCode>3547661/30575217</TransactionCode>
      <Description>Зачисление на счет - начисл. проц-в: КОРЗУН АЛЕКСАНДР ВАЛЕРЬЕВИЧ; 9041251010024-&gt;3014775400013-91kBYR-9AFD63 = 711282,00 BYR</Description>
      <Currency />
      <AmountByCurrency>0</AmountByCurrency>
      <AmountByAccount>711282.00</AmountByAccount>
    </TransactionItem>
    <TransactionItem>
      <RegistrationDate>2014-02-05T00:00:00</RegistrationDate>
      <TransactionDate>2014-02-02T00:00:00</TransactionDate>
      <TransactionCode>1140205/9327</TransactionCode>
      <Description>Оплата товаров и услуг - HYPERMARKET - MINSK</Description>
      <Currency>BYR</Currency>
      <AmountByCurrency>-68700.00</AmountByCurrency>
      <AmountByAccount>-68700.00</AmountByAccount>
    </TransactionItem>
    <TransactionItem>
      <RegistrationDate>2014-02-10T00:00:00</RegistrationDate>
      <TransactionDate>2014-02-07T00:00:00</TransactionDate>
      <TransactionCode>442638C/9698527</TransactionCode>
      <Description>Оплата товаров и услуг - PT SHOP "RUBLEVSKIY-106" - MINSK</Description>
      <Currency>BYR</Currency>
      <AmountByCurrency>-28350.00</AmountByCurrency>
      <AmountByAccount>-28350.00</AmountByAccount>
    </TransactionItem>
    <TransactionItem>
      <RegistrationDate>2014-02-11T00:00:00</RegistrationDate>
      <TransactionDate>2014-02-10T00:00:00</TransactionDate>
      <TransactionCode>999941V/0159430</TransactionCode>
      <Description>Зачисление перевода / Возврат покупки - VIRTUAL FOR INTERNET BANKIN - MINSK</Description>
      <Currency>BYR</Currency>
      <AmountByCurrency>5340671.00</AmountByCurrency>
      <AmountByAccount>5340671.00</AmountByAccount>
    </TransactionItem>
    <TransactionItem>
      <RegistrationDate>2014-02-17T00:00:00</RegistrationDate>
      <TransactionDate>2014-02-14T00:00:00</TransactionDate>
      <TransactionCode>9118450/1146843</TransactionCode>
      <Description>Выдача наличных - ATM N118 OKTYABR BIB - MINSK</Description>
      <Currency>BYR</Currency>
      <AmountByCurrency>-300000.00</AmountByCurrency>
      <AmountByAccount>-300000.00</AmountByAccount>
    </TransactionItem>
    <TransactionItem>
      <RegistrationDate>2014-02-17T00:00:00</RegistrationDate>
      <TransactionDate>2014-02-16T00:00:00</TransactionDate>
      <TransactionCode>9999479/1628589</TransactionCode>
      <Description>Оплата товаров и услуг - VIRTUAL FOR INTERNET BANKIN - MINSK</Description>
      <Currency>BYR</Currency>
      <AmountByCurrency>-50000.00</AmountByCurrency>
      <AmountByAccount>-50000.00</AmountByAccount>
    </TransactionItem>
    <TransactionItem>
      <RegistrationDate>2014-02-21T00:00:00</RegistrationDate>
      <TransactionDate>2014-02-20T00:00:00</TransactionDate>
      <TransactionCode>1308510/6567236</TransactionCode>
      <Description>Оплата товаров и услуг - SHOP N 11 "GUM" - MINSK</Description>
      <Currency>BYR</Currency>
      <AmountByCurrency>-22250.00</AmountByCurrency>
      <AmountByAccount>-22250.00</AmountByAccount>
    </TransactionItem>
    <TransactionItem>
      <RegistrationDate>2014-02-24T00:00:00</RegistrationDate>
      <TransactionDate>2014-02-23T00:00:00</TransactionDate>
      <TransactionCode>7016540/2425073</TransactionCode>
      <Description>Оплата товаров и услуг - SUPERMARKET "VITALUR" - MINSK</Description>
      <Currency>BYR</Currency>
      <AmountByCurrency>-108000.00</AmountByCurrency>
      <AmountByAccount>-108000.00</AmountByAccount>
    </TransactionItem>
    <TransactionItem>
      <RegistrationDate>2014-02-25T00:00:00</RegistrationDate>
      <TransactionDate>2014-02-24T00:00:00</TransactionDate>
      <TransactionCode>999955G/3327072</TransactionCode>
      <Description>Оплата товаров и услуг - VIRTUAL FOR INTERNET BANKIN - MINSK</Description>
      <Currency>BYR</Currency>
      <AmountByCurrency>-132835.00</AmountByCurrency>
      <AmountByAccount>-132835.00</AmountByAccount>
    </TransactionItem>
    <TransactionItem>
      <RegistrationDate>2014-02-25T00:00:00</RegistrationDate>
      <TransactionDate>2014-02-24T00:00:00</TransactionDate>
      <TransactionCode>999955G/3327048</TransactionCode>
      <Description>Оплата товаров и услуг - VIRTUAL FOR INTERNET BANKIN - MINSK</Description>
      <Currency>BYR</Currency>
      <AmountByCurrency>-434030.00</AmountByCurrency>
      <AmountByAccount>-434030.00</AmountByAccount>
    </TransactionItem>
    <TransactionItem>
      <RegistrationDate>2014-02-25T00:00:00</RegistrationDate>
      <TransactionDate>2014-02-24T00:00:00</TransactionDate>
      <TransactionCode>999955G/3327089</TransactionCode>
      <Description>Оплата товаров и услуг - VIRTUAL FOR INTERNET BANKIN - MINSK</Description>
      <Currency>BYR</Currency>
      <AmountByCurrency>-9850.00</AmountByCurrency>
      <AmountByAccount>-9850.00</AmountByAccount>
    </TransactionItem>
    <TransactionItem>
      <RegistrationDate>2014-02-25T00:00:00</RegistrationDate>
      <TransactionDate>2014-02-23T00:00:00</TransactionDate>
      <TransactionCode>1140225/17618</TransactionCode>
      <Description>Оплата товаров и услуг - HYPERMARKET - MINSK</Description>
      <Currency>BYR</Currency>
      <AmountByCurrency>-36350.00</AmountByCurrency>
      <AmountByAccount>-36350.00</AmountByAccount>
    </TransactionItem>
    <TransactionItem>
      <RegistrationDate>2014-02-25T00:00:00</RegistrationDate>
      <TransactionDate>2014-02-24T00:00:00</TransactionDate>
      <TransactionCode>1308550/4270128</TransactionCode>
      <Description>Оплата товаров и услуг - SHOP N 11 "GUM" - MINSK</Description>
      <Currency>BYR</Currency>
      <AmountByCurrency>-9300.00</AmountByCurrency>
      <AmountByAccount>-9300.00</AmountByAccount>
    </TransactionItem>
    <TransactionItem>
      <RegistrationDate>2014-02-26T00:00:00</RegistrationDate>
      <TransactionDate>2014-02-25T00:00:00</TransactionDate>
      <TransactionCode>999956A/3661040</TransactionCode>
      <Description>Зачисление перевода / Возврат покупки - VIRTUAL FOR INTERNET BANKIN - MINSK</Description>
      <Currency>BYR</Currency>
      <AmountByCurrency>804000.00</AmountByCurrency>
      <AmountByAccount>804000.00</AmountByAccount>
    </TransactionItem>
    <TransactionItem>
      <RegistrationDate>2014-02-26T00:00:00</RegistrationDate>
      <TransactionDate>2014-02-25T00:00:00</TransactionDate>
      <TransactionCode>999956H/3652045</TransactionCode>
      <Description>Оплата товаров и услуг - VIRTUAL FOR INTERNET BANKIN - MINSK</Description>
      <Currency>BYR</Currency>
      <AmountByCurrency>-100000.00</AmountByCurrency>
      <AmountByAccount>-100000.00</AmountByAccount>
    </TransactionItem>
    <TransactionItem>
      <RegistrationDate>2014-02-28T00:00:00</RegistrationDate>
      <TransactionDate>2014-02-27T00:00:00</TransactionDate>
      <TransactionCode>1308580/0191429</TransactionCode>
      <Description>Оплата товаров и услуг - SHOP N 11 "GUM" - MINSK</Description>
      <Currency>BYR</Currency>
      <AmountByCurrency>-12650.00</AmountByCurrency>
      <AmountByAccount>-12650.00</AmountByAccount>
    </TransactionItem>
    <TransactionItem>
      <RegistrationDate>2014-03-03T00:00:00</RegistrationDate>
      <TransactionDate>2014-03-01T00:00:00</TransactionDate>
      <TransactionCode>775160T/4640340</TransactionCode>
      <Description>Оплата товаров и услуг - PT SHOP RUBLEVSKIJ-144 - MINSK</Description>
      <Currency>BYR</Currency>
      <AmountByCurrency>-24850.00</AmountByCurrency>
      <AmountByAccount>-24850.00</AmountByAccount>
    </TransactionItem>
    <TransactionItem>
      <RegistrationDate>2014-03-03T00:00:00</RegistrationDate>
      <TransactionDate>2014-02-28T00:00:00</TransactionDate>
      <TransactionCode>9061590/4327448</TransactionCode>
      <Description>Выдача наличных - ATM GOPERY BIB - MINSK</Description>
      <Currency>BYR</Currency>
      <AmountByCurrency>-100000.00</AmountByCurrency>
      <AmountByAccount>-100000.00</AmountByAccount>
    </TransactionItem>
    <TransactionItem>
      <RegistrationDate>2014-03-03T00:00:00</RegistrationDate>
      <TransactionDate>2014-03-01T00:00:00</TransactionDate>
      <TransactionCode>999960L/4557142</TransactionCode>
      <Description>Оплата товаров и услуг - VIRTUAL FOR INTERNET BANKIN - MINSK</Description>
      <Currency>BYR</Currency>
      <AmountByCurrency>-20000.00</AmountByCurrency>
      <AmountByAccount>-20000.00</AmountByAccount>
    </TransactionItem>
    <TransactionItem>
      <RegistrationDate>2014-03-03T00:00:00</RegistrationDate>
      <TransactionDate>2014-02-28T00:00:00</TransactionDate>
      <TransactionCode>9137590/4342149</TransactionCode>
      <Description>Выдача наличных - ATM N137 BIB - MINSK</Description>
      <Currency>BYR</Currency>
      <AmountByCurrency>-100000.00</AmountByCurrency>
      <AmountByAccount>-100000.00</AmountByAccount>
    </TransactionItem>
  </TransactionItems>
</MontlyReport>