<?xml version="1.0"?>
<MontlyReport xmlns:xsi="http://www.w3.org/2001/XMLSchema-instance" xmlns:xsd="http://www.w3.org/2001/XMLSchema">
  <UserInfo>АЛЕКСАНДР ВАЛЕРЬЕВИЧ КОРЗУН СЛОБОДСКАЯ, д.65, кв.27, Минск, Belarus,</UserInfo>
  <BancInfo>БЕЛИНВЕСТБАНК ГОПЕРу пр.Машерова, 29 Минск 220002</BancInfo>
  <ReportInfo>EC/MC Выписка по картам 1570384-2014/0804</ReportInfo>
  <PeriodInfo>Расчетный цикл 02-07-2014по04-08-2014</PeriodInfo>
  <CreationInfo>Сформировано 04-08-2014 22:04:09</CreationInfo>
  <AccountNumber>739001BYR00009AFD63</AccountNumber>
  <AccountCurrency>BYR</AccountCurrency>
  <ImmutableBalance>500000.00</ImmutableBalance>
  <MinBalance>0.00</MinBalance>
  <AvailibleCredit>0.00</AvailibleCredit>
  <PrevBalance>44266994.00</PrevBalance>
  <TransactionItems>
    <TransactionItem>
      <RegistrationDate>2014-07-31T00:00:00</RegistrationDate>
      <TransactionDate>2014-07-31T00:00:00</TransactionDate>
      <TransactionCode>3765793/82425734</TransactionCode>
      <Description>Зачисление на счет - начисл. проц-в: КОРЗУН АЛЕКСАНДР ВАЛЕРЬЕВИЧ; 9041251010024-&gt;3014775400013-91kBYR-9AFD63 = 1228676,00 BYR</Description>
      <Currency />
      <AmountByCurrency>0</AmountByCurrency>
      <AmountByAccount>1228676.00</AmountByAccount>
    </TransactionItem>
    <TransactionItem>
      <RegistrationDate>2014-08-04T00:00:00</RegistrationDate>
      <TransactionDate>2014-08-04T00:00:00</TransactionDate>
      <TransactionCode />
      <Description>Комиссия за выдачу нал-х в АТМ</Description>
      <Currency>BYR</Currency>
      <AmountByCurrency>0</AmountByCurrency>
      <AmountByAccount>-10000.00</AmountByAccount>
    </TransactionItem>
    <TransactionItem>
      <RegistrationDate>2014-07-06T00:00:00</RegistrationDate>
      <TransactionDate>2014-07-03T00:00:00</TransactionDate>
      <TransactionCode>9061H40/1467456</TransactionCode>
      <Description>Выдача наличных - ATM GOPERY BIB - MINSK</Description>
      <Currency>BYR</Currency>
      <AmountByCurrency>-200000.00</AmountByCurrency>
      <AmountByAccount>-200000.00</AmountByAccount>
    </TransactionItem>
    <TransactionItem>
      <RegistrationDate>2014-07-06T00:00:00</RegistrationDate>
      <TransactionDate>2014-07-05T00:00:00</TransactionDate>
      <TransactionCode>9999H64/1829127</TransactionCode>
      <Description>Оплата товаров и услуг - VIRTUAL FOR INTERNET BANKIN - MINSK</Description>
      <Currency>BYR</Currency>
      <AmountByCurrency>-100000.00</AmountByCurrency>
      <AmountByAccount>-100000.00</AmountByAccount>
    </TransactionItem>
    <TransactionItem>
      <RegistrationDate>2014-07-06T00:00:00</RegistrationDate>
      <TransactionDate>2014-07-02T00:00:00</TransactionDate>
      <TransactionCode>9999H31/1380943</TransactionCode>
      <Description>Оплата товаров и услуг - VIRTUAL FOR INTERNET BANKIN - MINSK</Description>
      <Currency>BYR</Currency>
      <AmountByCurrency>-20000.00</AmountByCurrency>
      <AmountByAccount>-20000.00</AmountByAccount>
    </TransactionItem>
    <TransactionItem>
      <RegistrationDate>2014-07-06T00:00:00</RegistrationDate>
      <TransactionDate>2014-07-04T00:00:00</TransactionDate>
      <TransactionCode>6348H50/6020964</TransactionCode>
      <Description>Оплата товаров и услуг - SHOP "EVROOPT" - MINSKIY R-N</Description>
      <Currency>BYR</Currency>
      <AmountByCurrency>-68350.00</AmountByCurrency>
      <AmountByAccount>-68350.00</AmountByAccount>
    </TransactionItem>
    <TransactionItem>
      <RegistrationDate>2014-07-06T00:00:00</RegistrationDate>
      <TransactionDate>2014-07-02T00:00:00</TransactionDate>
      <TransactionCode>9999H31/1373815</TransactionCode>
      <Description>Оплата товаров и услуг - VIRTUAL FOR INTERNET BANKIN - MINSK</Description>
      <Currency>BYR</Currency>
      <AmountByCurrency>-100000.00</AmountByCurrency>
      <AmountByAccount>-100000.00</AmountByAccount>
    </TransactionItem>
    <TransactionItem>
      <RegistrationDate>2014-07-06T00:00:00</RegistrationDate>
      <TransactionDate>2014-07-05T00:00:00</TransactionDate>
      <TransactionCode>9061H60/1863750</TransactionCode>
      <Description>Выдача наличных - ATM GOPERY BIB - MINSK</Description>
      <Currency>BYR</Currency>
      <AmountByCurrency>-400000.00</AmountByCurrency>
      <AmountByAccount>-400000.00</AmountByAccount>
    </TransactionItem>
    <TransactionItem>
      <RegistrationDate>2014-07-07T00:00:00</RegistrationDate>
      <TransactionDate>2014-07-06T00:00:00</TransactionDate>
      <TransactionCode>7654206/7775139</TransactionCode>
      <Description>Оплата товаров и услуг - SHOP AZS N 37 BAPB - MINSK.R-N</Description>
      <Currency>BYR</Currency>
      <AmountByCurrency>-72600.00</AmountByCurrency>
      <AmountByAccount>-72600.00</AmountByAccount>
    </TransactionItem>
    <TransactionItem>
      <RegistrationDate>2014-07-08T00:00:00</RegistrationDate>
      <TransactionDate>2014-07-07T00:00:00</TransactionDate>
      <TransactionCode>0458018/9293565</TransactionCode>
      <Description>Оплата товаров и услуг - HYPERMARKET "PROSTORE" BAPB - MINSK</Description>
      <Currency>BYR</Currency>
      <AmountByCurrency>-87550.00</AmountByCurrency>
      <AmountByAccount>-87550.00</AmountByAccount>
    </TransactionItem>
    <TransactionItem>
      <RegistrationDate>2014-07-08T00:00:00</RegistrationDate>
      <TransactionDate>2014-07-07T00:00:00</TransactionDate>
      <TransactionCode>9061H80/2132308</TransactionCode>
      <Description>Выдача наличных - ATM GOPERY BIB - MINSK</Description>
      <Currency>BYR</Currency>
      <AmountByCurrency>-200000.00</AmountByCurrency>
      <AmountByAccount>-200000.00</AmountByAccount>
    </TransactionItem>
    <TransactionItem>
      <RegistrationDate>2014-07-08T00:00:00</RegistrationDate>
      <TransactionDate>2014-07-07T00:00:00</TransactionDate>
      <TransactionCode>9999H86/2066527</TransactionCode>
      <Description>Оплата товаров и услуг - VIRTUAL FOR INTERNET BANKIN - MINSK</Description>
      <Currency>BYR</Currency>
      <AmountByCurrency>-20000.00</AmountByCurrency>
      <AmountByAccount>-20000.00</AmountByAccount>
    </TransactionItem>
    <TransactionItem>
      <RegistrationDate>2014-07-09T00:00:00</RegistrationDate>
      <TransactionDate>2014-07-08T00:00:00</TransactionDate>
      <TransactionCode>3820193/2244967</TransactionCode>
      <Description>Оплата товаров и услуг - KAFE "PROSPEKT" - MINSK</Description>
      <Currency>BYR</Currency>
      <AmountByCurrency>-65500.00</AmountByCurrency>
      <AmountByAccount>-65500.00</AmountByAccount>
    </TransactionItem>
    <TransactionItem>
      <RegistrationDate>2014-07-10T00:00:00</RegistrationDate>
      <TransactionDate>2014-07-09T00:00:00</TransactionDate>
      <TransactionCode>3817186/3661646</TransactionCode>
      <Description>Оплата товаров и услуг - KAFE "PROSPEKT" - MINSK</Description>
      <Currency>BYR</Currency>
      <AmountByCurrency>-71600.00</AmountByCurrency>
      <AmountByAccount>-71600.00</AmountByAccount>
    </TransactionItem>
    <TransactionItem>
      <RegistrationDate>2014-07-10T00:00:00</RegistrationDate>
      <TransactionDate>2014-07-09T00:00:00</TransactionDate>
      <TransactionCode>9061I00/2492587</TransactionCode>
      <Description>Выдача наличных - ATM GOPERY BIB - MINSK</Description>
      <Currency>BYR</Currency>
      <AmountByCurrency>-2600000.00</AmountByCurrency>
      <AmountByAccount>-2600000.00</AmountByAccount>
    </TransactionItem>
    <TransactionItem>
      <RegistrationDate>2014-07-11T00:00:00</RegistrationDate>
      <TransactionDate>2014-07-10T00:00:00</TransactionDate>
      <TransactionCode>3820195/5822577</TransactionCode>
      <Description>Оплата товаров и услуг - KAFE "PROSPEKT" - MINSK</Description>
      <Currency>BYR</Currency>
      <AmountByCurrency>-60800.00</AmountByCurrency>
      <AmountByAccount>-60800.00</AmountByAccount>
    </TransactionItem>
    <TransactionItem>
      <RegistrationDate>2014-07-11T00:00:00</RegistrationDate>
      <TransactionDate>2014-07-10T00:00:00</TransactionDate>
      <TransactionCode>9999I12/2845228</TransactionCode>
      <Description>Зачисление перевода / Возврат покупки - VIRTUAL FOR INTERNET BANKIN - MINSK</Description>
      <Currency>BYR</Currency>
      <AmountByCurrency>9199104.00</AmountByCurrency>
      <AmountByAccount>9199104.00</AmountByAccount>
    </TransactionItem>
    <TransactionItem>
      <RegistrationDate>2014-07-11T00:00:00</RegistrationDate>
      <TransactionDate>2014-07-10T00:00:00</TransactionDate>
      <TransactionCode>9999I19/2785514</TransactionCode>
      <Description>Оплата товаров и услуг - VIRTUAL FOR INTERNET BANKIN - MINSK</Description>
      <Currency>BYR</Currency>
      <AmountByCurrency>-20000.00</AmountByCurrency>
      <AmountByAccount>-20000.00</AmountByAccount>
    </TransactionItem>
    <TransactionItem>
      <RegistrationDate>2014-07-12T00:00:00</RegistrationDate>
      <TransactionDate>2014-07-11T00:00:00</TransactionDate>
      <TransactionCode>9061I20/2959920</TransactionCode>
      <Description>Выдача наличных - ATM GOPERY BIB - MINSK</Description>
      <Currency>BYR</Currency>
      <AmountByCurrency>-200000.00</AmountByCurrency>
      <AmountByAccount>-200000.00</AmountByAccount>
    </TransactionItem>
    <TransactionItem>
      <RegistrationDate>2014-07-12T00:00:00</RegistrationDate>
      <TransactionDate>2014-07-11T00:00:00</TransactionDate>
      <TransactionCode>3817188/7729945</TransactionCode>
      <Description>Оплата товаров и услуг - KAFE "PROSPEKT" - MINSK</Description>
      <Currency>BYR</Currency>
      <AmountByCurrency>-49900.00</AmountByCurrency>
      <AmountByAccount>-49900.00</AmountByAccount>
    </TransactionItem>
    <TransactionItem>
      <RegistrationDate>2014-07-14T00:00:00</RegistrationDate>
      <TransactionDate>2014-07-13T00:00:00</TransactionDate>
      <TransactionCode>9061I40/3403956</TransactionCode>
      <Description>Выдача наличных - ATM GOPERY BIB - MINSK</Description>
      <Currency>BYR</Currency>
      <AmountByCurrency>-200000.00</AmountByCurrency>
      <AmountByAccount>-200000.00</AmountByAccount>
    </TransactionItem>
    <TransactionItem>
      <RegistrationDate>2014-07-14T00:00:00</RegistrationDate>
      <TransactionDate>2014-07-13T00:00:00</TransactionDate>
      <TransactionCode>0585299/1301513</TransactionCode>
      <Description>Оплата товаров и услуг - SHOP N22"ZAV.RAYPISCHETORG" - MINSK</Description>
      <Currency>BYR</Currency>
      <AmountByCurrency>-51750.00</AmountByCurrency>
      <AmountByAccount>-51750.00</AmountByAccount>
    </TransactionItem>
    <TransactionItem>
      <RegistrationDate>2014-07-14T00:00:00</RegistrationDate>
      <TransactionDate>2014-07-12T00:00:00</TransactionDate>
      <TransactionCode>8576I30/0448725</TransactionCode>
      <Description>Оплата товаров и услуг - SHOP "EVROOPT" - MINSK</Description>
      <Currency>BYR</Currency>
      <AmountByCurrency>-48250.00</AmountByCurrency>
      <AmountByAccount>-48250.00</AmountByAccount>
    </TransactionItem>
    <TransactionItem>
      <RegistrationDate>2014-07-15T00:00:00</RegistrationDate>
      <TransactionDate>2014-07-14T00:00:00</TransactionDate>
      <TransactionCode>3817191/3952096</TransactionCode>
      <Description>Оплата товаров и услуг - KAFE "PROSPEKT" - MINSK</Description>
      <Currency>BYR</Currency>
      <AmountByCurrency>-52750.00</AmountByCurrency>
      <AmountByAccount>-52750.00</AmountByAccount>
    </TransactionItem>
    <TransactionItem>
      <RegistrationDate>2014-07-15T00:00:00</RegistrationDate>
      <TransactionDate>2014-07-14T00:00:00</TransactionDate>
      <TransactionCode>9999I5C/3568198</TransactionCode>
      <Description>Оплата товаров и услуг - VIRTUAL FOR INTERNET BANKIN - MINSK</Description>
      <Currency>BYR</Currency>
      <AmountByCurrency>-20000.00</AmountByCurrency>
      <AmountByAccount>-20000.00</AmountByAccount>
    </TransactionItem>
    <TransactionItem>
      <RegistrationDate>2014-07-16T00:00:00</RegistrationDate>
      <TransactionDate>2014-07-15T00:00:00</TransactionDate>
      <TransactionCode>9999I6D/3827562</TransactionCode>
      <Description>Оплата товаров и услуг - VIRTUAL FOR INTERNET BANKIN - MINSK</Description>
      <Currency>BYR</Currency>
      <AmountByCurrency>-40000.00</AmountByCurrency>
      <AmountByAccount>-40000.00</AmountByAccount>
    </TransactionItem>
    <TransactionItem>
      <RegistrationDate>2014-07-18T00:00:00</RegistrationDate>
      <TransactionDate>2014-07-17T00:00:00</TransactionDate>
      <TransactionCode>7156I80/9100965</TransactionCode>
      <Description>Оплата товаров и услуг - SHOP "EVROOPT" - MINSK</Description>
      <Currency>BYR</Currency>
      <AmountByCurrency>-69200.00</AmountByCurrency>
      <AmountByAccount>-69200.00</AmountByAccount>
    </TransactionItem>
    <TransactionItem>
      <RegistrationDate>2014-07-21T00:00:00</RegistrationDate>
      <TransactionDate>2014-07-19T00:00:00</TransactionDate>
      <TransactionCode>8580J00/3549354</TransactionCode>
      <Description>Оплата товаров и услуг - SHOP "EVROOPT" - MINSK</Description>
      <Currency>BYR</Currency>
      <AmountByCurrency>-32950.00</AmountByCurrency>
      <AmountByAccount>-32950.00</AmountByAccount>
    </TransactionItem>
    <TransactionItem>
      <RegistrationDate>2014-07-21T00:00:00</RegistrationDate>
      <TransactionDate>2014-07-20T00:00:00</TransactionDate>
      <TransactionCode>7771J10/5986765</TransactionCode>
      <Description>Оплата товаров и услуг - SHOP N 3 - MINSK</Description>
      <Currency>BYR</Currency>
      <AmountByCurrency>-26200.00</AmountByCurrency>
      <AmountByAccount>-26200.00</AmountByAccount>
    </TransactionItem>
    <TransactionItem>
      <RegistrationDate>2014-07-21T00:00:00</RegistrationDate>
      <TransactionDate>2014-07-20T00:00:00</TransactionDate>
      <TransactionCode>0464013/4844690</TransactionCode>
      <Description>Оплата товаров и услуг - HYPERMARKET "PROSTORE" BAPB - MINSK</Description>
      <Currency>BYR</Currency>
      <AmountByCurrency>-138350.00</AmountByCurrency>
      <AmountByAccount>-138350.00</AmountByAccount>
    </TransactionItem>
    <TransactionItem>
      <RegistrationDate>2014-07-22T00:00:00</RegistrationDate>
      <TransactionDate>2014-07-21T00:00:00</TransactionDate>
      <TransactionCode>3820207/6785630</TransactionCode>
      <Description>Оплата товаров и услуг - KAFE "PROSPEKT" - MINSK</Description>
      <Currency>BYR</Currency>
      <AmountByCurrency>-54550.00</AmountByCurrency>
      <AmountByAccount>-54550.00</AmountByAccount>
    </TransactionItem>
    <TransactionItem>
      <RegistrationDate>2014-07-23T00:00:00</RegistrationDate>
      <TransactionDate>2014-07-22T00:00:00</TransactionDate>
      <TransactionCode>3817199/9341399</TransactionCode>
      <Description>Оплата товаров и услуг - KAFE "PROSPEKT" - MINSK</Description>
      <Currency>BYR</Currency>
      <AmountByCurrency>-55750.00</AmountByCurrency>
      <AmountByAccount>-55750.00</AmountByAccount>
    </TransactionItem>
    <TransactionItem>
      <RegistrationDate>2014-07-25T00:00:00</RegistrationDate>
      <TransactionDate>2014-07-23T00:00:00</TransactionDate>
      <TransactionCode>9999J4L/5762533</TransactionCode>
      <Description>Оплата товаров и услуг - VIRTUAL FOR INTERNET BANKIN - MINSK</Description>
      <Currency>BYR</Currency>
      <AmountByCurrency>-10000.00</AmountByCurrency>
      <AmountByAccount>-10000.00</AmountByAccount>
    </TransactionItem>
    <TransactionItem>
      <RegistrationDate>2014-07-25T00:00:00</RegistrationDate>
      <TransactionDate>2014-07-24T00:00:00</TransactionDate>
      <TransactionCode>9137J50/5849799</TransactionCode>
      <Description>Выдача наличных - ATM N137 BIB - MINSK</Description>
      <Currency>BYR</Currency>
      <AmountByCurrency>-100000.00</AmountByCurrency>
      <AmountByAccount>-100000.00</AmountByAccount>
    </TransactionItem>
    <TransactionItem>
      <RegistrationDate>2014-07-25T00:00:00</RegistrationDate>
      <TransactionDate>2014-07-24T00:00:00</TransactionDate>
      <TransactionCode>9442J5N/5951137</TransactionCode>
      <Description>Выдача наличных - PVN OTDELENIYA N540 BIB - MINSK</Description>
      <Currency>RUB</Currency>
      <AmountByCurrency>-3000.00</AmountByCurrency>
      <AmountByAccount>-897000.00</AmountByAccount>
    </TransactionItem>
    <TransactionItem>
      <RegistrationDate>2014-07-25T00:00:00</RegistrationDate>
      <TransactionDate>2014-07-24T00:00:00</TransactionDate>
      <TransactionCode>9137J50/5849798</TransactionCode>
      <Description>Выдача наличных - ATM N137 BIB - MINSK</Description>
      <Currency>BYR</Currency>
      <AmountByCurrency>-400000.00</AmountByCurrency>
      <AmountByAccount>-400000.00</AmountByAccount>
    </TransactionItem>
    <TransactionItem>
      <RegistrationDate>2014-07-25T00:00:00</RegistrationDate>
      <TransactionDate>2014-07-24T00:00:00</TransactionDate>
      <TransactionCode>9137J50/5849844</TransactionCode>
      <Description>Выдача наличных - ATM N137 BIB - MINSK</Description>
      <Currency>BYR</Currency>
      <AmountByCurrency>-400000.00</AmountByCurrency>
      <AmountByAccount>-400000.00</AmountByAccount>
    </TransactionItem>
    <TransactionItem>
      <RegistrationDate>2014-07-28T00:00:00</RegistrationDate>
      <TransactionDate>2014-07-26T00:00:00</TransactionDate>
      <TransactionCode>9999J7I/6451165</TransactionCode>
      <Description>Зачисление перевода / Возврат покупки - VIRTUAL FOR INTERNET BANKIN - MINSK</Description>
      <Currency>BYR</Currency>
      <AmountByCurrency>804000.00</AmountByCurrency>
      <AmountByAccount>804000.00</AmountByAccount>
    </TransactionItem>
    <TransactionItem>
      <RegistrationDate>2014-07-28T00:00:00</RegistrationDate>
      <TransactionDate>2014-07-27T00:00:00</TransactionDate>
      <TransactionCode>6699167/9662469</TransactionCode>
      <Description>Оплата товаров и услуг - SHOP "PYATY ELEMENT" - MINSK</Description>
      <Currency>BYR</Currency>
      <AmountByCurrency>-359000.00</AmountByCurrency>
      <AmountByAccount>-359000.00</AmountByAccount>
    </TransactionItem>
    <TransactionItem>
      <RegistrationDate>2014-07-28T00:00:00</RegistrationDate>
      <TransactionDate>2014-07-26T00:00:00</TransactionDate>
      <TransactionCode>4285J7I/6426237</TransactionCode>
      <Description>Оплата товаров и услуг - PT SHOP RUBLEVSKIY N119 - MINSK</Description>
      <Currency>BYR</Currency>
      <AmountByCurrency>-32000.00</AmountByCurrency>
      <AmountByAccount>-32000.00</AmountByAccount>
    </TransactionItem>
    <TransactionItem>
      <RegistrationDate>2014-07-28T00:00:00</RegistrationDate>
      <TransactionDate>2014-07-25T00:00:00</TransactionDate>
      <TransactionCode>9999J6N/6216116</TransactionCode>
      <Description>Оплата товаров и услуг - VIRTUAL FOR INTERNET BANKIN - MINSK</Description>
      <Currency>BYR</Currency>
      <AmountByCurrency>-111885.00</AmountByCurrency>
      <AmountByAccount>-111885.00</AmountByAccount>
    </TransactionItem>
    <TransactionItem>
      <RegistrationDate>2014-07-28T00:00:00</RegistrationDate>
      <TransactionDate>2014-07-25T00:00:00</TransactionDate>
      <TransactionCode>9999J6N/6216109</TransactionCode>
      <Description>Оплата товаров и услуг - VIRTUAL FOR INTERNET BANKIN - MINSK</Description>
      <Currency>BYR</Currency>
      <AmountByCurrency>-283085.00</AmountByCurrency>
      <AmountByAccount>-283085.00</AmountByAccount>
    </TransactionItem>
    <TransactionItem>
      <RegistrationDate>2014-07-28T00:00:00</RegistrationDate>
      <TransactionDate>2014-07-25T00:00:00</TransactionDate>
      <TransactionCode>9999J6N/6216118</TransactionCode>
      <Description>Оплата товаров и услуг - VIRTUAL FOR INTERNET BANKIN - MINSK</Description>
      <Currency>BYR</Currency>
      <AmountByCurrency>-49500.00</AmountByCurrency>
      <AmountByAccount>-49500.00</AmountByAccount>
    </TransactionItem>
    <TransactionItem>
      <RegistrationDate>2014-07-28T00:00:00</RegistrationDate>
      <TransactionDate>2014-07-24T00:00:00</TransactionDate>
      <TransactionCode>1140728/5233</TransactionCode>
      <Description>Оплата товаров и услуг - SHOP N2 PEKARNI - MINSK</Description>
      <Currency>BYR</Currency>
      <AmountByCurrency>-23900.00</AmountByCurrency>
      <AmountByAccount>-23900.00</AmountByAccount>
    </TransactionItem>
    <TransactionItem>
      <RegistrationDate>2014-07-28T00:00:00</RegistrationDate>
      <TransactionDate>2014-07-26T00:00:00</TransactionDate>
      <TransactionCode>9999J7O/6445198</TransactionCode>
      <Description>Оплата товаров и услуг - VIRTUAL FOR INTERNET BANKIN - MINSK</Description>
      <Currency>BYR</Currency>
      <AmountByCurrency>-27250.00</AmountByCurrency>
      <AmountByAccount>-27250.00</AmountByAccount>
    </TransactionItem>
    <TransactionItem>
      <RegistrationDate>2014-07-28T00:00:00</RegistrationDate>
      <TransactionDate>2014-07-26T00:00:00</TransactionDate>
      <TransactionCode>9999J7O/6444408</TransactionCode>
      <Description>Оплата товаров и услуг - VIRTUAL FOR INTERNET BANKIN - MINSK</Description>
      <Currency>BYR</Currency>
      <AmountByCurrency>-100000.00</AmountByCurrency>
      <AmountByAccount>-100000.00</AmountByAccount>
    </TransactionItem>
    <TransactionItem>
      <RegistrationDate>2014-07-28T00:00:00</RegistrationDate>
      <TransactionDate>2014-07-27T00:00:00</TransactionDate>
      <TransactionCode>0082509/9618693</TransactionCode>
      <Description>Оплата товаров и услуг - TC "ZAMOK" GIPERMARKET BPSB - MINSK</Description>
      <Currency>BYR</Currency>
      <AmountByCurrency>-75150.00</AmountByCurrency>
      <AmountByAccount>-75150.00</AmountByAccount>
    </TransactionItem>
    <TransactionItem>
      <RegistrationDate>2014-07-29T00:00:00</RegistrationDate>
      <TransactionDate>2014-07-28T00:00:00</TransactionDate>
      <TransactionCode>4288J9N/6652166</TransactionCode>
      <Description>Оплата товаров и услуг - PT SHOP RUBLEVSKIY N119 - MINSK</Description>
      <Currency>BYR</Currency>
      <AmountByCurrency>-25300.00</AmountByCurrency>
      <AmountByAccount>-25300.00</AmountByAccount>
    </TransactionItem>
    <TransactionItem>
      <RegistrationDate>2014-07-29T00:00:00</RegistrationDate>
      <TransactionDate>2014-07-28T00:00:00</TransactionDate>
      <TransactionCode>9999J9Q/6809107</TransactionCode>
      <Description>Оплата товаров и услуг - VIRTUAL FOR INTERNET BANKIN - MINSK</Description>
      <Currency>BYR</Currency>
      <AmountByCurrency>-100000.00</AmountByCurrency>
      <AmountByAccount>-100000.00</AmountByAccount>
    </TransactionItem>
    <TransactionItem>
      <RegistrationDate>2014-07-30T00:00:00</RegistrationDate>
      <TransactionDate>2014-07-29T00:00:00</TransactionDate>
      <TransactionCode>3820215/2739636</TransactionCode>
      <Description>Оплата товаров и услуг - KAFE "PROSPEKT" - MINSK</Description>
      <Currency>BYR</Currency>
      <AmountByCurrency>-34950.00</AmountByCurrency>
      <AmountByAccount>-34950.00</AmountByAccount>
    </TransactionItem>
    <TransactionItem>
      <RegistrationDate>2014-07-30T00:00:00</RegistrationDate>
      <TransactionDate>2014-07-29T00:00:00</TransactionDate>
      <TransactionCode>9443K0O/6874615</TransactionCode>
      <Description>Выдача наличных - PVN OTDELENIYA N540 BIB - MINSK</Description>
      <Currency>BYR</Currency>
      <AmountByCurrency>-30000000.00</AmountByCurrency>
      <AmountByAccount>-30000000.00</AmountByAccount>
    </TransactionItem>
    <TransactionItem>
      <RegistrationDate>2014-07-30T00:00:00</RegistrationDate>
      <TransactionDate>2014-07-28T00:00:00</TransactionDate>
      <TransactionCode>1140730/995</TransactionCode>
      <Description>Выдача наличных - BELVNESHEC.BAN/ATMTBK HO2 - MINSK</Description>
      <Currency>BYR</Currency>
      <AmountByCurrency>-200000.00</AmountByCurrency>
      <AmountByAccount>-200000.00</AmountByAccount>
    </TransactionItem>
    <TransactionItem>
      <RegistrationDate>2014-07-31T00:00:00</RegistrationDate>
      <TransactionDate>2014-07-30T00:00:00</TransactionDate>
      <TransactionCode>3817205/5183357</TransactionCode>
      <Description>Оплата товаров и услуг - KAFE "PROSPEKT" - MINSK</Description>
      <Currency>BYR</Currency>
      <AmountByCurrency>-43200.00</AmountByCurrency>
      <AmountByAccount>-43200.00</AmountByAccount>
    </TransactionItem>
    <TransactionItem>
      <RegistrationDate>2014-08-01T00:00:00</RegistrationDate>
      <TransactionDate>2014-07-31T00:00:00</TransactionDate>
      <TransactionCode>3821030/6491376</TransactionCode>
      <Description>Оплата товаров и услуг - KAFE "PROSPEKT" - MINSK</Description>
      <Currency>BYR</Currency>
      <AmountByCurrency>-41850.00</AmountByCurrency>
      <AmountByAccount>-41850.00</AmountByAccount>
    </TransactionItem>
    <TransactionItem>
      <RegistrationDate>2014-08-04T00:00:00</RegistrationDate>
      <TransactionDate>2014-08-03T00:00:00</TransactionDate>
      <TransactionCode>4505114/1048624</TransactionCode>
      <Description>Оплата товаров и услуг - SHOP "KEGA" BAPB - MINSK</Description>
      <Currency>BYR</Currency>
      <AmountByCurrency>-55500.00</AmountByCurrency>
      <AmountByAccount>-55500.00</AmountByAccount>
    </TransactionItem>
    <TransactionItem>
      <RegistrationDate>2014-08-04T00:00:00</RegistrationDate>
      <TransactionDate>2014-08-01T00:00:00</TransactionDate>
      <TransactionCode>3817207/9000604</TransactionCode>
      <Description>Оплата товаров и услуг - KAFE "PROSPEKT" - MINSK</Description>
      <Currency>BYR</Currency>
      <AmountByCurrency>-65050.00</AmountByCurrency>
      <AmountByAccount>-65050.00</AmountByAccount>
    </TransactionItem>
    <TransactionItem>
      <RegistrationDate>2014-08-04T00:00:00</RegistrationDate>
      <TransactionDate>2014-08-03T00:00:00</TransactionDate>
      <TransactionCode>9999K5W/7889136</TransactionCode>
      <Description>Оплата товаров и услуг - VIRTUAL FOR INTERNET BANKIN - MINSK</Description>
      <Currency>BYR</Currency>
      <AmountByCurrency>-10000.00</AmountByCurrency>
      <AmountByAccount>-10000.00</AmountByAccount>
    </TransactionItem>
    <TransactionItem>
      <RegistrationDate>2014-08-04T00:00:00</RegistrationDate>
      <TransactionDate>2014-08-02T00:00:00</TransactionDate>
      <TransactionCode>0041264/0607571</TransactionCode>
      <Description>Оплата товаров и услуг - TC "ZAMOK" GIPERMARKET BPSB - MINSK</Description>
      <Currency>BYR</Currency>
      <AmountByCurrency>-34200.00</AmountByCurrency>
      <AmountByAccount>-34200.00</AmountByAccount>
    </TransactionItem>
  </TransactionItems>
</MontlyReport>