<?xml version="1.0"?>
<MontlyReport xmlns:xsi="http://www.w3.org/2001/XMLSchema-instance" xmlns:xsd="http://www.w3.org/2001/XMLSchema">
  <UserInfo>АЛЕКСАНДР ВАЛЕРЬЕВИЧ КОРЗУН СЛОБОДСКАЯ, д.65, кв.27, Минск, Belarus,</UserInfo>
  <BancInfo>БЕЛИНВЕСТБАНК ГОПЕРу пр.Машерова, 29 Минск 220002</BancInfo>
  <ReportInfo>EC/MC Выписка по картам 1570384-2015/0202</ReportInfo>
  <PeriodInfo>Расчетный цикл 06-01-2015по02-02-2015</PeriodInfo>
  <CreationInfo>Сформировано 05-02-2015 14:12:37</CreationInfo>
  <AccountNumber>739001BYR00009AFD63</AccountNumber>
  <AccountCurrency>BYR</AccountCurrency>
  <ImmutableBalance>500000.00</ImmutableBalance>
  <MinBalance>0.00</MinBalance>
  <AvailibleCredit>0.00</AvailibleCredit>
  <PrevBalance>4051232.00</PrevBalance>
  <TransactionItems>
    <TransactionItem>
      <RegistrationDate>2015-01-30T00:00:00</RegistrationDate>
      <TransactionDate>2015-01-30T00:00:00</TransactionDate>
      <TransactionCode>4060070/46219679</TransactionCode>
      <Description>Зачисление на счет - начисл. проц-в: КОРЗУН АЛЕКСАНДР ВАЛЕРЬЕВИЧ; 9041251010024-&gt;3014775400013-91kBYR-9AFD63 = 160503,00 BYR</Description>
      <Currency />
      <AmountByCurrency>0</AmountByCurrency>
      <AmountByAccount>160503.00</AmountByAccount>
    </TransactionItem>
    <TransactionItem>
      <RegistrationDate>2015-01-08T00:00:00</RegistrationDate>
      <TransactionDate>2015-01-07T00:00:00</TransactionDate>
      <TransactionCode>9999076/2141571</TransactionCode>
      <Description>Зачисление перевода / Возврат покупки - VIRTUAL FOR INTERNET BANKIN - MINSK</Description>
      <Currency>BYR</Currency>
      <AmountByCurrency>804002.00</AmountByCurrency>
      <AmountByAccount>804002.00</AmountByAccount>
    </TransactionItem>
    <TransactionItem>
      <RegistrationDate>2015-01-09T00:00:00</RegistrationDate>
      <TransactionDate>2015-01-08T00:00:00</TransactionDate>
      <TransactionCode>999908D/2263500</TransactionCode>
      <Description>Оплата товаров и услуг - VIRTUAL FOR INTERNET BANKIN - MINSK</Description>
      <Currency>BYR</Currency>
      <AmountByCurrency>-50000.00</AmountByCurrency>
      <AmountByAccount>-50000.00</AmountByAccount>
    </TransactionItem>
    <TransactionItem>
      <RegistrationDate>2015-01-12T00:00:00</RegistrationDate>
      <TransactionDate>2015-01-11T00:00:00</TransactionDate>
      <TransactionCode>9061110/2864433</TransactionCode>
      <Description>Выдача наличных - ATM GOPERY BIB - MINSK</Description>
      <Currency>BYR</Currency>
      <AmountByCurrency>-200000.00</AmountByCurrency>
      <AmountByAccount>-200000.00</AmountByAccount>
    </TransactionItem>
    <TransactionItem>
      <RegistrationDate>2015-01-12T00:00:00</RegistrationDate>
      <TransactionDate>2015-01-10T00:00:00</TransactionDate>
      <TransactionCode>9999109/2774156</TransactionCode>
      <Description>Зачисление перевода / Возврат покупки - VIRTUAL FOR INTERNET BANKIN - MINSK</Description>
      <Currency>BYR</Currency>
      <AmountByCurrency>8064900.00</AmountByCurrency>
      <AmountByAccount>8064900.00</AmountByAccount>
    </TransactionItem>
    <TransactionItem>
      <RegistrationDate>2015-01-12T00:00:00</RegistrationDate>
      <TransactionDate>2015-01-10T00:00:00</TransactionDate>
      <TransactionCode>999910F/2689233</TransactionCode>
      <Description>Оплата товаров и услуг - VIRTUAL FOR INTERNET BANKIN - MINSK</Description>
      <Currency>BYR</Currency>
      <AmountByCurrency>-30000.00</AmountByCurrency>
      <AmountByAccount>-30000.00</AmountByAccount>
    </TransactionItem>
    <TransactionItem>
      <RegistrationDate>2015-01-13T00:00:00</RegistrationDate>
      <TransactionDate>2015-01-11T00:00:00</TransactionDate>
      <TransactionCode>1150113/8509</TransactionCode>
      <Description>Оплата товаров и услуг - ART-TERRITORIYA - MINSK</Description>
      <Currency>BYR</Currency>
      <AmountByCurrency>-147850.00</AmountByCurrency>
      <AmountByAccount>-147850.00</AmountByAccount>
    </TransactionItem>
    <TransactionItem>
      <RegistrationDate>2015-01-15T00:00:00</RegistrationDate>
      <TransactionDate>2015-01-14T00:00:00</TransactionDate>
      <TransactionCode>0232291/2941458</TransactionCode>
      <Description>Оплата товаров и услуг - HYPERMARKET "SKALA" BAPB - MINSK</Description>
      <Currency>BYR</Currency>
      <AmountByCurrency>-37700.00</AmountByCurrency>
      <AmountByAccount>-37700.00</AmountByAccount>
    </TransactionItem>
    <TransactionItem>
      <RegistrationDate>2015-01-16T00:00:00</RegistrationDate>
      <TransactionDate>2015-01-15T00:00:00</TransactionDate>
      <TransactionCode>999915L/3871982</TransactionCode>
      <Description>Оплата товаров и услуг - VIRTUAL FOR INTERNET BANKIN - MINSK</Description>
      <Currency>BYR</Currency>
      <AmountByCurrency>-100000.00</AmountByCurrency>
      <AmountByAccount>-100000.00</AmountByAccount>
    </TransactionItem>
    <TransactionItem>
      <RegistrationDate>2015-01-16T00:00:00</RegistrationDate>
      <TransactionDate>2015-01-15T00:00:00</TransactionDate>
      <TransactionCode>0257285/4848803</TransactionCode>
      <Description>Оплата товаров и услуг - HYPERMARKET "SKALA" BAPB - MINSK</Description>
      <Currency>BYR</Currency>
      <AmountByCurrency>-48200.00</AmountByCurrency>
      <AmountByAccount>-48200.00</AmountByAccount>
    </TransactionItem>
    <TransactionItem>
      <RegistrationDate>2015-01-19T00:00:00</RegistrationDate>
      <TransactionDate>2015-01-18T00:00:00</TransactionDate>
      <TransactionCode>0484589/0951615</TransactionCode>
      <Description>Оплата товаров и услуг - SHOP "SOSEDI" - MINSK</Description>
      <Currency>BYR</Currency>
      <AmountByCurrency>-49750.00</AmountByCurrency>
      <AmountByAccount>-49750.00</AmountByAccount>
    </TransactionItem>
    <TransactionItem>
      <RegistrationDate>2015-01-19T00:00:00</RegistrationDate>
      <TransactionDate>2015-01-18T00:00:00</TransactionDate>
      <TransactionCode>999718R/4485987</TransactionCode>
      <Description>Оплата товаров и услуг - SMS Opoveschenie - MINSK</Description>
      <Currency>BYR</Currency>
      <AmountByCurrency>-2000.00</AmountByCurrency>
      <AmountByAccount>-2000.00</AmountByAccount>
    </TransactionItem>
    <TransactionItem>
      <RegistrationDate>2015-01-20T00:00:00</RegistrationDate>
      <TransactionDate>2015-01-19T00:00:00</TransactionDate>
      <TransactionCode>0228342/2943824</TransactionCode>
      <Description>Оплата товаров и услуг - HYPERMARKET "SKALA" BAPB - MINSK</Description>
      <Currency>BYR</Currency>
      <AmountByCurrency>-53200.00</AmountByCurrency>
      <AmountByAccount>-53200.00</AmountByAccount>
    </TransactionItem>
    <TransactionItem>
      <RegistrationDate>2015-01-21T00:00:00</RegistrationDate>
      <TransactionDate>2015-01-20T00:00:00</TransactionDate>
      <TransactionCode>0249393/6082954</TransactionCode>
      <Description>Оплата товаров и услуг - HYPERMARKET "SKALA" BAPB - MINSK</Description>
      <Currency>BYR</Currency>
      <AmountByCurrency>-72700.00</AmountByCurrency>
      <AmountByAccount>-72700.00</AmountByAccount>
    </TransactionItem>
    <TransactionItem>
      <RegistrationDate>2015-01-21T00:00:00</RegistrationDate>
      <TransactionDate>2015-01-20T00:00:00</TransactionDate>
      <TransactionCode>9061201/5023605</TransactionCode>
      <Description>Выдача наличных - ATM GOPERY BIB - MINSK</Description>
      <Currency>BYR</Currency>
      <AmountByCurrency>-2600000.00</AmountByCurrency>
      <AmountByAccount>-2600000.00</AmountByAccount>
    </TransactionItem>
    <TransactionItem>
      <RegistrationDate>2015-01-22T00:00:00</RegistrationDate>
      <TransactionDate>2015-01-19T00:00:00</TransactionDate>
      <TransactionCode>1150122/1577</TransactionCode>
      <Description>Оплата товаров и услуг - KASSA 8 POS - MINSK</Description>
      <Currency>BYR</Currency>
      <AmountByCurrency>-2676500.00</AmountByCurrency>
      <AmountByAccount>-2676500.00</AmountByAccount>
    </TransactionItem>
    <TransactionItem>
      <RegistrationDate>2015-01-22T00:00:00</RegistrationDate>
      <TransactionDate>2015-01-21T00:00:00</TransactionDate>
      <TransactionCode>0242396/7181252</TransactionCode>
      <Description>Оплата товаров и услуг - HYPERMARKET "SKALA" BAPB - MINSK</Description>
      <Currency>BYR</Currency>
      <AmountByCurrency>-49050.00</AmountByCurrency>
      <AmountByAccount>-49050.00</AmountByAccount>
    </TransactionItem>
    <TransactionItem>
      <RegistrationDate>2015-01-23T00:00:00</RegistrationDate>
      <TransactionDate>2015-01-22T00:00:00</TransactionDate>
      <TransactionCode>0233236/9124240</TransactionCode>
      <Description>Оплата товаров и услуг - HYPERMARKET "SKALA" BAPB - MINSK</Description>
      <Currency>BYR</Currency>
      <AmountByCurrency>-62300.00</AmountByCurrency>
      <AmountByAccount>-62300.00</AmountByAccount>
    </TransactionItem>
    <TransactionItem>
      <RegistrationDate>2015-01-26T00:00:00</RegistrationDate>
      <TransactionDate>2015-01-23T00:00:00</TransactionDate>
      <TransactionCode>9061230/5708852</TransactionCode>
      <Description>Выдача наличных - ATM GOPERY BIB - MINSK</Description>
      <Currency>BYR</Currency>
      <AmountByCurrency>-1000000.00</AmountByCurrency>
      <AmountByAccount>-1000000.00</AmountByAccount>
    </TransactionItem>
    <TransactionItem>
      <RegistrationDate>2015-01-26T00:00:00</RegistrationDate>
      <TransactionDate>2015-01-24T00:00:00</TransactionDate>
      <TransactionCode>999924U/6066846</TransactionCode>
      <Description>Оплата товаров и услуг - VIRTUAL FOR INTERNET BANKIN - MINSK</Description>
      <Currency>BYR</Currency>
      <AmountByCurrency>-442734.00</AmountByCurrency>
      <AmountByAccount>-442734.00</AmountByAccount>
    </TransactionItem>
    <TransactionItem>
      <RegistrationDate>2015-01-26T00:00:00</RegistrationDate>
      <TransactionDate>2015-01-23T00:00:00</TransactionDate>
      <TransactionCode>999923L/5871199</TransactionCode>
      <Description>Зачисление перевода / Возврат покупки - VIRTUAL FOR INTERNET BANKIN - MINSK</Description>
      <Currency>BYR</Currency>
      <AmountByCurrency>600000.00</AmountByCurrency>
      <AmountByAccount>600000.00</AmountByAccount>
    </TransactionItem>
    <TransactionItem>
      <RegistrationDate>2015-01-26T00:00:00</RegistrationDate>
      <TransactionDate>2015-01-24T00:00:00</TransactionDate>
      <TransactionCode>999924U/6066890</TransactionCode>
      <Description>Оплата товаров и услуг - VIRTUAL FOR INTERNET BANKIN - MINSK</Description>
      <Currency>BYR</Currency>
      <AmountByCurrency>-121282.00</AmountByCurrency>
      <AmountByAccount>-121282.00</AmountByAccount>
    </TransactionItem>
    <TransactionItem>
      <RegistrationDate>2015-01-26T00:00:00</RegistrationDate>
      <TransactionDate>2015-01-25T00:00:00</TransactionDate>
      <TransactionCode>0460220/6559632</TransactionCode>
      <Description>Оплата товаров и услуг - HYPERMARKET "PROSTORE" BAPB - MINSK</Description>
      <Currency>BYR</Currency>
      <AmountByCurrency>-219350.00</AmountByCurrency>
      <AmountByAccount>-219350.00</AmountByAccount>
    </TransactionItem>
    <TransactionItem>
      <RegistrationDate>2015-01-27T00:00:00</RegistrationDate>
      <TransactionDate>2015-01-26T00:00:00</TransactionDate>
      <TransactionCode>0229186/8034579</TransactionCode>
      <Description>Оплата товаров и услуг - HYPERMARKET "SKALA" BAPB - MINSK</Description>
      <Currency>BYR</Currency>
      <AmountByCurrency>-77550.00</AmountByCurrency>
      <AmountByAccount>-77550.00</AmountByAccount>
    </TransactionItem>
    <TransactionItem>
      <RegistrationDate>2015-01-27T00:00:00</RegistrationDate>
      <TransactionDate>2015-01-26T00:00:00</TransactionDate>
      <TransactionCode>6485180/8531687</TransactionCode>
      <Description>Оплата товаров и услуг - PAVILYON N 81 BPSB - MINSK</Description>
      <Currency>BYR</Currency>
      <AmountByCurrency>-50000.00</AmountByCurrency>
      <AmountByAccount>-50000.00</AmountByAccount>
    </TransactionItem>
    <TransactionItem>
      <RegistrationDate>2015-01-28T00:00:00</RegistrationDate>
      <TransactionDate>2015-01-27T00:00:00</TransactionDate>
      <TransactionCode>0222379/9379436</TransactionCode>
      <Description>Оплата товаров и услуг - HYPERMARKET "SKALA" BAPB - MINSK</Description>
      <Currency>BYR</Currency>
      <AmountByCurrency>-217550.00</AmountByCurrency>
      <AmountByAccount>-217550.00</AmountByAccount>
    </TransactionItem>
    <TransactionItem>
      <RegistrationDate>2015-01-28T00:00:00</RegistrationDate>
      <TransactionDate>2015-01-27T00:00:00</TransactionDate>
      <TransactionCode>0222379/9378941</TransactionCode>
      <Description>Оплата товаров и услуг - HYPERMARKET "SKALA" BAPB - MINSK</Description>
      <Currency>BYR</Currency>
      <AmountByCurrency>-91400.00</AmountByCurrency>
      <AmountByAccount>-91400.00</AmountByAccount>
    </TransactionItem>
    <TransactionItem>
      <RegistrationDate>2015-01-30T00:00:00</RegistrationDate>
      <TransactionDate>2015-01-29T00:00:00</TransactionDate>
      <TransactionCode>0240277/3527600</TransactionCode>
      <Description>Оплата товаров и услуг - HYPERMARKET "SKALA" BAPB - MINSK</Description>
      <Currency>BYR</Currency>
      <AmountByCurrency>-106100.00</AmountByCurrency>
      <AmountByAccount>-106100.00</AmountByAccount>
    </TransactionItem>
    <TransactionItem>
      <RegistrationDate>2015-02-02T00:00:00</RegistrationDate>
      <TransactionDate>2015-01-31T00:00:00</TransactionDate>
      <TransactionCode>1784013/7243663</TransactionCode>
      <Description>Оплата товаров и услуг - HYPERMARKET "PROSTORE" - MINSK</Description>
      <Currency>BYR</Currency>
      <AmountByCurrency>-259700.00</AmountByCurrency>
      <AmountByAccount>-259700.00</AmountByAccount>
    </TransactionItem>
    <TransactionItem>
      <RegistrationDate>2015-02-02T00:00:00</RegistrationDate>
      <TransactionDate>2015-01-30T00:00:00</TransactionDate>
      <TransactionCode>0239266/6393377</TransactionCode>
      <Description>Оплата товаров и услуг - HYPERMARKET "SKALA" BAPB - MINSK</Description>
      <Currency>BYR</Currency>
      <AmountByCurrency>-46250.00</AmountByCurrency>
      <AmountByAccount>-46250.00</AmountByAccount>
    </TransactionItem>
    <TransactionItem>
      <RegistrationDate>2015-02-02T00:00:00</RegistrationDate>
      <TransactionDate>2015-01-31T00:00:00</TransactionDate>
      <TransactionCode>9061310/7388933</TransactionCode>
      <Description>Выдача наличных - ATM GOPERY BIB - MINSK</Description>
      <Currency>BYR</Currency>
      <AmountByCurrency>-200000.00</AmountByCurrency>
      <AmountByAccount>-200000.00</AmountByAccount>
    </TransactionItem>
    <TransactionItem>
      <RegistrationDate>2015-02-02T00:00:00</RegistrationDate>
      <TransactionDate>2015-01-30T00:00:00</TransactionDate>
      <TransactionCode>7079499/6390828</TransactionCode>
      <Description>Оплата товаров и услуг - KAFE "SALODKI FALVARAK" - MINSK</Description>
      <Currency>BYR</Currency>
      <AmountByCurrency>-291900.00</AmountByCurrency>
      <AmountByAccount>-291900.00</AmountByAccount>
    </TransactionItem>
  </TransactionItems>
</MontlyReport>