<?xml version="1.0"?>
<MontlyReport xmlns:xsi="http://www.w3.org/2001/XMLSchema-instance" xmlns:xsd="http://www.w3.org/2001/XMLSchema">
  <UserInfo>АЛЕКСАНДР ВАЛЕРЬЕВИЧ КОРЗУН СЛОБОДСКАЯ, д.65, кв.27, Минск, Belarus,</UserInfo>
  <BancInfo>БЕЛИНВЕСТБАНК ГОПЕРу пр.Машерова, 29 Минск 220002</BancInfo>
  <ReportInfo>EC/MC Выписка по картам 1642095-2014/0701</ReportInfo>
  <PeriodInfo>Расчетный цикл 03-06-2014по01-07-2014</PeriodInfo>
  <CreationInfo>Сформировано 01-07-2014 20:57:48</CreationInfo>
  <AccountNumber>739001RUB0000A05A1A</AccountNumber>
  <AccountCurrency>RUB</AccountCurrency>
  <ImmutableBalance>10000.00</ImmutableBalance>
  <MinBalance>0.00</MinBalance>
  <AvailibleCredit>0.00</AvailibleCredit>
  <PrevBalance>118810.06</PrevBalance>
  <TransactionItems>
    <TransactionItem>
      <RegistrationDate>2014-06-30T00:00:00</RegistrationDate>
      <TransactionDate>2014-06-30T00:00:00</TransactionDate>
      <TransactionCode>3719512/71935957</TransactionCode>
      <Description>Зачисление на счет - начисл. проц-в: КОРЗУН АЛЕКСАНДР ВАЛЕРЬЕВИЧ; 6901878588014-&gt;3014775405034-91kRUB-A05A1A = 706,35 RUB</Description>
      <Currency />
      <AmountByCurrency>0</AmountByCurrency>
      <AmountByAccount>706.35</AmountByAccount>
    </TransactionItem>
  </TransactionItems>
</MontlyReport>