<?xml version="1.0"?>
<MontlyReport xmlns:xsi="http://www.w3.org/2001/XMLSchema-instance" xmlns:xsd="http://www.w3.org/2001/XMLSchema">
  <UserInfo>АЛЕКСАНДР ВАЛЕРЬЕВИЧ КОРЗУН УЛ. СЛОБОДСКАЯ Д.65 КВ.27, Г. МИНСК, Belarus, 220051</UserInfo>
  <BancInfo>BELARUSBANK Head Office  </BancInfo>
  <ReportInfo>ECMC Выписка по счету клиента No. 4826182-2012/0831</ReportInfo>
  <PeriodInfo>Расчетный цикл 01-08-2012по31-08-2012</PeriodInfo>
  <CreationInfo>Сформировано 03-09-2012 08:29:39</CreationInfo>
  <AccountNumber>001458000681</AccountNumber>
  <AccountCurrency>BYR</AccountCurrency>
  <ImmutableBalance>0.00</ImmutableBalance>
  <MinBalance>0.00</MinBalance>
  <AvailibleCredit>0.00</AvailibleCredit>
  <PrevBalance>74720.00</PrevBalance>
  <TransactionItems>
    <TransactionItem>
      <RegistrationDate>2012-08-31T00:00:00</RegistrationDate>
      <TransactionDate>2012-08-31T00:00:00</TransactionDate>
      <TransactionCode>393355/70485</TransactionCode>
      <Description>Платежи в счет</Description>
      <Currency />
      <AmountByCurrency>0</AmountByCurrency>
      <AmountByAccount>30.00</AmountByAccount>
    </TransactionItem>
  </TransactionItems>
</MontlyReport>