<?xml version="1.0"?>
<MontlyReport xmlns:xsi="http://www.w3.org/2001/XMLSchema-instance" xmlns:xsd="http://www.w3.org/2001/XMLSchema">
  <UserInfo>АЛЕКСАНДР ВАЛЕРЬЕВИЧ КОРЗУН СЛОБОДСКАЯ, д.65, кв.27, Минск, Belarus,</UserInfo>
  <BancInfo>БЕЛИНВЕСТБАНК ГОПЕРу пр.Машерова, 29 Минск 220002</BancInfo>
  <ReportInfo>EC/MC Выписка по картам 1642095-2014/0901</ReportInfo>
  <PeriodInfo>Расчетный цикл 05-08-2014по01-09-2014</PeriodInfo>
  <CreationInfo>Сформировано 01-09-2014 22:01:26</CreationInfo>
  <AccountNumber>739001RUB0000A05A1A</AccountNumber>
  <AccountCurrency>RUB</AccountCurrency>
  <ImmutableBalance>10000.00</ImmutableBalance>
  <MinBalance>0.00</MinBalance>
  <AvailibleCredit>0.00</AvailibleCredit>
  <PrevBalance>120226.96</PrevBalance>
  <TransactionItems>
    <TransactionItem>
      <RegistrationDate>2014-08-29T00:00:00</RegistrationDate>
      <TransactionDate>2014-08-29T00:00:00</TransactionDate>
      <TransactionCode>3811133/92257761</TransactionCode>
      <Description>Зачисление на счет - начисл. проц-в: КОРЗУН АЛЕКСАНДР ВАЛЕРЬЕВИЧ; 6901878588014-&gt;3014775405034-91kRUB-A05A1A = 668,66 RUB</Description>
      <Currency />
      <AmountByCurrency>0</AmountByCurrency>
      <AmountByAccount>668.66</AmountByAccount>
    </TransactionItem>
  </TransactionItems>
</MontlyReport>