<?xml version="1.0"?>
<MontlyReport xmlns:xsi="http://www.w3.org/2001/XMLSchema-instance" xmlns:xsd="http://www.w3.org/2001/XMLSchema">
  <UserInfo>АЛЕКСАНДР ВАЛЕРЬЕВИЧ КОРЗУН СЛОБОДСКАЯ, д.65, кв.27, Минск, Belarus,</UserInfo>
  <BancInfo>БЕЛИНВЕСТБАНК ГОПЕРу пр.Машерова, 29 Минск 220002</BancInfo>
  <ReportInfo>EC/MC Выписка по картам 1399391-2013/0201</ReportInfo>
  <PeriodInfo>Расчетный цикл 02-01-2013по01-02-2013</PeriodInfo>
  <CreationInfo>Сформировано 02-02-2013 09:44:32</CreationInfo>
  <AccountNumber>739001BYR0000746644</AccountNumber>
  <AccountCurrency>BYR</AccountCurrency>
  <ImmutableBalance>0.00</ImmutableBalance>
  <MinBalance>0.00</MinBalance>
  <AvailibleCredit>0.00</AvailibleCredit>
  <PrevBalance>8140350.00</PrevBalance>
  <TransactionItems>
    <TransactionItem>
      <RegistrationDate>2013-01-10T00:00:00</RegistrationDate>
      <TransactionDate>2013-01-10T00:00:00</TransactionDate>
      <TransactionCode>2990037/05555606</TransactionCode>
      <Description>Зачисление на счет - зачисл. з/п: КОРЗУН АЛЕКСАНДР ВАЛЕРЬЕВИЧ; 3819250000393-&gt;3114250000115-91kBYR-746644 = 4642820,00 BYR</Description>
      <Currency />
      <AmountByCurrency>0</AmountByCurrency>
      <AmountByAccount>4642820.00</AmountByAccount>
    </TransactionItem>
    <TransactionItem>
      <RegistrationDate>2013-01-25T00:00:00</RegistrationDate>
      <TransactionDate>2013-01-25T00:00:00</TransactionDate>
      <TransactionCode>3007223/09550976</TransactionCode>
      <Description>Зачисление на счет - зачисл. з/п: КОРЗУН АЛЕКСАНДР ВАЛЕРЬЕВИЧ; 3819250000393-&gt;3014775400013-91kBYR-746644 = 804000,00 BYR</Description>
      <Currency />
      <AmountByCurrency>0</AmountByCurrency>
      <AmountByAccount>804000.00</AmountByAccount>
    </TransactionItem>
    <TransactionItem>
      <RegistrationDate>2013-01-31T00:00:00</RegistrationDate>
      <TransactionDate>2013-01-31T00:00:00</TransactionDate>
      <TransactionCode>3014156/11254037</TransactionCode>
      <Description>Зачисление на счет - начисл. проц-в: КОРЗУН АЛЕКСАНДР ВАЛЕРЬЕВИЧ; 9041251010024-&gt;3014775400013-91kBYR-746644 = 50,00 BYR</Description>
      <Currency />
      <AmountByCurrency>0</AmountByCurrency>
      <AmountByAccount>50.00</AmountByAccount>
    </TransactionItem>
    <TransactionItem>
      <RegistrationDate>2013-02-01T00:00:00</RegistrationDate>
      <TransactionDate>2013-02-01T00:00:00</TransactionDate>
      <TransactionCode>3015886/11775562</TransactionCode>
      <Description>Зачисление на счет - зачисл. з/п: КОРЗУН АЛЕКСАНДР ВАЛЕРЬЕВИЧ; 3819250000393-&gt;3014775400013-91kBYR-746644 = 1843000,00 BYR</Description>
      <Currency />
      <AmountByCurrency>0</AmountByCurrency>
      <AmountByAccount>1843000.00</AmountByAccount>
    </TransactionItem>
    <TransactionItem>
      <RegistrationDate>2013-01-03T00:00:00</RegistrationDate>
      <TransactionDate>2012-12-31T00:00:00</TransactionDate>
      <TransactionCode>1130103/3618572</TransactionCode>
      <Description>Оплата товаров и услуг - HYPERMARKET - MINSK</Description>
      <Currency>BYR</Currency>
      <AmountByCurrency>-65760.00</AmountByCurrency>
      <AmountByAccount>-65760.00</AmountByAccount>
    </TransactionItem>
    <TransactionItem>
      <RegistrationDate>2013-01-16T00:00:00</RegistrationDate>
      <TransactionDate>2013-01-15T00:00:00</TransactionDate>
      <TransactionCode>9061151/9275523</TransactionCode>
      <Description>Выдача наличных - ATM GOPERY BIB - MINSK</Description>
      <Currency>USD</Currency>
      <AmountByCurrency>-300.00</AmountByCurrency>
      <AmountByAccount>-2637000.00</AmountByAccount>
    </TransactionItem>
    <TransactionItem>
      <RegistrationDate>2013-01-16T00:00:00</RegistrationDate>
      <TransactionDate>2013-01-15T00:00:00</TransactionDate>
      <TransactionCode>9061151/9274996</TransactionCode>
      <Description>Выдача наличных - ATM GOPERY BIB - MINSK</Description>
      <Currency>USD</Currency>
      <AmountByCurrency>-500.00</AmountByCurrency>
      <AmountByAccount>-4395000.00</AmountByAccount>
    </TransactionItem>
    <TransactionItem>
      <RegistrationDate>2013-01-16T00:00:00</RegistrationDate>
      <TransactionDate>2013-01-15T00:00:00</TransactionDate>
      <TransactionCode>9061151/9274528</TransactionCode>
      <Description>Выдача наличных - ATM GOPERY BIB - MINSK</Description>
      <Currency>USD</Currency>
      <AmountByCurrency>-500.00</AmountByCurrency>
      <AmountByAccount>-4395000.00</AmountByAccount>
    </TransactionItem>
    <TransactionItem>
      <RegistrationDate>2013-01-18T00:00:00</RegistrationDate>
      <TransactionDate>2013-01-17T00:00:00</TransactionDate>
      <TransactionCode>9061170/9875846</TransactionCode>
      <Description>Выдача наличных - ATM GOPERY BIB - MINSK</Description>
      <Currency>BYR</Currency>
      <AmountByCurrency>-50000.00</AmountByCurrency>
      <AmountByAccount>-50000.00</AmountByAccount>
    </TransactionItem>
    <TransactionItem>
      <RegistrationDate>2013-01-18T00:00:00</RegistrationDate>
      <TransactionDate>2013-01-17T00:00:00</TransactionDate>
      <TransactionCode>9999173/0245627</TransactionCode>
      <Description>Оплата товаров и услуг - VIRTUAL FOR INTERNET BANKIN - MINSK</Description>
      <Currency>BYR</Currency>
      <AmountByCurrency>-80000.00</AmountByCurrency>
      <AmountByAccount>-80000.00</AmountByAccount>
    </TransactionItem>
    <TransactionItem>
      <RegistrationDate>2013-01-18T00:00:00</RegistrationDate>
      <TransactionDate>2013-01-17T00:00:00</TransactionDate>
      <TransactionCode>9999173/0246887</TransactionCode>
      <Description>Оплата товаров и услуг - VIRTUAL FOR INTERNET BANKIN - MINSK</Description>
      <Currency>BYR</Currency>
      <AmountByCurrency>-10000.00</AmountByCurrency>
      <AmountByAccount>-10000.00</AmountByAccount>
    </TransactionItem>
    <TransactionItem>
      <RegistrationDate>2013-01-18T00:00:00</RegistrationDate>
      <TransactionDate>2013-01-17T00:00:00</TransactionDate>
      <TransactionCode>442517J/9902903</TransactionCode>
      <Description>Оплата товаров и услуг - PT SHOP "RUBLEVSKIY-106" - MINSK</Description>
      <Currency>BYR</Currency>
      <AmountByCurrency>-12940.00</AmountByCurrency>
      <AmountByAccount>-12940.00</AmountByAccount>
    </TransactionItem>
    <TransactionItem>
      <RegistrationDate>2013-01-21T00:00:00</RegistrationDate>
      <TransactionDate>2013-01-18T00:00:00</TransactionDate>
      <TransactionCode>9203180/0750578</TransactionCode>
      <Description>Оплата товаров и услуг - PT SHOP "METR" - MINSK</Description>
      <Currency>BYR</Currency>
      <AmountByCurrency>-88750.00</AmountByCurrency>
      <AmountByAccount>-88750.00</AmountByAccount>
    </TransactionItem>
    <TransactionItem>
      <RegistrationDate>2013-01-28T00:00:00</RegistrationDate>
      <TransactionDate>2013-01-25T00:00:00</TransactionDate>
      <TransactionCode>9061250/3939764</TransactionCode>
      <Description>Выдача наличных - ATM GOPERY BIB - MINSK</Description>
      <Currency>BYR</Currency>
      <AmountByCurrency>-100000.00</AmountByCurrency>
      <AmountByAccount>-100000.00</AmountByAccount>
    </TransactionItem>
    <TransactionItem>
      <RegistrationDate>2013-01-28T00:00:00</RegistrationDate>
      <TransactionDate>2013-01-26T00:00:00</TransactionDate>
      <TransactionCode>9061260/4327761</TransactionCode>
      <Description>Выдача наличных - ATM GOPERY BIB - MINSK</Description>
      <Currency>BYR</Currency>
      <AmountByCurrency>-100000.00</AmountByCurrency>
      <AmountByAccount>-100000.00</AmountByAccount>
    </TransactionItem>
  </TransactionItems>
</MontlyReport>