<?xml version="1.0"?>
<MontlyReport xmlns:xsi="http://www.w3.org/2001/XMLSchema-instance" xmlns:xsd="http://www.w3.org/2001/XMLSchema">
  <UserInfo>АЛЕКСАНДР ВАЛЕРЬЕВИЧ КОРЗУН УЛ. СЛОБОДСКАЯ Д.65 КВ.27, Г. МИНСК, Belarus, 220051</UserInfo>
  <BancInfo>BELARUSBANK Head Office  </BancInfo>
  <ReportInfo>ECMC Выписка по счету клиента No. 4826182-2012/1031</ReportInfo>
  <PeriodInfo>Расчетный цикл 01-10-2012по31-10-2012</PeriodInfo>
  <CreationInfo>Сформировано 01-11-2012 11:12:23</CreationInfo>
  <AccountNumber>001458000681</AccountNumber>
  <AccountCurrency>BYR</AccountCurrency>
  <ImmutableBalance>0.00</ImmutableBalance>
  <MinBalance>0.00</MinBalance>
  <AvailibleCredit>0.00</AvailibleCredit>
  <PrevBalance>74750.00</PrevBalance>
  <TransactionItems>
    <TransactionItem>
      <RegistrationDate>2012-10-01T00:00:00</RegistrationDate>
      <TransactionDate>2012-09-28T00:00:00</TransactionDate>
      <TransactionCode>396857/73601</TransactionCode>
      <Description>Платежи в счет</Description>
      <Currency />
      <AmountByCurrency>0</AmountByCurrency>
      <AmountByAccount>30.00</AmountByAccount>
    </TransactionItem>
    <TransactionItem>
      <RegistrationDate>2012-10-31T00:00:00</RegistrationDate>
      <TransactionDate>2012-10-31T00:00:00</TransactionDate>
      <TransactionCode>402005/66179</TransactionCode>
      <Description>Платежи в счет</Description>
      <Currency />
      <AmountByCurrency>0</AmountByCurrency>
      <AmountByAccount>30.00</AmountByAccount>
    </TransactionItem>
  </TransactionItems>
</MontlyReport>