<?xml version="1.0"?>
<MontlyReport xmlns:xsi="http://www.w3.org/2001/XMLSchema-instance" xmlns:xsd="http://www.w3.org/2001/XMLSchema">
  <UserInfo>АЛЕКСАНДР ВАЛЕРЬЕВИЧ КОРЗУН СЛОБОДСКАЯ, д.65, кв.27, Минск, Belarus,</UserInfo>
  <BancInfo>БЕЛИНВЕСТБАНК ГОПЕРу пр.Машерова, 29 Минск 220002</BancInfo>
  <ReportInfo>EC/MC Выписка по картам 1642095-2014/0401</ReportInfo>
  <PeriodInfo>Расчетный цикл 04-03-2014по01-04-2014</PeriodInfo>
  <CreationInfo>Сформировано 01-04-2014 21:25:15</CreationInfo>
  <AccountNumber>739001RUB0000A05A1A</AccountNumber>
  <AccountCurrency>RUB</AccountCurrency>
  <ImmutableBalance>10000.00</ImmutableBalance>
  <MinBalance>0.00</MinBalance>
  <AvailibleCredit>0.00</AvailibleCredit>
  <PrevBalance>116760.24</PrevBalance>
  <TransactionItems>
    <TransactionItem>
      <RegistrationDate>2014-03-31T00:00:00</RegistrationDate>
      <TransactionDate>2014-03-31T00:00:00</TransactionDate>
      <TransactionCode>3591341/40562644</TransactionCode>
      <Description>Зачисление на счет - начисл. проц-в: КОРЗУН АЛЕКСАНДР ВАЛЕРЬЕВИЧ; 6901878588014-&gt;3014775405034-91kRUB-A05A1A = 694,16 RUB</Description>
      <Currency />
      <AmountByCurrency>0</AmountByCurrency>
      <AmountByAccount>694.16</AmountByAccount>
    </TransactionItem>
  </TransactionItems>
</MontlyReport>