<?xml version="1.0"?>
<MontlyReport xmlns:xsi="http://www.w3.org/2001/XMLSchema-instance" xmlns:xsd="http://www.w3.org/2001/XMLSchema">
  <UserInfo>АЛЕКСАНДР ВАЛЕРЬЕВИЧ КОРЗУН СЛОБОДСКАЯ, д.65, кв.27, Минск, Belarus,</UserInfo>
  <BancInfo>БЕЛИНВЕСТБАНК ГОПЕРу пр.Машерова, 29 Минск 220002</BancInfo>
  <ReportInfo>EC/MC Выписка по картам 1642095-2014/0804</ReportInfo>
  <PeriodInfo>Расчетный цикл 02-07-2014по04-08-2014</PeriodInfo>
  <CreationInfo>Сформировано 04-08-2014 22:04:09</CreationInfo>
  <AccountNumber>739001RUB0000A05A1A</AccountNumber>
  <AccountCurrency>RUB</AccountCurrency>
  <ImmutableBalance>10000.00</ImmutableBalance>
  <MinBalance>0.00</MinBalance>
  <AvailibleCredit>0.00</AvailibleCredit>
  <PrevBalance>119516.41</PrevBalance>
  <TransactionItems>
    <TransactionItem>
      <RegistrationDate>2014-07-31T00:00:00</RegistrationDate>
      <TransactionDate>2014-07-31T00:00:00</TransactionDate>
      <TransactionCode>3765803/82422155</TransactionCode>
      <Description>Зачисление на счет - начисл. проц-в: КОРЗУН АЛЕКСАНДР ВАЛЕРЬЕВИЧ; 6901878588014-&gt;3014775405034-91kRUB-A05A1A = 710,55 RUB</Description>
      <Currency />
      <AmountByCurrency>0</AmountByCurrency>
      <AmountByAccount>710.55</AmountByAccount>
    </TransactionItem>
  </TransactionItems>
</MontlyReport>