<?xml version="1.0"?>
<MontlyReport xmlns:xsi="http://www.w3.org/2001/XMLSchema-instance" xmlns:xsd="http://www.w3.org/2001/XMLSchema">
  <UserInfo>АЛЕКСАНДР ВАЛЕРЬЕВИЧ КОРЗУН СЛОБОДСКАЯ, д.65, кв.27, Минск, Belarus,</UserInfo>
  <BancInfo>БЕЛИНВЕСТБАНК ГОПЕРу пр.Машерова, 29 Минск 220002</BancInfo>
  <ReportInfo>EC/MC Выписка по картам 1570384-2015/0301</ReportInfo>
  <PeriodInfo>Расчетный цикл 03-02-2015по01-03-2015</PeriodInfo>
  <CreationInfo>Сформировано 02-03-2015 10:31:41</CreationInfo>
  <AccountNumber>739001BYR00009AFD63</AccountNumber>
  <AccountCurrency>BYR</AccountCurrency>
  <ImmutableBalance>500000.00</ImmutableBalance>
  <MinBalance>0.00</MinBalance>
  <AvailibleCredit>0.00</AvailibleCredit>
  <PrevBalance>4377571.00</PrevBalance>
  <TransactionItems>
    <TransactionItem>
      <RegistrationDate>2015-02-27T00:00:00</RegistrationDate>
      <TransactionDate>2015-02-27T00:00:00</TransactionDate>
      <TransactionCode>4107224/56710614</TransactionCode>
      <Description>Зачисление на счет - начисл. проц-в: КОРЗУН АЛЕКСАНДР ВАЛЕРЬЕВИЧ; 9041251010024-&gt;3014775400013-91kBYR-9AFD63 = 34534,00 BYR</Description>
      <Currency />
      <AmountByCurrency>0</AmountByCurrency>
      <AmountByAccount>34534.00</AmountByAccount>
    </TransactionItem>
    <TransactionItem>
      <RegistrationDate>2015-02-03T00:00:00</RegistrationDate>
      <TransactionDate>2015-01-30T00:00:00</TransactionDate>
      <TransactionCode>1150203/3506</TransactionCode>
      <Description>Оплата товаров и услуг - SILVERSCREEN.BY - SILVERSCREENB</Description>
      <Currency>BYR</Currency>
      <AmountByCurrency>-150000.00</AmountByCurrency>
      <AmountByAccount>-150000.00</AmountByAccount>
    </TransactionItem>
    <TransactionItem>
      <RegistrationDate>2015-02-03T00:00:00</RegistrationDate>
      <TransactionDate>2015-02-02T00:00:00</TransactionDate>
      <TransactionCode>0459247/0922283</TransactionCode>
      <Description>Оплата товаров и услуг - HYPERMARKET "PROSTORE" BAPB - MINSK</Description>
      <Currency>BYR</Currency>
      <AmountByCurrency>-61150.00</AmountByCurrency>
      <AmountByAccount>-61150.00</AmountByAccount>
    </TransactionItem>
    <TransactionItem>
      <RegistrationDate>2015-02-03T00:00:00</RegistrationDate>
      <TransactionDate>2015-02-02T00:00:00</TransactionDate>
      <TransactionCode>9999334/7772958</TransactionCode>
      <Description>Зачисление перевода / Возврат покупки - VIRTUAL FOR INTERNET BANKIN - MINSK</Description>
      <Currency>BYR</Currency>
      <AmountByCurrency>823051.00</AmountByCurrency>
      <AmountByAccount>823051.00</AmountByAccount>
    </TransactionItem>
    <TransactionItem>
      <RegistrationDate>2015-02-04T00:00:00</RegistrationDate>
      <TransactionDate>2015-02-03T00:00:00</TransactionDate>
      <TransactionCode>4423378/2644848</TransactionCode>
      <Description>Оплата товаров и услуг - PIZZERIA "PIZZA TEMPO" - MINSK</Description>
      <Currency>BYR</Currency>
      <AmountByCurrency>-280100.00</AmountByCurrency>
      <AmountByAccount>-280100.00</AmountByAccount>
    </TransactionItem>
    <TransactionItem>
      <RegistrationDate>2015-02-05T00:00:00</RegistrationDate>
      <TransactionDate>2015-02-03T00:00:00</TransactionDate>
      <TransactionCode>0114967/3127462</TransactionCode>
      <Description>Оплата товаров и услуг - UNIVERSAM "EVROPEISKIY" - MINSK</Description>
      <Currency>BYR</Currency>
      <AmountByCurrency>-41600.00</AmountByCurrency>
      <AmountByAccount>-41600.00</AmountByAccount>
    </TransactionItem>
    <TransactionItem>
      <RegistrationDate>2015-02-06T00:00:00</RegistrationDate>
      <TransactionDate>2015-02-05T00:00:00</TransactionDate>
      <TransactionCode>1787018/6287198</TransactionCode>
      <Description>Оплата товаров и услуг - HYPERMARKET "PROSTORE" - MINSK</Description>
      <Currency>BYR</Currency>
      <AmountByCurrency>-93150.00</AmountByCurrency>
      <AmountByAccount>-93150.00</AmountByAccount>
    </TransactionItem>
    <TransactionItem>
      <RegistrationDate>2015-02-09T00:00:00</RegistrationDate>
      <TransactionDate>2015-02-08T00:00:00</TransactionDate>
      <TransactionCode>8483338/1485067</TransactionCode>
      <Description>Оплата товаров и услуг - KAFE "SKIF" - MINSK</Description>
      <Currency>BYR</Currency>
      <AmountByCurrency>-115000.00</AmountByCurrency>
      <AmountByAccount>-115000.00</AmountByAccount>
    </TransactionItem>
    <TransactionItem>
      <RegistrationDate>2015-02-09T00:00:00</RegistrationDate>
      <TransactionDate>2015-02-08T00:00:00</TransactionDate>
      <TransactionCode>774939H/8980767</TransactionCode>
      <Description>Оплата товаров и услуг - PT SHOP RUBLEVSKIJ-144 - MINSK</Description>
      <Currency>BYR</Currency>
      <AmountByCurrency>-51000.00</AmountByCurrency>
      <AmountByAccount>-51000.00</AmountByAccount>
    </TransactionItem>
    <TransactionItem>
      <RegistrationDate>2015-02-11T00:00:00</RegistrationDate>
      <TransactionDate>2015-02-10T00:00:00</TransactionDate>
      <TransactionCode>1791023/4670802</TransactionCode>
      <Description>Оплата товаров и услуг - HYPERMARKET "PROSTORE" - MINSK</Description>
      <Currency>BYR</Currency>
      <AmountByCurrency>-184200.00</AmountByCurrency>
      <AmountByAccount>-184200.00</AmountByAccount>
    </TransactionItem>
    <TransactionItem>
      <RegistrationDate>2015-02-11T00:00:00</RegistrationDate>
      <TransactionDate>2015-02-10T00:00:00</TransactionDate>
      <TransactionCode>4362530/4597067</TransactionCode>
      <Description>Оплата товаров и услуг - KAFE"LYUDYAM NRAVITSYA"BAPB - MINSK</Description>
      <Currency>BYR</Currency>
      <AmountByCurrency>-70000.00</AmountByCurrency>
      <AmountByAccount>-70000.00</AmountByAccount>
    </TransactionItem>
    <TransactionItem>
      <RegistrationDate>2015-02-12T00:00:00</RegistrationDate>
      <TransactionDate>2015-02-11T00:00:00</TransactionDate>
      <TransactionCode>999942R/9699196</TransactionCode>
      <Description>Оплата товаров и услуг - VIRTUAL FOR INTERNET BANKIN - MINSK</Description>
      <Currency>BYR</Currency>
      <AmountByCurrency>-50000.00</AmountByCurrency>
      <AmountByAccount>-50000.00</AmountByAccount>
    </TransactionItem>
    <TransactionItem>
      <RegistrationDate>2015-02-12T00:00:00</RegistrationDate>
      <TransactionDate>2015-02-11T00:00:00</TransactionDate>
      <TransactionCode>999942R/9696692</TransactionCode>
      <Description>Оплата товаров и услуг - VIRTUAL FOR INTERNET BANKIN - MINSK</Description>
      <Currency>BYR</Currency>
      <AmountByCurrency>-100000.00</AmountByCurrency>
      <AmountByAccount>-100000.00</AmountByAccount>
    </TransactionItem>
    <TransactionItem>
      <RegistrationDate>2015-02-13T00:00:00</RegistrationDate>
      <TransactionDate>2015-02-12T00:00:00</TransactionDate>
      <TransactionCode>1785027/8321295</TransactionCode>
      <Description>Оплата товаров и услуг - HYPERMARKET "PROSTORE" - MINSK</Description>
      <Currency>BYR</Currency>
      <AmountByCurrency>-248300.00</AmountByCurrency>
      <AmountByAccount>-248300.00</AmountByAccount>
    </TransactionItem>
    <TransactionItem>
      <RegistrationDate>2015-02-13T00:00:00</RegistrationDate>
      <TransactionDate>2015-02-11T00:00:00</TransactionDate>
      <TransactionCode>1150213/4553</TransactionCode>
      <Description>Оплата товаров и услуг - SILVERSCREEN.BY - SILVERSCREENB</Description>
      <Currency>BYR</Currency>
      <AmountByCurrency>-150000.00</AmountByCurrency>
      <AmountByAccount>-150000.00</AmountByAccount>
    </TransactionItem>
    <TransactionItem>
      <RegistrationDate>2015-02-16T00:00:00</RegistrationDate>
      <TransactionDate>2015-02-14T00:00:00</TransactionDate>
      <TransactionCode>999945W/0274880</TransactionCode>
      <Description>Оплата товаров и услуг - VIRTUAL FOR INTERNET BANKIN - MINSK</Description>
      <Currency>BYR</Currency>
      <AmountByCurrency>-20000.00</AmountByCurrency>
      <AmountByAccount>-20000.00</AmountByAccount>
    </TransactionItem>
    <TransactionItem>
      <RegistrationDate>2015-02-16T00:00:00</RegistrationDate>
      <TransactionDate>2015-02-13T00:00:00</TransactionDate>
      <TransactionCode>4423388/1029726</TransactionCode>
      <Description>Оплата товаров и услуг - PIZZERIA "PIZZA TEMPO" - MINSK</Description>
      <Currency>BYR</Currency>
      <AmountByCurrency>-292200.00</AmountByCurrency>
      <AmountByAccount>-292200.00</AmountByAccount>
    </TransactionItem>
    <TransactionItem>
      <RegistrationDate>2015-02-16T00:00:00</RegistrationDate>
      <TransactionDate>2015-02-14T00:00:00</TransactionDate>
      <TransactionCode>999945W/0272753</TransactionCode>
      <Description>Оплата товаров и услуг - VIRTUAL FOR INTERNET BANKIN - MINSK</Description>
      <Currency>BYR</Currency>
      <AmountByCurrency>-50000.00</AmountByCurrency>
      <AmountByAccount>-50000.00</AmountByAccount>
    </TransactionItem>
    <TransactionItem>
      <RegistrationDate>2015-02-19T00:00:00</RegistrationDate>
      <TransactionDate>2015-02-18T00:00:00</TransactionDate>
      <TransactionCode>999749K/1131458</TransactionCode>
      <Description>Оплата товаров и услуг - SMS Opoveschenie - MINSK</Description>
      <Currency>BYR</Currency>
      <AmountByCurrency>-2000.00</AmountByCurrency>
      <AmountByAccount>-2000.00</AmountByAccount>
    </TransactionItem>
    <TransactionItem>
      <RegistrationDate>2015-02-23T00:00:00</RegistrationDate>
      <TransactionDate>2015-02-20T00:00:00</TransactionDate>
      <TransactionCode>9999516/1855692</TransactionCode>
      <Description>Оплата товаров и услуг - VIRTUAL FOR INTERNET BANKIN - MINSK</Description>
      <Currency>BYR</Currency>
      <AmountByCurrency>-44650.00</AmountByCurrency>
      <AmountByAccount>-44650.00</AmountByAccount>
    </TransactionItem>
    <TransactionItem>
      <RegistrationDate>2015-02-25T00:00:00</RegistrationDate>
      <TransactionDate>2015-02-24T00:00:00</TransactionDate>
      <TransactionCode>999955C/2797765</TransactionCode>
      <Description>Оплата товаров и услуг - VIRTUAL FOR INTERNET BANKIN - MINSK</Description>
      <Currency>BYR</Currency>
      <AmountByCurrency>-437466.00</AmountByCurrency>
      <AmountByAccount>-437466.00</AmountByAccount>
    </TransactionItem>
    <TransactionItem>
      <RegistrationDate>2015-02-25T00:00:00</RegistrationDate>
      <TransactionDate>2015-02-24T00:00:00</TransactionDate>
      <TransactionCode>999955C/2797748</TransactionCode>
      <Description>Оплата товаров и услуг - VIRTUAL FOR INTERNET BANKIN - MINSK</Description>
      <Currency>BYR</Currency>
      <AmountByCurrency>-141375.00</AmountByCurrency>
      <AmountByAccount>-141375.00</AmountByAccount>
    </TransactionItem>
  </TransactionItems>
</MontlyReport>