<?xml version="1.0"?>
<MontlyReport xmlns:xsi="http://www.w3.org/2001/XMLSchema-instance" xmlns:xsd="http://www.w3.org/2001/XMLSchema">
  <UserInfo>АЛЕКСАНДР ВАЛЕРЬЕВИЧ КОРЗУН УЛ. СЛОБОДСКАЯ Д.65 КВ.27, Г. МИНСК, Belarus, 220051</UserInfo>
  <BancInfo>BELARUSBANK Head Office  </BancInfo>
  <ReportInfo>ECMC Выписка по счету клиента No. 4826182-2013/0601</ReportInfo>
  <PeriodInfo>Расчетный цикл 01-05-2013по01-06-2013</PeriodInfo>
  <CreationInfo>Сформировано 03-06-2013 09:01:31</CreationInfo>
  <AccountNumber>001458000681</AccountNumber>
  <AccountCurrency>BYR</AccountCurrency>
  <ImmutableBalance>0.00</ImmutableBalance>
  <MinBalance>0.00</MinBalance>
  <AvailibleCredit>0.00</AvailibleCredit>
  <PrevBalance>74961.00</PrevBalance>
  <TransactionItems>
    <TransactionItem>
      <RegistrationDate>2013-05-02T00:00:00</RegistrationDate>
      <TransactionDate>2013-04-30T00:00:00</TransactionDate>
      <TransactionCode>437827/126958</TransactionCode>
      <Description>Ежемесячная капитализация</Description>
      <Currency />
      <AmountByCurrency>0</AmountByCurrency>
      <AmountByAccount>31.00</AmountByAccount>
    </TransactionItem>
    <TransactionItem>
      <RegistrationDate>2013-05-31T00:00:00</RegistrationDate>
      <TransactionDate>2013-05-31T00:00:00</TransactionDate>
      <TransactionCode>441649/75163</TransactionCode>
      <Description>Ежемесячная капитализация</Description>
      <Currency />
      <AmountByCurrency>0</AmountByCurrency>
      <AmountByAccount>31.00</AmountByAccount>
    </TransactionItem>
  </TransactionItems>
</MontlyReport>