<?xml version="1.0"?>
<MontlyReport xmlns:xsi="http://www.w3.org/2001/XMLSchema-instance" xmlns:xsd="http://www.w3.org/2001/XMLSchema">
  <UserInfo>АЛЕКСАНДР ВАЛЕРЬЕВИЧ КОРЗУН СЛОБОДСКАЯ, д.65, кв.27, Минск, Belarus,</UserInfo>
  <BancInfo>БЕЛИНВЕСТБАНК ГОПЕРу пр.Машерова, 29 Минск 220002</BancInfo>
  <ReportInfo>EC/MC Выписка по картам 1642094-2015/0701</ReportInfo>
  <PeriodInfo>Расчетный цикл 02-06-2015по01-07-2015</PeriodInfo>
  <CreationInfo>Сформировано 02-07-2015 12:24:04</CreationInfo>
  <AccountNumber>739001USD0000A05A15</AccountNumber>
  <AccountCurrency>USD</AccountCurrency>
  <ImmutableBalance>300.00</ImmutableBalance>
  <MinBalance>0.00</MinBalance>
  <AvailibleCredit>0.00</AvailibleCredit>
  <PrevBalance>7887.17</PrevBalance>
  <TransactionItems>
    <TransactionItem>
      <RegistrationDate>2015-06-30T00:00:00</RegistrationDate>
      <TransactionDate>2015-06-30T00:00:00</TransactionDate>
      <TransactionCode>4309690/02921441</TransactionCode>
      <Description>Зачисление на счет - начисл. проц-в: КОРЗУН АЛЕКСАНДР ВАЛЕРЬЕВИЧ; 6901870015019-&gt;3014775405018-91kUSD-A05A15 = 33,75 USD</Description>
      <Currency />
      <AmountByCurrency>0</AmountByCurrency>
      <AmountByAccount>33.75</AmountByAccount>
    </TransactionItem>
    <TransactionItem>
      <RegistrationDate>2015-06-05T00:00:00</RegistrationDate>
      <TransactionDate>2015-06-04T00:00:00</TransactionDate>
      <TransactionCode>9999E5I/5675756</TransactionCode>
      <Description>Перевод средств - VIRTUAL FOR INTERNET BANKIN - MINSK</Description>
      <Currency>USD</Currency>
      <AmountByCurrency>-100.00</AmountByCurrency>
      <AmountByAccount>-100.00</AmountByAccount>
    </TransactionItem>
    <TransactionItem>
      <RegistrationDate>2015-06-09T00:00:00</RegistrationDate>
      <TransactionDate>2015-06-08T00:00:00</TransactionDate>
      <TransactionCode>9999E9M/6513969</TransactionCode>
      <Description>Перевод средств - VIRTUAL FOR INTERNET BANKIN - MINSK</Description>
      <Currency>USD</Currency>
      <AmountByCurrency>-100.00</AmountByCurrency>
      <AmountByAccount>-100.00</AmountByAccount>
    </TransactionItem>
    <TransactionItem>
      <RegistrationDate>2015-06-22T00:00:00</RegistrationDate>
      <TransactionDate>2015-06-21T00:00:00</TransactionDate>
      <TransactionCode>9999G20/9666761</TransactionCode>
      <Description>Перевод средств - VIRTUAL FOR INTERNET BANKIN - MINSK</Description>
      <Currency>USD</Currency>
      <AmountByCurrency>-100.00</AmountByCurrency>
      <AmountByAccount>-100.00</AmountByAccount>
    </TransactionItem>
    <TransactionItem>
      <RegistrationDate>2015-06-29T00:00:00</RegistrationDate>
      <TransactionDate>2015-06-28T00:00:00</TransactionDate>
      <TransactionCode>9999G97/1452391</TransactionCode>
      <Description>Перевод средств - VIRTUAL FOR INTERNET BANKIN - MINSK</Description>
      <Currency>USD</Currency>
      <AmountByCurrency>-200.00</AmountByCurrency>
      <AmountByAccount>-200.00</AmountByAccount>
    </TransactionItem>
  </TransactionItems>
</MontlyReport>