<?xml version="1.0"?>
<MontlyReport xmlns:xsi="http://www.w3.org/2001/XMLSchema-instance" xmlns:xsd="http://www.w3.org/2001/XMLSchema">
  <UserInfo>АЛЕКСАНДР ВАЛЕРЬЕВИЧ КОРЗУН СЛОБОДСКАЯ, д.65, кв.27, Минск, Belarus,</UserInfo>
  <BancInfo>БЕЛИНВЕСТБАНК ГОПЕРу пр.Машерова, 29 Минск 220002</BancInfo>
  <ReportInfo>EC/MC Выписка по картам 1642095-2015/0701</ReportInfo>
  <PeriodInfo>Расчетный цикл 02-06-2015по01-07-2015</PeriodInfo>
  <CreationInfo>Сформировано 02-07-2015 12:24:04</CreationInfo>
  <AccountNumber>739001RUB0000A05A1A</AccountNumber>
  <AccountCurrency>RUB</AccountCurrency>
  <ImmutableBalance>10000.00</ImmutableBalance>
  <MinBalance>0.00</MinBalance>
  <AvailibleCredit>0.00</AvailibleCredit>
  <PrevBalance>29947.39</PrevBalance>
  <TransactionItems>
    <TransactionItem>
      <RegistrationDate>2015-06-30T00:00:00</RegistrationDate>
      <TransactionDate>2015-06-30T00:00:00</TransactionDate>
      <TransactionCode>4309688/02921966</TransactionCode>
      <Description>Зачисление на счет - начисл. проц-в: КОРЗУН АЛЕКСАНДР ВАЛЕРЬЕВИЧ; 6901878588014-&gt;3014775405034-91kRUB-A05A1A = 52,51 RUB</Description>
      <Currency />
      <AmountByCurrency>0</AmountByCurrency>
      <AmountByAccount>52.51</AmountByAccount>
    </TransactionItem>
  </TransactionItems>
</MontlyReport>