<?xml version="1.0"?>
<MontlyReport xmlns:xsi="http://www.w3.org/2001/XMLSchema-instance" xmlns:xsd="http://www.w3.org/2001/XMLSchema">
  <UserInfo>АЛЕКСАНДР ВАЛЕРЬЕВИЧ КОРЗУН УЛ. СЛОБОДСКАЯ Д.65 КВ.27, Г. МИНСК, Belarus, 220051</UserInfo>
  <BancInfo>BELARUSBANK Head Office  </BancInfo>
  <ReportInfo>ECMC Выписка по счету клиента No. 4826182-2015/0102</ReportInfo>
  <PeriodInfo>Расчетный цикл 01-12-2014по02-01-2015</PeriodInfo>
  <CreationInfo>Сформировано 05-01-2015 09:46:38</CreationInfo>
  <AccountNumber>001458000681</AccountNumber>
  <AccountCurrency>BYR</AccountCurrency>
  <ImmutableBalance>0.00</ImmutableBalance>
  <MinBalance>0.00</MinBalance>
  <AvailibleCredit>0.00</AvailibleCredit>
  <PrevBalance>75584.00</PrevBalance>
  <TransactionItems>
    <TransactionItem>
      <RegistrationDate>2014-12-31T00:00:00</RegistrationDate>
      <TransactionDate>2014-12-31T00:00:00</TransactionDate>
      <TransactionCode>523134/136992</TransactionCode>
      <Description>Ежемесячная капитализация</Description>
      <Currency />
      <AmountByCurrency>0</AmountByCurrency>
      <AmountByAccount>32.00</AmountByAccount>
    </TransactionItem>
  </TransactionItems>
</MontlyReport>