<?xml version="1.0"?>
<MontlyReport xmlns:xsi="http://www.w3.org/2001/XMLSchema-instance" xmlns:xsd="http://www.w3.org/2001/XMLSchema">
  <UserInfo>АЛЕКСАНДР ВАЛЕРЬЕВИЧ КОРЗУН УЛ. СЛОБОДСКАЯ Д.65 КВ.27, Г. МИНСК, Belarus, 220051</UserInfo>
  <BancInfo>BELARUSBANK Head Office  </BancInfo>
  <ReportInfo>ECMC Выписка по счету клиента No. 4826182-2013/0330</ReportInfo>
  <PeriodInfo>Расчетный цикл 01-03-2013по30-03-2013</PeriodInfo>
  <CreationInfo>Сформировано 01-04-2013 08:49:25</CreationInfo>
  <AccountNumber>001458000681</AccountNumber>
  <AccountCurrency>BYR</AccountCurrency>
  <ImmutableBalance>0.00</ImmutableBalance>
  <MinBalance>0.00</MinBalance>
  <AvailibleCredit>0.00</AvailibleCredit>
  <PrevBalance>74900.00</PrevBalance>
  <TransactionItems>
    <TransactionItem>
      <RegistrationDate>2013-03-01T00:00:00</RegistrationDate>
      <TransactionDate>2013-02-28T00:00:00</TransactionDate>
      <TransactionCode>430921/81305</TransactionCode>
      <Description>Платежи в счет</Description>
      <Currency />
      <AmountByCurrency>0</AmountByCurrency>
      <AmountByAccount>30.00</AmountByAccount>
    </TransactionItem>
  </TransactionItems>
</MontlyReport>